1.063638186620236405e-04
2.427179141169469464e-05
5.792250614034872734e-05
5.656016201164334577e-05
1.667337418778390185e-04
3.804796269123775205e-05
9.728503929987811802e-05
9.499688378084858995e-05
3.905264501358611290e-04
3.191622948059783535e-04
1.670260008866965014e-04
6.431076194814170581e-05
6.121812581806998542e-04
5.003122711155423867e-04
2.805322515049919123e-04
1.080145770690647334e-04
3.241431968553998635e-04
1.470138073296291031e-04
9.374677989207181976e-04
1.290342456123383949e-04
5.652003308493619817e-04
2.563442742227230718e-04
5.029778377841828945e-04
6.923050149874628424e-05
2.949807404374856553e-04
2.539073490055731869e-04
1.208552934786771100e-03
8.568388724877951850e-04
5.143504898664642399e-04
4.427318514016305938e-04
6.484226366885449374e-04
4.597181512895845575e-04
5.984226188169468364e-06
1.365576110624446295e-06
5.716288097615666038e-06
5.581840332028563486e-06
1.524342383444175678e-06
3.478487406373328053e-07
6.410880654613778940e-06
6.260095990730598592e-06
2.197174414639819855e-05
1.795666408821901532e-05
1.648355370790623454e-05
6.346735795271024370e-06
5.596790593704371851e-06
4.574042369764628095e-06
1.848648874597157653e-05
7.117934756790747971e-06
4.446673001985693889e-04
2.016770163044370083e-04
1.374736320802657759e-04
1.892204343177170795e-05
3.256730341235674806e-04
1.477076587001652003e-04
3.903525032609812882e-04
5.372860896038978882e-05
4.046615530833608016e-04
3.483161037411828978e-04
1.772265262846140876e-04
1.256499178361844722e-04
2.963729415834324130e-04
2.551056987748686342e-04
5.032297258215677818e-04
3.567793999452496009e-04
1.488177597531280131e-04
3.395960833788002757e-05
8.104163343818685764e-05
7.913552472756429023e-05
2.332836697069017062e-04
5.323438592283491374e-05
1.361152860833873064e-04
1.329138386119426850e-04
2.483470295403973085e-04
2.029645055508694001e-04
1.062166497603225871e-04
4.089706777029900086e-05
3.893037128639778859e-04
3.181629985137469268e-04
1.783985472105844845e-04
6.868958390099388651e-05
6.127839117332884128e-05
2.779256106813871382e-05
1.772257417461401070e-04
2.439357374794936327e-05
1.068495877781218758e-04
4.846118895369133932e-05
9.508659442574644936e-05
1.308783831689797091e-05
3.767720106958121731e-05
3.243099270596181875e-05
1.543656438710571148e-04
1.094420280967381117e-04
6.569678684172724733e-05
5.654910541084061615e-05
8.282150903936675516e-05
5.871872582523602393e-05
8.372763843776397953e-06
1.910630702356294836e-06
7.997881229647536887e-06
7.809770126359083113e-06
2.132766775906481961e-06
4.866887158224735146e-07
8.969712718719137365e-06
8.758744024980096024e-06
1.397246560554679461e-05
1.141916043129088891e-05
1.048236706682471571e-05
4.036072285206097872e-06
3.559160508648174227e-06
2.908765424538534168e-06
1.175609120738641299e-05
4.526499940519668247e-06
8.406314563409308049e-05
3.812649229003010497e-05
2.598901684304308509e-05
3.577160929057174161e-06
6.156760275469092848e-05
2.792373178562512851e-05
7.379508076174529421e-05
1.015724762701814853e-05
5.168647511711683208e-05
4.448960246342217498e-05
2.263673030241086906e-05
1.604897055878660829e-05
3.785502367056643188e-05
3.258405512333344069e-05
6.427635762202458332e-05
4.557059952214241941e-05
7.952071430018166714e-06
1.814630402219760706e-06
4.330456653660685350e-06
4.228603805953563207e-06
1.246550417129938836e-05
2.844577422034730777e-06
7.273315224258391267e-06
7.102245998282868077e-06
1.582896928599625628e-06
1.293640971046739341e-06
6.769962539230128620e-07
2.606668703955921720e-07
2.481316778884938041e-06
2.027885069024094318e-06
1.137064183811126240e-06
4.378088660246417667e-07
2.484109738746923847e-05
1.126657705793869879e-05
7.184395389607586694e-05
9.888692073968253756e-06
4.331479604775467042e-05
1.964524673805661091e-05
3.854630167576644621e-05
5.305561389526484432e-06
2.018260159332194606e-05
1.737235745966288190e-05
8.268927100483250111e-05
5.862497181153174589e-05
3.519189422641247046e-05
3.029174228887189093e-05
4.436511929886385771e-05
3.145394604046196395e-05
1.070523293159936447e-05
2.442890674647775847e-06
1.022591621120250212e-05
9.985401464185012698e-06
2.726909005301309996e-06
6.222695594040079958e-07
1.146847872161030902e-05
1.119873875881051759e-05
2.130926573849134377e-06
1.741524588503865820e-06
1.598655181564403026e-06
6.155372952292268615e-07
5.428039633507471247e-07
4.436128679953302156e-07
1.792909559818057929e-06
6.903319200836505831e-07
1.385099163944895656e-06
6.282060015329086985e-07
4.282181594504774772e-07
5.894048545007071445e-08
1.014442589060435792e-06
4.600962438265548942e-07
1.215913393382286787e-06
1.673598470535737605e-07
1.125349019695266127e-06
9.686543801913075146e-07
4.928605055230007709e-07
3.494278386081623160e-07
8.242023407803505961e-07
7.094396436911683572e-07
1.399463512952411569e-06
9.921904982486491149e-07
3.332514176762851036e-05
7.604661998073139401e-06
1.814786036215004460e-05
1.772102056082940140e-05
5.223980913267116909e-05
1.192091226701745926e-05
3.048064433300844302e-05
2.976373600819228528e-05
3.652392593877190716e-05
2.984960433252763936e-05
1.562108093859623361e-05
6.014654079493875433e-06
5.725415763034096765e-05
4.679162789133918234e-05
2.623673549855766500e-05
1.010204663936543743e-05
9.135069347134215634e-05
4.143172949397094394e-05
2.641990773499514858e-04
3.636469292766597670e-05
1.592859041134033155e-04
7.224346352115501775e-05
1.417502348593126379e-04
1.951068041110396611e-05
5.614765155623433623e-05
4.832960056439141442e-05
2.300401340407267194e-04
1.630936663218428674e-04
9.790324629319665378e-05
8.427110762715514687e-05
1.234230011490491182e-04
8.750433853546476506e-05
4.486295278414257639e-05
1.023754361010170011e-05
4.285425633323761531e-05
4.184631920489308707e-05
1.142779337293771902e-05
2.607776032611784079e-06
4.806152492720017677e-05
4.693111223161434400e-05
4.916921813290903685e-05
4.018411681886211963e-05
3.688753348251712182e-05
1.420297062765402852e-05
1.252471427450038347e-05
1.023596877560551065e-05
4.136977891266998913e-05
1.592878946616677017e-05
5.093566003922545354e-06
2.310165810623099658e-06
1.574730182514217547e-06
2.167478407019782423e-07
3.730512889671321219e-06
1.691958703817852528e-06
4.471401965623096400e-06
6.154493841046558548e-07
3.130701676136077630e-06
2.694779875920334719e-06
1.371129475156038475e-06
9.721022552766898803e-07
2.292916779236232496e-06
1.973648923800332797e-06
3.893283496064014424e-06
2.760256952775840440e-06
1.016981298234415319e-05
2.320710016887859074e-06
5.538171366221802643e-06
5.407912927019344876e-06
1.594199036922585636e-05
3.637897452315236446e-06
9.301759452653130493e-06
9.082980980840350854e-06
3.733958607823543833e-05
3.051621209188012067e-05
1.596993426499674853e-05
6.148974623061098893e-06
5.853276974547662244e-05
4.783658855070412465e-05
2.682265989703817193e-05
1.032764770932010579e-05
5.518476624358611060e-05
2.502882266470754020e-05
1.596021198230099475e-04
2.196783628536533059e-05
9.622428741774154940e-05
4.364212788699486462e-05
8.563102564884853094e-05
1.178636195113131390e-05
5.021991319060261890e-05
4.322724597749882480e-05
2.057538515267990579e-04
1.458751975835866261e-04
8.756719815784710231e-05
7.537426040469459338e-05
1.103927275964700354e-04
7.826614583605336984e-05
1.846006850967509848e-05
4.212512656546840307e-06
1.763353633117003974e-05
1.721879349129923429e-05
4.702272933167415034e-06
1.073039584610621133e-06
1.977620704335743932e-05
1.931106833737158095e-05
6.777817038757915497e-05
5.539250002432533814e-05
5.084826695428392633e-05
1.957833375769326066e-05
1.726491187755251479e-05
1.410995053611774916e-05
5.702689671533998835e-05
2.195731897927279136e-05
5.197032389784012036e-05
2.357092562329433740e-05
1.606717917740626691e-05
2.211506727656916687e-06
3.806291368993404466e-05
1.726327719940559785e-05
4.562230238145844588e-05
6.279511016449677846e-06
4.729466721153998971e-05
4.070931395715253172e-05
2.071328377460507816e-05
1.468528701068744424e-05
3.463847636596729826e-05
2.981538284374483306e-05
5.881478542337010331e-05
4.169845852607472050e-05
1.422898128497806209e-05
3.246995736842646788e-06
7.748671176134776996e-06
7.566421522494146344e-06
2.230505939517569527e-05
5.089923959814185381e-06
1.301445379565488169e-05
1.270835231803826830e-05
2.374531938508052045e-05
1.940613913143819912e-05
1.015574165408663340e-05
3.910310253825954841e-06
3.722267593399638017e-05
3.042066591336019344e-05
1.705730279596770826e-05
6.567648951452709283e-06
1.043253020729516859e-05
4.731630960436358565e-06
3.017234736217472470e-05
4.152959797353955213e-06
1.819094024481286581e-05
8.250425769351338692e-06
1.618831287279593714e-05
2.228179721674242598e-06
6.414472226807110590e-06
5.521315174553338845e-06
2.628045893205991222e-05
1.863229830622269755e-05
1.118475371375059164e-05
9.627378250277670123e-06
1.410020528154845225e-05
9.996752022632778896e-06
2.582820055782722308e-05
5.893890463551279790e-06
2.467176720749930389e-05
2.409148435305097355e-05
6.579133134410456448e-06
1.501331459484302955e-06
2.766966122153038515e-05
2.701886754873797513e-05
4.310209277139180731e-05
3.522568787612665364e-05
3.233587904476218700e-05
1.245042693108770922e-05
1.097925525550250490e-05
8.972924372696671039e-06
3.626504785587433930e-05
1.396329222585645181e-05
9.824848610464967177e-06
4.456019483592653533e-06
3.037456593988865774e-06
4.180793416443760668e-07
7.195690475431850276e-06
3.263575677112541185e-06
8.624772380479872290e-06
1.187124506009267168e-06
6.040837389604971933e-06
5.199705598045310901e-06
2.645659362132088544e-06
1.875717413433773887e-06
4.424291690531804835e-06
3.808249218929554120e-06
7.512275184386877037e-06
5.326046723757087889e-06
2.875996088445026500e-08
6.562906262457371125e-09
1.566180146482966950e-08
1.529343405995840779e-08
4.508352515775915788e-08
1.028787732988488887e-08
2.630512856817610621e-08
2.568642886321407569e-08
5.724804430049955925e-09
4.678663170124652716e-09
2.448467163945070932e-09
9.427441720593510854e-10
8.974086076902595196e-09
7.334176481757336148e-09
4.112377729162656481e-09
1.583407037090140383e-09
5.846142314761295419e-07
2.651493686191153325e-07
1.690786732889977218e-06
2.327220101010202140e-07
1.019377115593007584e-06
4.623342779422178395e-07
9.071546308494637535e-07
1.248619030756694920e-07
4.749804702919720383e-07
4.088437498068239698e-07
1.946022104651330445e-06
1.379689162130049381e-06
8.282114866528192177e-07
7.128905523801405685e-07
1.044095585581311999e-06
7.402420353865731713e-07
2.835478731130081529e-07
6.470447298716482055e-08
2.708522841908035352e-07
2.644818067425437403e-07
7.222722322496699146e-08
1.648195898205593635e-08
3.037638480294668442e-07
2.966192867448918076e-07
5.644152739464409321e-08
4.612749635616785763e-08
4.234333614877764990e-08
1.630364252689881351e-08
1.437716585046050408e-08
1.174990642514166431e-08
4.748852225996716574e-08
1.828471635623665994e-08
7.990470868635688460e-07
3.624045039818184335e-07
2.470339176846083217e-07
3.400205878622363898e-08
5.852197565916125016e-07
2.654240020327561560e-07
7.014458460095969268e-07
9.654788749219890686e-08
6.492003455776032519e-07
5.588050883411643124e-07
2.843253114431359171e-07
2.015807270532677837e-07
4.754724401904801526e-07
4.092672173611308834e-07
8.073337074376923814e-07
5.723827924213784144e-07
1.205258003704282262e-07
2.750349811728856430e-08
6.563469138137610394e-08
6.409095575249730419e-08
1.889337741101425168e-07
4.311391987906251426e-08
1.102382123280500625e-07
1.076453966622327277e-07
1.320947240715666581e-07
1.079559534361288659e-07
5.649618224893546271e-08
2.175297563434334306e-08
2.070689817630314955e-07
1.692295397139802005e-07
9.488942514094873421e-08
3.653569623435569886e-08
2.149861361821300373e-06
9.750607358056157527e-07
6.217701986046594430e-06
8.558123128447967877e-07
3.748659125873048777e-06
1.700188854253213993e-06
3.335971971014460530e-06
4.591673731719933764e-07
1.321387523736991843e-06
1.137396301411081748e-06
5.413800126186224831e-06
3.838271591152205176e-06
2.304070154307560245e-06
1.983249292599413453e-06
2.904656015705100839e-06
2.059340649320222805e-06
1.188278192991401246e-06
2.711602573333563611e-07
1.135074156234523730e-06
1.108377079132154949e-06
3.026862213998844883e-07
6.907176633396981429e-08
1.272998285861627275e-06
1.243057217075801327e-06
1.302337586981678130e-06
1.064350577863673651e-06
9.770344774543799676e-07
3.761919183907152335e-07
3.317401981417832650e-07
2.711185449320707348e-07
1.095755029039843351e-06
4.219034189405255293e-07
2.938417106245209375e-06
1.332706934782064801e-06
9.084429459551537280e-07
1.250392283853654930e-07
2.152088120903271917e-06
9.760706731845956743e-07
2.579498138350845128e-06
3.550453644634265592e-07
1.806064229387511540e-06
1.554586173787032350e-06
7.909881410337731067e-07
5.607941261043506137e-07
1.322756175558703795e-06
1.138574380885854390e-06
2.245988530527858516e-06
1.592359113717718132e-06
6.791019669465667499e-05
1.549683106186163021e-05
3.698183117642218763e-05
3.611201417558498411e-05
1.064546323081847146e-04
2.429251471690020581e-05
6.211366080504384204e-05
6.065274022772782224e-05
2.493397508363563112e-04
2.037758186048528825e-04
1.066412311631991623e-04
4.106054623103594451e-05
3.908598824186176879e-04
3.194347962267911020e-04
1.791116623918365038e-04
6.896415780218077243e-05
2.069559793225481180e-04
9.386402912356217175e-05
5.985458534721020425e-04
8.238460324299364619e-05
3.608639302602390160e-04
1.636683442076310180e-04
3.211366828179946066e-04
4.420165647670755448e-05
1.883366012638041742e-04
1.621124385161225659e-04
7.716258080021130925e-04
5.470666350478599164e-04
3.283977895511188414e-04
2.826713772585628406e-04
4.139989458136027331e-04
2.935166344241674024e-04
3.820753923805882975e-06
8.718805270493851461e-07
3.649683265941319718e-06
3.563842288050243198e-06
9.732481626917758971e-07
2.220912777843327352e-07
4.093160359578500558e-06
3.996888748501974657e-06
1.402831795131212276e-05
1.146480641209079587e-05
1.052426838949627891e-05
4.052205737323358945e-06
3.573387594187350193e-06
2.920392676079382796e-06
1.180308400661742298e-05
4.544593786439335431e-06
2.839071048785930785e-04
1.287648940994239087e-04
8.777290541405702805e-05
1.208117297292234545e-05
2.079327358089074569e-04
9.430703299125603868e-05
2.492286908289581050e-04
3.430415011917121938e-05
2.583646018950994843e-04
2.223896754980434344e-04
1.131539691870433296e-04
8.022380864339299044e-05
1.892254810995328300e-04
1.628775499004781727e-04
3.212975059849231332e-04
2.277932433384345862e-04
9.563691144324957237e-05
2.182395475274587514e-05
5.208095816790616548e-05
5.085600793171510828e-05
1.499184620029619258e-04
3.421078412068303583e-05
8.747373689016895478e-05
8.541634435298333988e-05
1.595988470109316879e-04
1.304340185989356156e-04
6.825954337558901529e-05
2.628227474412341079e-05
2.501838811003733397e-04
2.044656939054506249e-04
1.146468411397009275e-04
4.414298174835235060e-05
3.938021967102804378e-05
1.786073588302903775e-05
1.138931441849201903e-04
1.567639545298271786e-05
6.866629749725938086e-05
3.114331544895699791e-05
6.110687478175237371e-05
8.410827015358497656e-06
2.421304519096759275e-05
2.084159835883801526e-05
9.920222853284942674e-05
7.033231495098738568e-05
4.221967724625856849e-05
3.634097029375469998e-05
5.322478539344981742e-05
3.773526487110361705e-05
5.380710444713265461e-06
1.227856269205543983e-06
5.139794203072944514e-06
5.018905641408436697e-06
1.370610790102193065e-06
3.127678154324884873e-07
5.764336342480793614e-06
5.628758476546720740e-06
8.979327856959235996e-06
7.338460387626360221e-06
6.736435305494373378e-06
2.593759564444028978e-06
2.287274845035704363e-06
1.869302036109509307e-06
7.554987090147665849e-06
2.908930188691774808e-06
5.402271629397893633e-05
2.450177971252993841e-05
1.670169814703845938e-05
2.298842715802288814e-06
3.956607989658828770e-05
1.794503202021727309e-05
4.742400111025822591e-05
6.527499093009787218e-06
3.321602778989236448e-05
2.859099732449944659e-05
1.454736971506445263e-05
1.031378229743666485e-05
2.432732190344628423e-05
2.093996307605820698e-05
4.130684625268991964e-05
2.928569411436338673e-05
5.742385828053460602e-06
1.310389122704082705e-06
3.127128967065141316e-06
3.053578527488804510e-06
9.001646316027541499e-06
2.054139128256770424e-06
5.252239323339610136e-06
5.128706039276080340e-06
1.143048697443488074e-06
9.341698756233558747e-07
4.888756003244188014e-07
1.882339407506148798e-07
1.791819707779911260e-06
1.464385548314745157e-06
8.211019370445054397e-07
3.161525207338731750e-07
1.793836572601981171e-05
8.135871640181135389e-06
5.188028129712232565e-05
7.140867096488110960e-06
3.127867665156073852e-05
1.418631452823506710e-05
2.783522990390051679e-05
3.831276014206389404e-06
1.457435164946404531e-05
1.254500543087036252e-05
5.971195079533350876e-05
4.233453009863172973e-05
2.541293000780373213e-05
2.187441010276089791e-05
3.203714083351926980e-05
2.271366593832199090e-05
7.730511277900701877e-06
1.764071275394629751e-06
7.384384917419841411e-06
7.210703319251911117e-06
1.969167878362208098e-06
4.493561118756805241e-07
8.281669783763154685e-06
8.086883940442624903e-06
1.538794346351316887e-06
1.257597621480166869e-06
1.154428118427840839e-06
4.444945787860705719e-07
3.919720558331880600e-07
3.203437329174891018e-07
1.294703969636910719e-06
4.985056119562840995e-07
1.000214080002007267e-06
4.536429623460341634e-07
3.092268362757830030e-07
4.256237023594039851e-08
7.325538758121040145e-07
3.322467829095195212e-07
8.780408852895432580e-07
1.208546505603309626e-07
8.126421296868542490e-07
6.994890870943506251e-07
3.559066599224547915e-07
2.523304130262672324e-07
5.951767263155432731e-07
5.123037678475878146e-07
1.010586928749139787e-06
7.164850952375471875e-07
1.407758591109627827e-04
3.212447927429836869e-05
7.666225852305697138e-05
7.485915322338093278e-05
2.206773511039691286e-04
5.035767521943299799e-05
1.287598091001404207e-04
1.257313633088660842e-04
1.542885275023898699e-04
1.260940980636952283e-04
6.598834911810971219e-05
2.540778674551642048e-05
2.418595330902714735e-04
1.976625234345556878e-04
1.108322060812462370e-04
4.267421589237204577e-05
3.858940028967071411e-04
1.750206302087649085e-04
1.116059831030985971e-03
1.536158772825178560e-04
6.728736565379811463e-04
3.051790661014141507e-04
5.987974854133839469e-04
8.241923817952445479e-05
2.371853041168430095e-04
2.041594027531135286e-04
9.717617324899639969e-04
6.889588393084273774e-04
4.135740427686627379e-04
3.559876101103049339e-04
5.213774975651717415e-04
3.696457923318593997e-04
1.895151943982762213e-04
4.324659762731966031e-05
1.810298300886194276e-04
1.767719872814697856e-04
4.827458622788500749e-05
1.101606450528317218e-05
2.030269671165162962e-04
1.982517490700137905e-04
2.077062109064562194e-04
1.697503226613629934e-04
1.558245198983676744e-04
5.999780604018268719e-05
5.290832442383941876e-05
4.323994503208977773e-05
1.747589315079498592e-04
6.728820652386545659e-05
2.151682159795405711e-05
9.758865512018602650e-06
6.652154576180747509e-06
9.156109131666707336e-07
1.575885740051489572e-05
7.147364646520425762e-06
1.888860541180027093e-05
2.599851379201240420e-06
1.322506656239652265e-05
1.138359604867826312e-05
5.792081280955063376e-06
4.106465055257856694e-06
9.686000189216681022e-06
8.337312554250264569e-06
1.644645153327871137e-05
1.166019177363215116e-05
6.493129042060709215e-06
1.481705674924064640e-06
3.535960926749999854e-06
3.452794711596649776e-06
1.017849598949189215e-05
2.322691443852095447e-06
5.938902175402940307e-06
5.799218500632180581e-06
2.384023690544121308e-05
1.948371158166550859e-05
1.019633735211019229e-05
3.925940995494031673e-06
3.737146669328448678e-05
3.054226689624827296e-05
1.712548620757732858e-05
6.593901912845305673e-06
3.523386408360155872e-05
1.598017344221995997e-05
1.019012995810633654e-04
1.402582289599410346e-05
6.143640165934675956e-05
2.786422607105366143e-05
5.467291291465049895e-05
7.525248420791482259e-06
3.206395018215042362e-05
2.759933606961005901e-05
1.313678345102232037e-04
9.313706000206142441e-05
5.590910260372776983e-05
4.812426738891302194e-05
7.048253756813080450e-05
4.997065191075894091e-05
1.178621545614430992e-05
2.689566496233428791e-06
1.125849876147488302e-05
1.099369755193178070e-05
3.002264151666590062e-06
6.851044854228965289e-07
1.262653153189363953e-05
1.232955403135683326e-05
4.327438541154840550e-05
3.536649604518006995e-05
3.246513573774820514e-05
1.250019520889294866e-05
1.102314279676313030e-05
9.008791977508738208e-06
3.641001067412154491e-05
1.401910790273392380e-05
3.318153637753374426e-05
1.504934869289871898e-05
1.025842539306582209e-05
1.411982559068836184e-06
2.430206049360340463e-05
1.102209910243280358e-05
2.912850974477228108e-05
4.009284676290201733e-06
3.019626592337413805e-05
2.599170989638257260e-05
1.322482770005983536e-05
9.376127539969023430e-06
2.211565711730062390e-05
1.903625254259634102e-05
3.755152548016932660e-05
2.662324986062927299e-05
9.144176241710284716e-06
2.086663878398437850e-06
4.979640738472315641e-06
4.862519005053495893e-06
1.433422323821805734e-05
3.271011523121598864e-06
8.363666858055544099e-06
8.166952433943590087e-06
1.525979836673956077e-05
1.247124814032637604e-05
6.526531287822245157e-06
2.512939289511936353e-06
2.392094712274798473e-05
1.954967294781870436e-05
1.096178144103777569e-05
4.220663328102756159e-06
6.704407922947130502e-06
3.040756505783097471e-06
1.939009240226528504e-05
2.668876678601981101e-06
1.169030728690327263e-05
5.302090556809185468e-06
1.040332986600183183e-05
1.431927392771580365e-06
4.122225151944212581e-06
3.548242704869293902e-06
1.688899179602481541e-05
1.197394360762089393e-05
7.187820205135418069e-06
6.186981464308190298e-06
9.061419054285589072e-06
6.424357479205780172e-06
1.659835044946972923e-05
3.787676156756679597e-06
1.585517494340916148e-05
1.548225937167247056e-05
4.228043574857915515e-06
9.648223711729874257e-07
1.778175497533382457e-05
1.736352601559189974e-05
2.769932188358777050e-05
2.263759377593952627e-05
2.078047408974350758e-05
8.001198108440527501e-06
7.055757755829642965e-06
5.766400294172750649e-06
2.330553272694700593e-05
8.973432635162212990e-06
6.313884700731234859e-06
2.863636312283539621e-06
1.952004705445928678e-06
2.686763800195887406e-07
4.624270745061027875e-06
2.097318885448380723e-06
5.542662339081479663e-06
7.628990077639795999e-07
3.882110787254867894e-06
3.341562086649916326e-06
1.700218378135560006e-06
1.205419436891882199e-06
2.843246621293137533e-06
2.447350329078816611e-06
4.827722159897840502e-06
3.422754513356123283e-06
2.076827317908809870e-08
4.739235587109459809e-09
1.130977099047755286e-08
1.104376385210295069e-08
3.255591932528910789e-08
7.429128561002941773e-09
1.899557855137043378e-08
1.854880031894870976e-08
4.134021696963232494e-09
3.378577433414491614e-09
1.768098195096356665e-09
6.807786902765840262e-10
6.480407672547731715e-09
5.296188730184747499e-09
2.969648826644451203e-09
1.143417059296431708e-09
4.221642759689373592e-07
1.914708626645538966e-07
1.220958571443068324e-06
1.680542717002681648e-07
7.361172184553589003e-07
3.338629222389486940e-07
6.550786096285266076e-07
9.016584282415975966e-08
3.429950479205588683e-07
2.952360998565096306e-07
1.405270293806080639e-06
9.963073849949619499e-07
5.980718288863977661e-07
5.147957536557956488e-07
7.539670319286365754e-07
5.345469304120166378e-07
2.047568740381799088e-07
4.672468701558360562e-08
1.955890778800040555e-07
1.909887998595213124e-07
5.215704948034612513e-08
1.190202685049324690e-08
2.193553253828619979e-07
2.141960624374448528e-07
4.075781132966445153e-08
3.330979653418943420e-08
3.057716163053745846e-08
1.177326016447761947e-08
1.038210410379449752e-08
8.484895631342895160e-09
3.429262672257130372e-08
1.320384216842866467e-08
5.770115004540746083e-07
2.617011813842803889e-07
1.783892512088991109e-07
2.455372065215531884e-08
4.226015405071498733e-07
1.916691821887532909e-07
5.065312504698259932e-07
6.971959768505705908e-08
4.688034931300561726e-07
4.035268606644210141e-07
2.053182813253753713e-07
1.455663873779807191e-07
3.433503114513110431e-07
2.955418961642883469e-07
5.829954724249091597e-07
4.133316538147193519e-07
5.091388120864654377e-07
1.161834090014007180e-07
2.772615381841074846e-07
2.707403143312289801e-07
7.981155654457884191e-07
1.821267304108502608e-07
4.656808110689797183e-07
4.547279438488811721e-07
5.580095771194579095e-07
4.560398331411398582e-07
2.386576071616030825e-07
9.189139702682934136e-08
8.747243749534225866e-07
7.148786944795550421e-07
4.008427162262914563e-07
1.543382489254629191e-07
9.081689203010258121e-06
4.118962605636685502e-06
2.626552483662359351e-05
3.615219836678875821e-06
1.583551279807452820e-05
7.182131385285688172e-06
1.409219271936715056e-05
1.939667110337736761e-06
5.581955664875190213e-06
4.804718989562185176e-06
2.286959104729832732e-05
1.621406397948252015e-05
9.733115546402591685e-06
8.377867525475785724e-06
1.227017874024217204e-05
8.699301300251081670e-06
5.019660070694157668e-06
1.145466040295541158e-06
4.794909519448305682e-06
4.682132685937927534e-06
1.278641608060955538e-06
2.917808216324426523e-07
5.377544335401227826e-06
5.251063862777421230e-06
5.501482752518555136e-06
4.496150925291950238e-06
4.127300309890288824e-06
1.589152744535280208e-06
1.401374725445734090e-06
1.145289834019585771e-06
4.628813184467335199e-06
1.782252471042721726e-06
1.241279618380616297e-05
5.629772410130514595e-06
3.837548150938635816e-06
5.282049487219433671e-07
9.091095732320274441e-06
4.123228898130369570e-06
1.089660980389913572e-05
1.499823063146134293e-06
7.629382202616176430e-06
6.567059960401413788e-06
3.341382187570416729e-06
2.368970413905595779e-06
5.587737279770297806e-06
4.809695567045890970e-06
9.487760536567651858e-06
6.726624715053243725e-06
6.103514046106624366e-04
1.392797115306485748e-04
3.323788429754272362e-04
3.245612536581369873e-04
9.567743508203459431e-04
2.183320208252591428e-04
5.582543117689377048e-04
5.451241049695276656e-04
2.240972262714957790e-03
1.831460710832333565e-03
9.584514314179605216e-04
3.690368057521133550e-04
3.512902183346675554e-03
2.870960268826361871e-03
1.609788515479439967e-03
6.198240121672967317e-04
1.860042803881781139e-03
8.436147266009906553e-04
5.379505879406907241e-03
7.404419476760214181e-04
3.243309803651195280e-03
1.470989757643993354e-03
2.886256187878100468e-03
3.972679277896888021e-04
1.692698809838755159e-03
1.457005860225410150e-03
6.935083664468068981e-03
4.916829951449134053e-03
2.951516294744187772e-03
2.540544432947713753e-03
3.720867415843425764e-03
2.638017541060672707e-03
3.433950478087935193e-05
7.836135517763092207e-06
3.280198580144276868e-05
3.203047925339747552e-05
8.747189848448942175e-06
1.996073195854989236e-06
3.678779176562141476e-05
3.592253859445349338e-05
1.260812658871596757e-04
1.030413846196315047e-04
9.458818125517316614e-05
3.641970696487909219e-05
3.211626888870684825e-05
2.624739521627671894e-05
1.060816968999210341e-04
4.084510627188900009e-05
2.551650689817987379e-03
1.157290625022005344e-03
7.888699888045485340e-04
1.085810563400666412e-04
1.868821525228922314e-03
8.475962793876896809e-04
2.239974096978281353e-03
3.083128488546785359e-04
2.322084242774048561e-03
1.998755082707928676e-03
1.016985480709373113e-03
7.210215353795988019e-04
1.700687728773954801e-03
1.463882394690841759e-03
2.887701606248336151e-03
2.047320325952927886e-03
2.380210089125448566e-03
5.431542748839944838e-04
1.296190144702969024e-03
1.265703600680803892e-03
3.731168545916139969e-03
8.514375076746585240e-04
2.177045117177725704e-03
2.125840761031130410e-03
3.972093830044130108e-03
3.246239996139863894e-03
1.698842542798793430e-03
6.541128792960938234e-04
6.226572867579804535e-03
5.088739276179757992e-03
2.853328948509659298e-03
1.098629900693274793e-03
9.800943459845853131e-04
4.445177401323464829e-04
2.834570949439637385e-03
3.901539066373047992e-04
1.708965833582474971e-03
7.750943910857143121e-04
1.520827028764516579e-03
2.093285428997219760e-04
6.026139236647148076e-04
5.187054029514890719e-04
2.468943650043846794e-03
1.750429652229269903e-03
1.050762725653222414e-03
9.044535507938403825e-04
1.324657700392185573e-03
9.391547343655004716e-04
1.339150448701904026e-04
3.055886933041744759e-05
1.279191248814238796e-04
1.249104520814404745e-04
3.411174181216944335e-05
7.784160933384906593e-06
1.434627207469664663e-04
1.400884607516521003e-04
2.234773837440579079e-04
1.826394975504890201e-04
1.676563058855486566e-04
6.455345107750311198e-05
5.692566374843029071e-05
4.652316243619816088e-05
1.880284110372247607e-04
7.239741308244089816e-05
1.344516593273637492e-03
6.097999443227460374e-04
4.156716254758843006e-04
5.721356475122105808e-05
9.847200326297271718e-04
4.466157011934249166e-04
1.180287863816210101e-03
1.624563044066785523e-04
8.266800262897188757e-04
7.115723339760329693e-04
3.620547301611803243e-04
2.566892668420124026e-04
6.054580408563838305e-04
5.211535026319185108e-04
1.028044200893587449e-03
7.288619377823879041e-04
3.522472008551370782e-04
8.038138054892721076e-05
1.918231303756026576e-04
1.873114278815172823e-04
5.521754916603170780e-04
1.260042044825000328e-04
3.221808243586436662e-04
3.146030936336827264e-04
7.011644918538389320e-05
5.730348563552757022e-05
2.998841717311510863e-05
1.154657327472049125e-05
1.099131084886529464e-04
8.982776946937354580e-05
5.036771606806166485e-05
1.939330511853682283e-05
1.100368262271244008e-03
4.990674778016356700e-04
3.182420062617624234e-03
4.380322955883884928e-04
1.918684433069520060e-03
8.702113951676539909e-04
1.707457860269168516e-03
2.350166450179290976e-04
8.940142175264444982e-04
7.695308500777802352e-04
3.662827290792777888e-03
2.596868300612862300e-03
1.558870080976565257e-03
1.341811567486879148e-03
1.965209848296510606e-03
1.393292872945927968e-03
4.742020199194177973e-04
1.082109749280547319e-04
4.529700711663526723e-04
4.423161620375335628e-04
1.207919310782471108e-04
2.756422806389711560e-05
5.080109708904742821e-04
4.960624933533731504e-04
9.439212505470040058e-05
7.714306478752034962e-05
7.081448120711049832e-05
2.726601378955946978e-05
2.404419758877068844e-05
1.965040082824274522e-05
7.941922798232257496e-05
3.057913760589327327e-05
6.135474356588687750e-05
2.782719038023774815e-05
1.896847247276610640e-05
2.610844381811961133e-06
4.493603529212264979e-05
2.038055309715650941e-05
5.386044291357718891e-05
7.413419029113339286e-06
4.984877785131067363e-05
4.290778786649760904e-05
2.183188808228904481e-05
1.547835417900723516e-05
3.650909955136896474e-05
3.142553872473312262e-05
6.199103082443735944e-05
4.395035039597875668e-05
2.072905291868231076e-04
4.730285682981756200e-05
1.128841282749735140e-04
1.102290803561765920e-04
3.249443844901802247e-04
7.415098874748429140e-05
1.895970597155028953e-04
1.851377146640758155e-04
2.271877487759937420e-04
1.856718366346881419e-04
9.716694250877122194e-05
3.741261884818362877e-05
3.561348580628630341e-04
2.910553651876887074e-04
1.631989092065533938e-04
6.283719986386265095e-05
5.682236469779111026e-04
2.577154867582042677e-04
1.643382852994810291e-03
2.261972805173344616e-04
9.907972660972302632e-04
4.493720053168991221e-04
8.817211161839981015e-04
1.213612021642280857e-04
3.492521197612722251e-04
3.006219312204715501e-04
1.430905874369918377e-03
1.014482477962457517e-03
6.089821275100552401e-04
5.241868921968526919e-04
7.677212418302312592e-04
5.442983789127991663e-04
2.790585344948754397e-04
6.368002414839172827e-05
2.665639514804304575e-04
2.602943361197977376e-04
7.108366866769084860e-05
1.622100447674341449e-05
2.989544352175153852e-04
2.919229918855891404e-04
3.058445577679042319e-04
2.499550309003775814e-04
2.294494765935325476e-04
8.834594967248417458e-05
7.790678485265742944e-05
6.367022829280698649e-05
2.573301389967198459e-04
9.908096477940876788e-05
3.168322582881701266e-05
1.436979613567736473e-05
9.795206728180227108e-06
1.348224560078491800e-06
2.320470221643298835e-05
1.052439679093411724e-05
2.781321340278191566e-05
3.828245635332435537e-06
1.947372982529110456e-05
1.676218965298280846e-05
8.528760551735595731e-06
6.046713689174773450e-06
1.426250294337602123e-05
1.227657882737009567e-05
2.421717518265384671e-05
1.716947307898066390e-05
1.466304884171757599e-04
3.346048190283067744e-05
7.985051188030191523e-05
7.797241848823319415e-05
2.298549479955810004e-04
5.245196555439774426e-05
1.341147112586552818e-04
1.309603175414094875e-04
5.383699536512831811e-04
4.399891218690932726e-04
2.302578489232851716e-04
8.865720085606158883e-05
8.439377037797807712e-04
6.897179284986636530e-04
3.867347146086786694e-04
1.489061824880357507e-04
7.956654897718231203e-04
3.608707945961666481e-04
2.301176710200451229e-03
3.167368534292551332e-04
1.387381880684880955e-03
6.292413182764218212e-04
1.234646019189643848e-03
1.699382292040576279e-04
7.240812011184962144e-04
6.232594642216355554e-04
2.966602020653426493e-03
2.103259077307335998e-03
1.262562158960085171e-03
1.086761834894256267e-03
1.591665411475790427e-03
1.128457643261905358e-03
2.661611247411811991e-04
6.073688762668094686e-05
2.542440110993555795e-04
2.482641621794824021e-04
6.779835362343842383e-05
1.547130892727111861e-05
2.851374851082352432e-04
2.784310180612159795e-04
9.772398219325458685e-04
7.986606388255394241e-04
7.331409369688326712e-04
2.822845067327211556e-04
2.489291067082628870e-04
2.034402149031694417e-04
8.222257118005248762e-04
3.165852127125713309e-04
7.493189884188609842e-04
3.398505304462256745e-04
2.316599463883466223e-04
3.188596606222528966e-05
5.487990422857674322e-04
2.489055375771978746e-04
6.577918878668866922e-04
9.053930184966038760e-05
6.819043934038409660e-04
5.869553942662093142e-04
2.986484532082149253e-04
2.117355364018863736e-04
4.994247894613552778e-04
4.298844193411778362e-04
8.480038647468125194e-04
6.012170873286146362e-04
5.718203730957009375e-04
1.304870866364608493e-04
3.113960131222509782e-04
3.040719424207616512e-04
8.963738956306315127e-04
2.045488822732809164e-04
5.230121310880343072e-04
5.107108245060470357e-04
9.542536544332983102e-04
7.798749254243032229e-04
4.081290055412650601e-04
1.571437212179979171e-04
1.495868468297798784e-03
1.222515947136838116e-03
6.854821897259694803e-04
2.639342478963045148e-04
4.192523130075148760e-04
1.901501538978276555e-04
1.212536764246537535e-03
1.668950835771688338e-04
7.310397019589958724e-04
3.315600356161507115e-04
6.505600732277849524e-04
8.954390579718897025e-05
2.577785316097917887e-04
2.218852101819257451e-04
1.056133361249263691e-03
7.487765677464721650e-04
4.494819350372243529e-04
3.868956542109683859e-04
5.666452491109197787e-04
4.017396858453940647e-04
1.037958444358873331e-03
2.368579012336709830e-04
9.914848327488179781e-04
9.681649933530070374e-04
2.643957630007294978e-04
6.033403924769803657e-05
1.111961263160207236e-03
1.085807804010088156e-03
1.732144717609752351e-03
1.415615466803989619e-03
1.299482657923945817e-03
5.003455715028240361e-04
4.412235641312152391e-04
3.605951023332749504e-04
1.457384248384123535e-03
5.611431212340544294e-04
3.948313997697073022e-04
1.790741496244502404e-04
1.220663326523862614e-04
1.680136338186635951e-05
2.891733659588523512e-04
1.311533850482132671e-04
3.466039108279775631e-04
4.770699773524337617e-05
2.427632604718616696e-04
2.089606793004267324e-04
1.063211689747357614e-04
7.537949553030545301e-05
1.777991041308763897e-04
1.530421922410355525e-04
3.018959623812803483e-04
2.140379528026492627e-04
5.926100751317427389e-05
1.352312122016917076e-05
3.227174536175854365e-05
3.151271013096004997e-05
9.289634063928301573e-05
2.119856762637517618e-05
5.420273094170088396e-05
5.292787636135348414e-05
1.179618010273690496e-05
9.640565729221040189e-06
5.045160929852317198e-06
1.942560690116125001e-06
1.849145012970912724e-05
1.511235322379595662e-05
8.473712759348109454e-06
3.262671208017722755e-06
1.204620148928889399e-03
5.463504901477948816e-04
3.483931208513657302e-03
4.795326685070070913e-04
2.100465822906484852e-03
9.526575932704185604e-04
1.869227069201158473e-03
2.572827621708333439e-04
9.787155598602493168e-04
8.424382990769723216e-04
4.009853526153363788e-03
2.842902677487309758e-03
1.706561678933525388e-03
1.468938450591289902e-03
2.151399182710986117e-03
1.525297235168671540e-03
5.842613175451038003e-04
1.333260596297104479e-04
5.581015674145076069e-04
5.449749531802041899e-04
1.488269763435145685e-04
3.396171152637215930e-05
6.259171127745799621e-04
6.111954689703823088e-04
1.162999418680527134e-04
9.504748351743222857e-05
8.725007560779722419e-05
3.359428360005316082e-05
2.962470418181093167e-05
2.421113490859758444e-05
9.785192983204056918e-05
3.767636255545321898e-05
1.646467309474127731e-03
7.467484437674072476e-04
5.090229055155504881e-04
7.006255221589145711e-05
1.205867856760003227e-03
5.469163828781267115e-04
1.445356192154437832e-03
1.989406421324369477e-04
1.337702325514308942e-03
1.151439415082456882e-03
5.858632591787463336e-04
4.153648549248774627e-04
9.797292827915453188e-04
8.433108702886715335e-04
1.663542210447566116e-03
1.179416797483705563e-03
3.487393392404027873e-05
7.958090077596551316e-06
1.899128554487070905e-05
1.854460828446468593e-05
5.466766396975764400e-05
1.247493887987238961e-05
3.189723794255755343e-05
3.114701117012356069e-05
3.822138218396284770e-05
3.123687024078917671e-05
1.634707357805959408e-05
6.294186245532522619e-06
5.991505524566552329e-05
4.896627749280738334e-05
2.745609265638643850e-05
1.057154113417816306e-05
6.220587031786985232e-04
2.821321540110201796e-04
1.799081421192245912e-03
2.476278270528068748e-04
1.084668098097300469e-03
4.919467332254618417e-04
9.652577766092404216e-04
1.328592930547684231e-04
3.823412169778178920e-04
3.291036719021866899e-04
1.566473794808357668e-03
1.110597311455027627e-03
6.666787531857785868e-04
5.738497862900840147e-04
8.404572436145345445e-04
5.958666900427777094e-04
3.438262600903471385e-04
7.845975606887088368e-05
3.284317631722681249e-04
3.207070096342575752e-04
8.758173977998278347e-05
1.998579729605038795e-05
3.683398738702537995e-04
3.596764768943128479e-04
3.768291504026934123e-04
3.079680168922487656e-04
2.827032527768494536e-04
1.088504873180220659e-04
9.598845819225216853e-05
7.844768665699577883e-05
3.170548410566391461e-04
1.220770317163444795e-04
8.502259573428874988e-04
3.856164691780246401e-04
2.628564106077793368e-04
3.617988659044093537e-05
6.227030121055070850e-04
2.824243776620038613e-04
7.463733686692352676e-04
1.027317681548646706e-04
5.225815916978259791e-04
4.498168469925169937e-04
2.288710639575174078e-04
1.622648199692146146e-04
3.827372340384696666e-04
3.294445471806267353e-04
6.498729348160274446e-04
4.607463824713180136e-04
8.230896861124470420e-05
1.878257233121652541e-05
4.482296517521333086e-05
4.376872378431673335e-05
1.290258520170859584e-04
2.944317537927059077e-05
7.528341260030714163e-05
7.351273791823415016e-05
3.022064244255091825e-04
2.469817240066576446e-04
1.292520148033510924e-04
4.976647654382095580e-05
4.737325962703344689e-04
3.871634878954640399e-04
2.170881092276014026e-04
8.358639756799956752e-05
2.508361635670143660e-04
1.137657053416268947e-04
7.254535292739364540e-04
9.985233517827455871e-05
4.373767026809015921e-04
1.983703959305458493e-04
3.892262198095698005e-04
5.357358589115386057e-05
2.282689810408203073e-04
1.964845967581440645e-04
9.352310477915237947e-04
6.630593443113455164e-04
3.980268747225108416e-04
3.426052441385875509e-04
5.017777579009925250e-04
3.557499849149731315e-04
4.630855601844730904e-06
1.056742439671211438e-06
4.423513404445570673e-06
4.319471851060537825e-06
1.179602716130138149e-06
2.691805487499079226e-07
4.961019463279600918e-06
4.844335704434367244e-06
1.700269529647763060e-05
1.389565097786010621e-05
1.275569382345083990e-05
4.911381369418079124e-06
4.331041016538831793e-06
3.539593769529458392e-06
1.430565243956946708e-05
5.508168810065085363e-06
3.441029789536763622e-04
1.560664840114303609e-04
1.063831010404334132e-04
1.464270367948328387e-05
2.520200184649475507e-04
1.143026378380032577e-04
3.020718167361218778e-04
4.157754435743597071e-05
3.131447844755500128e-04
2.695422147330284526e-04
1.371456268920939834e-04
9.723339452531852437e-05
2.293463270957451659e-04
1.974119321508272678e-04
3.894211417747969100e-04
2.760914829933350072e-04
1.268671175532662485e-03
2.895056094253661968e-04
6.908798017902601993e-04
6.746302279315342801e-04
1.988742929409723602e-03
4.538230590187527841e-04
1.160382606819519279e-03
1.133090271995090522e-03
2.117158049077796141e-03
1.730272101097226223e-03
9.054967776434163411e-04
3.486474405343521592e-04
3.318813560005841063e-03
2.712339078380380120e-03
1.520847343612925957e-03
5.855785982740656067e-04
5.223981915436901784e-04
2.369315408313537805e-04
1.510849178812461455e-03
2.079551790968491780e-04
9.108925732824102103e-04
4.131315621171873366e-04
8.106130728457874119e-04
1.115738017439908691e-04
3.211980818083869115e-04
2.764741634884001413e-04
1.315966879199268304e-03
9.329931230553213748e-04
5.600650078960817905e-04
4.820810376120692018e-04
7.060532385829971060e-04
5.005770483446379598e-04
7.137779903260440910e-05
1.628812383137764086e-05
6.818192531737989135e-05
6.657827844797661572e-05
1.818183352050768844e-05
4.149020562097266751e-06
7.646678728348812646e-05
7.466827949026168785e-05
1.191152480341389639e-04
9.734832530737225719e-05
8.936216330022969158e-05
3.440751009221930216e-05
3.034183792248087489e-05
2.479722081974493220e-05
1.002206596610901015e-04
3.858840510779096500e-05
7.166381886644185252e-04
3.250282887793086179e-04
2.215563290557368459e-04
3.049529147908763336e-05
5.248637198348896993e-04
2.380497709984051721e-04
6.291029512461352282e-04
8.659052057040929850e-05
4.406271217544921980e-04
3.792737933287176726e-04
1.929780913959215465e-04
1.368174496019916380e-04
3.227140192113045719e-04
2.777790203636740425e-04
5.479558509586939527e-04
3.884892916100318575e-04
4.029299130893405239e-04
9.194696962801460227e-05
2.194233965894682456e-04
2.142625326012987058e-04
6.316246724590849531e-04
1.441341848502152392e-04
3.685374681267312253e-04
3.598694237107341620e-04
8.020507957994711949e-05
6.554853645617740284e-05
3.430326854526071547e-05
1.320793963661948304e-05
1.257278386973626828e-04
1.027525421279047507e-04
5.761482109309625974e-05
2.218369011011870977e-05
1.258693574304821762e-03
5.708752687548767366e-04
3.640319173953181220e-03
5.010581045449909090e-04
2.194752293235427160e-03
9.954208322253102655e-04
1.953133610634152310e-03
2.688317639479733236e-04
1.022648498253670660e-03
8.802539744493880457e-04
4.189849282996438613e-03
2.970515922142760983e-03
1.783166437435439958e-03
1.534876691588265511e-03
2.247971968135174976e-03
1.593765329692365014e-03
5.424320710258788902e-04
1.237807954675703510e-04
5.181451860058666542e-04
5.059583505422621382e-04
1.381719490547994860e-04
3.153027757551548135e-05
5.811055867936077909e-04
5.674379153291183361e-04
1.079736351411063935e-04
8.824271226235814276e-05
8.100354719350111906e-05
3.118915505885909949e-05
2.750377127547588014e-05
2.247777776139305153e-05
9.084637876710916599e-05
3.497898415651773759e-05
7.018270530640340977e-05
3.183107594385362342e-05
2.169773087290590680e-05
2.986502936856323811e-06
5.140160873068429952e-05
2.331298720959077404e-05
6.161009520994336491e-05
8.480090907305610834e-06
5.702121600534366583e-05
4.908152909074169122e-05
2.497314597878271471e-05
1.770544063649856566e-05
4.176217234229483139e-05
3.594716879623929465e-05
7.091054407748573901e-05
5.027409961614041667e-05
4.246829559399121324e-05
9.691092565441898233e-06
2.312694432426745899e-05
2.258299588497307434e-05
6.657242965354794105e-05
1.519155805655136578e-05
3.884337604489754634e-05
3.792977529071680051e-05
4.654470471082975053e-05
3.803920262355344015e-05
1.990691254740236757e-05
7.664846833200076622e-06
7.296252502644095324e-05
5.962947430110353411e-05
3.343509973171226941e-05
1.287366474766498122e-05
1.164138559442088331e-04
5.279902325365124979e-05
3.366852747632267441e-04
4.634178420621134359e-05
2.029879094592531999e-04
9.206432743612188172e-05
1.806411182433615206e-04
2.486367045986676897e-05
7.155243569030632442e-05
6.158940829178527823e-05
2.931544141370401508e-04
2.078403770690600736e-04
1.247641805151929629e-04
1.073919004965647009e-04
1.572855873335520015e-04
1.115122072275956643e-04
5.717164396002568305e-05
1.304633694349364635e-05
5.461183745626168218e-05
5.332736064277443261e-05
1.456314605750315626e-05
3.323250780690197365e-06
6.124778287632059277e-05
5.980722784930577325e-05
6.265938504790374245e-05
5.120911302182742876e-05
4.700807236146574506e-05
1.809972660083028503e-05
1.596102041361593227e-05
1.304433003419488967e-05
5.272007578458259234e-05
2.029904461383970517e-05
6.491047155640673953e-06
2.943987611538846100e-06
2.006776365367359589e-06
2.762152201024522806e-07
4.754024010474002380e-06
2.156167942738091132e-06
5.698184923555035675e-06
7.843053316786034274e-07
3.989647369719564738e-06
3.434125175800197346e-06
1.747315352912433188e-06
1.238810211597602481e-06
2.922006100739721746e-06
2.515143265680991613e-06
4.961452692233216730e-06
3.517566676932270962e-06
1.977386170886181294e-05
4.512314928502581837e-06
1.076824469690550873e-05
1.051497432038302166e-05
3.099710028811335954e-05
7.073412388014341487e-06
1.808604596615351733e-05
1.766066004666683883e-05
7.260190651086873513e-05
5.933475461453810451e-05
3.105143351248432427e-05
1.195587117076802974e-05
1.138092604449171731e-04
9.301194508370510985e-05
5.215312891089287235e-05
2.008075054442809494e-05
1.072995086567472871e-04
4.866524870877952572e-05
3.103252981446607823e-04
4.271356390760330015e-05
1.870954515816093970e-04
8.485636884533757560e-05
1.664982494867897384e-04
2.291702823610235765e-05
9.764600589863789448e-05
8.404968562332298910e-05
4.000612610300731571e-04
2.836351060514636356e-04
1.702628818850359077e-04
1.465553205587681780e-04
2.146441171481103586e-04
1.521782108416905343e-04
3.589317153424104520e-05
8.190675960511825828e-06
3.428608858944573272e-05
3.347967576999823035e-05
9.142950303924271549e-06
2.086384124374934531e-06
3.845222954247789078e-05
3.754782859984784522e-05
1.317857241279118616e-04
1.077034196293215069e-04
9.886775702118537617e-05
3.806749100368720529e-05
3.356934689704761676e-05
2.743494016108851240e-05
1.108812887014128850e-04
4.269311439131576180e-05
1.010494489431379287e-04
4.583055995563212811e-05
3.124051343491894897e-05
4.299983517575519653e-06
7.400832177029987170e-05
3.356616848072159221e-05
8.870655730808675154e-05
1.220968199259145523e-05
9.195825042517827774e-05
7.915389848848759617e-05
4.027425180841850505e-05
2.855360614874789658e-05
6.734995448347341426e-05
5.797208445942197974e-05
1.143576027816030230e-04
8.107715980606498385e-05
3.047848709839720126e-04
6.955066964518950205e-05
1.659765866168332591e-04
1.620727978592799759e-04
4.777745162421119757e-04
1.090262040788527576e-04
2.787696843218985727e-04
2.722129886952147576e-04
5.086248945239326292e-04
4.156796254779473380e-04
2.175360517941757452e-04
8.375887088121107896e-05
7.973099588090982581e-04
6.516108602545187195e-04
3.653675360085048476e-04
1.406790829396764749e-04
2.234648643907996470e-04
1.013515657191045767e-04
6.462918752850261087e-04
8.895642567008261732e-05
3.896500574813273809e-04
1.767241732427693435e-04
3.467537662441229395e-04
4.772762402298948305e-05
1.373980365088864103e-04
1.182666066835494356e-04
5.629275999866357452e-04
3.991039500060542282e-04
2.395774967552944106e-04
2.062185042735687672e-04
3.020264881591550781e-04
2.141304928620257528e-04
5.532402226908727768e-04
1.262471717791643379e-04
5.284694128611233796e-04
5.160397503726384116e-04
1.409250742127712602e-04
3.215852955447943582e-05
5.926843219955332158e-04
5.787443173229126978e-04
9.232471054225650786e-04
7.545344617173331591e-04
6.926347378934207596e-04
2.666882252416139399e-04
2.351757184529593538e-04
1.922000979907473078e-04
7.767975591934494356e-04
2.990938096223463827e-04
2.104483206636137329e-04
9.544796610581433589e-05
6.506233985251453332e-05
8.955262197067512367e-06
1.541317364378327046e-04
6.990581207280775061e-05
1.847426800698569020e-04
2.542821458258062804e-05
1.293947758838973202e-04
1.113777274784939498e-04
5.667004061676996851e-05
4.017787910504543085e-05
9.476835657362202672e-05
8.157272285484253613e-05
1.609129829474632313e-04
1.140839552068757806e-04
6.778771427821790531e-05
1.546888107190452010e-05
3.691513097133830899e-05
3.604688276713707222e-05
1.062626313828327556e-04
2.424870088556528962e-05
6.200163298537091062e-05
6.054334731549507550e-05
1.349346087646184092e-05
1.102768823138103743e-05
5.771078521141025917e-06
2.222063960023217595e-06
2.115207267956040546e-05
1.728677802479893093e-05
9.692943868338410284e-06
3.732117169687091678e-06
1.377945632315185232e-03
6.249615468260407694e-04
3.985212929010496265e-03
5.485297142914401973e-04
2.402689104175168445e-03
1.089729713475314421e-03
2.138178809395871634e-03
2.943016175833651038e-04
1.119537002753514740e-03
9.636516338700835309e-04
4.586807017547937099e-03
3.251950692526588138e-03
1.952108483204306787e-03
1.680295090474690292e-03
2.460950956049516841e-03
1.744762998570074464e-03
6.683271331281014516e-04
1.525095373042763746e-04
6.384034152930947873e-04
6.233880921911794971e-04
1.702407868617904023e-04
3.884825611237166493e-05
7.159765279585880932e-04
6.991366761608811334e-04
1.330336347753163881e-04
1.087232891562123839e-04
9.980395953847767893e-05
3.842796121135073130e-05
3.388722309871101669e-05
2.769472819324819276e-05
1.119312502331651853e-04
4.309738573688328935e-05
1.883367499586407123e-03
8.541935459425911009e-04
5.822631225512921041e-04
8.014342770257056633e-05
1.379372865254810962e-03
6.256088624274053602e-04
1.653319723972576216e-03
2.275650039227029495e-04
1.530176195723851468e-03
1.317113045385465749e-03
6.701595684225503807e-04
4.751291833943515415e-04
1.120696584125949018e-03
9.646497540585212849e-04
1.902899204447466115e-03
1.349115923568842620e-03
7.144738065078979768e-06
1.630400207403505424e-06
3.890807416013536315e-06
3.799295169870633336e-06
1.119994493722499987e-05
2.555781945010691033e-06
6.534892524470025661e-06
6.381191086882697325e-06
7.830540849922369839e-06
6.399600811580682777e-06
3.349078974004032307e-06
1.289510731857886790e-06
1.227499532508783486e-05
1.003188305254291378e-05
5.625020416328557178e-06
2.165826560101493474e-06
1.274432217769026212e-04
5.780134654541225749e-05
3.685837548515790481e-04
5.073233108058866641e-05
2.222195369565228189e-04
1.007867526079204496e-04
1.977555498664130694e-04
2.721932232983693251e-05
7.833150836209290600e-05
6.742455660776234627e-05
3.209286619081645644e-04
2.275317405661878825e-04
1.365846788446855480e-04
1.175665016936293812e-04
1.721872523358970470e-04
1.220771775083992591e-04
7.044082189270398358e-05
1.607430945367601432e-05
6.728690044630476460e-05
6.570430466670068787e-05
1.794316039523509231e-05
4.094556324304138302e-06
7.546300693977746668e-05
7.368810817780481134e-05
7.720223307120314927e-05
6.309442513453088056e-05
5.791834943645481868e-05
2.230055897443096786e-05
1.966547257181280661e-05
1.607183675338831445e-05
6.495607282358740369e-05
2.501032482528061504e-05
1.741886009928579442e-04
7.900252010164947900e-05
5.385226130811723280e-05
7.412292902659034872e-06
1.275752234755084410e-04
5.786121537028435122e-05
1.529119780265531230e-04
2.104699676347538247e-05
1.070630172794814495e-04
9.215546361994453317e-05
4.688957105367348255e-05
3.324372978346577497e-05
7.841264168573293153e-05
6.749439285229442476e-05
1.331416153095335542e-04
9.439463366422768851e-05
2.235365413111474182e-04
5.101013081183238245e-05
1.217312132035191878e-04
1.188680808109711157e-04
3.504113000838046102e-04
7.996243544959846230e-05
2.044563788699165277e-04
1.996475408915514185e-04
8.207389792132326360e-04
6.707585003558184412e-04
3.510255180465370181e-04
1.351569121512267752e-04
1.286573600220688313e-03
1.051467275879446181e-03
5.895727514909601848e-04
2.270058114961789691e-04
6.812264736830566996e-04
3.089674517974236355e-04
1.970202950565300409e-03
2.711812093408197486e-04
1.187837449757642985e-03
5.387387662974455057e-04
1.057069289432903967e-03
1.454963450253725615e-04
6.199380136992000854e-04
5.336172706485674787e-04
2.539921435992298360e-03
1.800751424932160814e-03
1.080970305248123760e-03
9.304549990356510191e-04
1.362739278605497361e-03
9.661537805798949691e-04
1.257658141042850053e-05
2.869924796853000711e-06
1.201347682466493192e-05
1.173091844264735041e-05
3.203591488679435362e-06
7.310465660186965669e-07
1.347324782353431385e-05
1.315635545664485564e-05
4.617630087789346142e-05
3.773812029559750893e-05
3.464219911180645411e-05
1.333843957594844073e-05
1.176233824149197636e-05
9.612908073531703613e-06
3.885161145250776453e-05
1.495920827990639887e-05
9.345225808072989788e-04
4.238488543730892016e-04
2.889176096088758288e-04
3.976698276241718628e-05
6.844416133423588235e-04
3.104256651025183314e-04
8.203734086341424748e-04
1.129172266241024083e-04
8.504456225408967831e-04
7.320287865997670033e-04
3.724631666350334777e-04
2.640686316310199007e-04
6.228638942560390948e-04
5.361357488874930093e-04
1.057598662873825797e-03
7.498154360953093083e-04
3.127586778977215214e-04
7.137025999651596439e-05
1.703188797549839279e-04
1.663129597542219813e-04
4.902740925121722550e-04
1.118785566154376082e-04
2.860628797781343633e-04
2.793346473400903918e-04
5.219315809331583501e-04
4.265546700982400215e-04
2.232272479096068742e-04
8.595017736425358942e-05
8.181692476623417991e-04
6.686583572834805048e-04
3.749263115975905928e-04
1.443595407017132120e-04
1.287840150185226725e-04
5.840945777898021228e-05
3.724615178317166719e-04
5.126607124892462730e-05
2.245574443724921571e-04
1.018471008544367701e-04
1.998360787565089394e-04
2.750568894010051659e-05
7.918323466874493011e-05
6.815768775483175494e-05
3.244182332137784583e-04
2.300057739799543232e-04
1.380698125602254265e-04
1.188448440154781156e-04
1.740595054758044236e-04
1.234045660101640036e-04
1.759638469543827079e-05
4.015423518073685615e-06
1.680852314614277501e-05
1.641318471301505576e-05
4.482269577255054665e-06
1.022835712356416140e-06
1.885094558393262063e-05
1.840756913584545165e-05
2.936484111178369288e-05
2.399875878468494227e-05
2.202997324040691411e-05
8.482298308446091896e-06
7.480010026741364010e-06
6.113125409241718768e-06
2.470685991622662494e-05
9.512991858293912091e-06
1.766689562593684257e-04
8.012747498207682326e-05
5.461908955742709386e-05
7.517840106283356077e-06
1.293918284405870946e-04
5.868512904461411058e-05
1.550893652255366274e-04
2.134669507306027436e-05
1.086254332120004768e-04
9.350032731132186786e-05
4.757385041310904610e-05
3.372886960475865795e-05
7.955695055908440245e-05
6.847936709856323730e-05
1.350846072625615756e-04
9.577217451193507155e-05
4.789642854339212637e-06
1.092977045760605317e-06
2.608294071521464256e-06
2.546946689457845005e-06
7.508145959858832659e-06
1.713328412975810027e-06
4.380818582655288736e-06
4.277781216479476961e-06
9.534007622973984149e-07
7.791778893817479407e-07
4.077642282960937911e-07
1.570032694173575013e-07
1.494531492068234793e-06
1.221423287724447110e-06
6.848695199539430832e-07
2.636983489365471790e-07
1.496213730509267851e-05
6.786015539889953434e-06
4.327260933633608286e-05
5.956096313729244648e-06
2.608910209158100518e-05
1.183260443379198628e-05
2.321697183020859150e-05
3.195613170887411084e-06
1.215626071196003166e-05
1.046361171450276488e-05
4.980489416930574347e-05
3.531063318457883736e-05
2.119656572448730761e-05
1.824513628633850628e-05
2.672172634536112959e-05
1.894514771645174382e-05
6.447910191213481886e-06
1.471386916821481118e-06
6.159211086204449212e-06
6.014345720047536334e-06
1.642455094451387559e-06
3.748015815629321266e-07
6.907623710691016653e-06
6.745155591946919067e-06
1.283486614447417215e-06
1.048944400762823626e-06
9.628921764998285509e-07
3.707466455274555297e-07
3.269383515037125358e-07
2.671941797788784705e-07
1.079894281286581033e-06
4.157964848843631270e-07
8.342644267626670052e-07
3.783771829484472217e-07
2.579217334200408419e-07
3.550067142273777149e-08
6.110128336485008352e-07
2.771223455354620609e-07
7.323614918906115584e-07
1.008031558315141779e-07
6.778133142107294195e-07
5.834339607280258196e-07
2.968567145351786209e-07
2.104652309810748916e-07
4.964284949889137671e-07
4.273053316854572668e-07
8.429162732892675350e-07
5.976100908928892708e-07
2.007219484153934663e-05
4.580393337670603697e-06
1.093070786273347140e-05
1.067361633352190234e-05
3.146476119163470994e-05
7.180130706747736420e-06
1.835891460609218211e-05
1.792711078423389121e-05
2.199886688953620070e-05
1.797883046629237280e-05
9.408793589575564773e-06
3.622709527535546319e-06
3.448497280094817098e-05
2.818324610700083800e-05
1.580274948581133999e-05
6.084602726000360080e-06
5.502178898598576419e-05
2.495490500306782889e-05
1.591307666296097047e-04
2.190295863965059306e-05
9.594010807722084459e-05
4.351323952154503529e-05
8.537813140509739639e-05
1.175155326970279092e-05
3.381850885406738994e-05
2.910958836743960987e-05
1.385563615613654212e-04
9.823357603876727007e-05
5.896848238242623490e-05
5.075765629443450364e-05
7.433938448831223559e-05
5.270507608972907894e-05
2.702157835453888640e-05
6.166214429741062425e-06
2.581171263750123992e-05
2.520461813302096626e-05
6.883118361203039104e-06
1.570699653572850038e-06
2.894812269508051020e-05
2.826725945868795219e-05
2.961530166778139576e-05
2.420345059437618824e-05
2.221787275348115629e-05
8.554646091374133417e-06
7.543809025790409332e-06
6.165265885093569075e-06
2.491759130918799707e-05
9.594130701203359540e-06
3.067925411446790239e-06
1.391444891380258109e-06
9.484818179222862201e-07
1.305502290249563679e-07
2.246939626018141747e-06
1.019090181331494996e-06
2.693187386707873572e-06
3.706936954384977362e-07
1.885665017490756966e-06
1.623103274449516984e-06
8.258502895565654340e-07
5.855106636865802136e-07
1.381055560668952893e-06
1.188756105631831169e-06
2.344978618583307692e-06
1.662541025486327801e-06
3.094977461761601090e-06
7.062612862224653476e-07
1.685430753504281757e-06
1.645789224772558276e-06
4.851623227883742438e-06
1.107120715264160807e-06
2.830802878152192472e-06
2.764222062894848302e-06
1.136354990443571067e-05
9.286993655308664462e-06
4.860127388948933650e-06
1.871316405164757106e-06
1.781326789895151743e-05
1.455810088828850053e-05
8.162935541681388331e-06
3.143011277478954308e-06
1.679437056050099079e-05
7.617017360710827040e-06
4.857168608303460207e-05
6.685467894533753987e-06
2.928392108576755102e-05
1.328160138520388366e-05
2.606007552654395027e-05
3.586941535527388461e-06
1.528341767212247653e-05
1.315534044398381556e-05
6.261703477258063501e-05
4.439417416377643410e-05
2.664931057814582435e-05
2.293863589767881236e-05
3.359580008468445107e-05
2.381872290100825462e-05
5.617949521707936154e-06
1.281993263006176761e-06
5.366411123869648508e-06
5.240192505685062091e-06
1.431041925005997923e-06
3.265579549706135953e-07
6.018489738659288833e-06
5.876934155078895959e-06
2.062691910983818357e-05
1.685759014679531461e-05
1.547464446655645679e-05
5.958270995160411218e-06
5.254227706359306237e-06
4.294078855891553161e-06
1.735498581484250837e-05
6.682267164552644380e-06
1.581611986606955997e-05
7.173335801121054724e-06
4.889721916665517435e-06
6.730274677140255427e-07
1.158368007394458804e-05
5.253730225035832078e-06
1.388422755358670953e-05
1.911042523646846648e-06
1.439317805896287098e-05
1.238905861886579316e-05
6.303670141503252232e-06
4.469170907713350764e-06
1.054152164337241799e-05
9.073710408970922213e-06
1.789909368242059847e-05
1.269008481792696759e-05
4.330303463523852006e-06
9.881576624280852285e-07
2.358151786111904007e-06
2.302687779899510686e-06
6.788094946403851280e-06
1.549015696262502804e-06
3.960686518485526538e-06
3.867530707667758775e-06
7.226409025096472803e-06
5.905867033728561646e-06
3.090695136817211081e-06
1.190024056990772593e-06
1.132797066004848468e-05
9.257916102988869548e-06
5.191046069737518443e-06
1.998731492584735554e-06
3.174930150316599929e-06
1.439976448470383111e-06
9.182345360381251602e-06
1.263869551458537540e-06
5.536045762463032046e-06
2.510850676449085200e-06
4.926586513658774020e-06
6.781015571582755712e-07
1.952115245927334261e-06
1.680300911549901255e-06
7.997927613879133181e-06
5.670364186508953569e-06
3.403854202580752708e-06
2.929898391660994321e-06
4.291113084219698230e-06
3.042309849215782190e-06
7.860291899478759423e-06
1.793686686122144545e-06
7.508354733917494217e-06
7.331757351145335423e-06
2.002226472038406555e-06
4.568999486819003719e-07
8.420703311249690441e-06
8.222647383078109451e-06
1.311725258997500314e-05
1.072022762276313085e-05
9.840772590758100171e-06
3.789036318359517931e-06
3.341314891601409917e-06
2.730728553986279751e-06
1.103653586929241834e-05
4.249446357179259116e-06
2.989994512917764179e-06
1.356099654421661090e-06
9.243886505873375235e-07
1.272340152040058615e-07
2.189863263163057469e-06
9.932034328411463150e-07
2.624775517185201920e-06
3.612773997695153022e-07
1.838407019229635709e-06
1.582425523624173525e-06
8.051530654017972065e-07
5.708367626120464747e-07
1.346443940535354552e-06
1.158963839533792804e-06
2.286209433997785797e-06
1.620874897005020904e-06
1.069308039808894777e-06
2.440117515859394070e-07
5.823126912974314887e-07
5.686166285936275986e-07
1.676225364415683576e-06
3.825078200075534513e-07
9.780362907713674182e-07
9.550327626580527066e-07
2.128507555340859469e-07
1.739547617422878255e-07
9.103508986446917290e-08
3.505164442734301857e-08
3.336604813380445320e-07
2.726879187641962551e-07
1.529000190991995113e-07
5.887177252615488315e-08
2.173621516439947757e-05
9.858370557380257814e-06
6.286419701144270911e-05
8.652707054829657484e-06
3.790089109231552933e-05
1.718979251985528454e-05
3.372840957658151912e-05
4.642420668132437648e-06
1.765998353321905181e-05
1.520099107403253394e-05
7.235396078979298420e-05
5.129745201776408686e-05
3.079326863127843057e-05
2.650558539445174567e-05
3.881993471676496233e-05
2.752252560507936269e-05
1.054243507522932944e-05
2.405740865043437976e-06
1.007040747549910768e-05
9.833550312159622015e-06
2.685440039290415649e-06
6.128065097905547839e-07
1.129407394558787880e-05
1.102843600354763093e-05
2.098520900799220805e-06
1.715040674362468526e-06
1.574343927592028919e-06
6.061766252821641764e-07
5.345493721403288787e-07
4.368667070823220596e-07
1.765644218197872165e-06
6.798338246669972803e-07
2.970892337447707325e-05
1.347435941681811891e-05
9.184830095803857281e-06
1.264211553563752292e-06
2.175872885546093066e-05
9.868581548917633388e-06
2.608006616010914743e-05
3.589693071446134028e-06
2.413755539383144946e-05
2.077661983095386200e-05
1.057134057549065678e-05
7.494860405916781306e-06
1.767827519119216987e-05
1.521673578461255870e-05
3.001702358498699151e-05
2.128144486160850685e-05
4.481202455674490308e-06
1.022592199545949511e-06
2.440326795521739323e-06
2.382930023463121453e-06
7.024641113355768240e-06
1.602994570805700641e-06
4.098705391504122673e-06
4.002303360627233090e-06
4.911340145195879050e-06
4.013849998554817491e-06
2.100552992405435285e-06
8.087852354537356491e-07
7.698916138441869118e-06
6.292028981414820891e-06
3.528030709211454839e-06
1.358413312186911792e-06
7.993279434232297687e-05
3.625318853137415355e-05
2.311769042220810917e-04
3.181947953160015969e-05
1.393768008900981659e-04
6.321377203365367392e-05
1.240329103198317435e-04
1.707204560268402169e-05
4.912977136902461385e-05
4.228889651255931804e-05
2.012874782447742123e-04
1.427086319024938347e-04
8.566634531192579831e-05
7.373808406910817900e-05
1.079963927263910810e-04
7.656719429733245552e-05
4.418070769985954407e-05
1.008185805287298166e-05
4.220255812994211814e-05
4.120994901967049771e-05
1.125400731185516118e-05
2.568118759321709461e-06
4.733063814668672745e-05
4.621741599378508154e-05
4.842148631216552798e-05
3.957302427000933064e-05
3.632657311704898077e-05
1.398698157005552125e-05
1.233424699101725946e-05
1.008030716738208060e-05
4.074065562609441624e-05
1.568655533672461261e-05
1.092516449742052438e-04
4.955063206786312143e-05
3.377630970084997692e-05
4.649013701415110858e-06
8.001558622784174090e-05
3.629073844889267809e-05
9.590687932757108397e-05
1.320074336133361636e-05
6.715026521261686129e-05
5.780020010753907528e-05
2.940928821145276994e-05
2.085057313291432236e-05
4.918065844785395963e-05
4.233269802741425179e-05
8.350684490362133314e-05
5.920461468645247220e-05
1.427215634023049030e-04
3.256848109091571184e-05
7.772183000309832509e-05
7.589380345810735091e-05
2.237273972678257400e-04
5.105368336596636733e-05
1.305394360525219898e-04
1.274691332268853975e-04
5.240179058486799145e-04
4.282597434614325614e-04
2.241195575267112129e-04
8.629374729387530828e-05
8.214397278342059705e-04
6.713311953368476630e-04
3.764250101510909613e-04
1.449365912530915671e-04
4.349432391894867658e-04
1.972667086209210340e-04
1.257917133705294772e-03
1.731412946421903402e-04
7.583995748652278901e-04
3.439689929011442216e-04
6.749079176385384873e-04
9.289517369081169013e-05
3.958123446336828631e-04
3.406990672698421204e-04
1.621665773916001595e-03
1.149727275718700602e-03
6.901680192937003277e-04
5.940683852355727219e-04
8.700692925260303159e-04
6.168610162911815267e-04
8.029780503109221378e-06
1.832363297076192281e-06
7.670254644975279951e-06
7.489849357332208076e-06
2.045399750236922399e-06
4.667519154143394860e-07
8.602275861488540857e-06
8.399949325668309763e-06
2.948222163039940005e-05
2.409468938214861925e-05
2.211803398196533736e-05
8.516204726352740389e-06
7.509909982707319819e-06
6.137561496880268392e-06
2.480562101693520668e-05
9.551018282944493139e-06
5.966654175879176078e-04
2.706151342755274748e-04
1.844654690279008853e-04
2.539005890649726003e-05
4.369960121099267648e-04
1.981977352953807621e-04
5.237844996938042499e-04
7.209435658401950513e-05
5.429847313810541804e-04
4.673790346142433550e-04
2.378068710382889883e-04
1.686001211740456292e-04
3.976804340518653872e-04
3.423070421877048007e-04
6.752459071442758112e-04
4.787352916664589322e-04
2.009926371075042208e-04
4.586570343681729497e-05
1.094544874701925205e-04
1.068801051048272734e-04
3.150719379614945991e-04
7.189813654753858421e-05
1.838367298763704354e-04
1.795128684574493990e-04
3.354164480633536742e-04
2.741230030445506458e-04
1.434557580726023463e-04
5.523540681403073385e-05
5.257919485824597136e-04
4.297096005704709740e-04
2.409443235772757753e-04
9.277186159085249297e-05
8.276233602806732834e-05
3.753651546914339737e-05
2.393603374757257893e-04
3.294585756572426067e-05
1.443106014833223831e-04
6.545147690252569694e-05
1.284235523966135994e-04
1.767637909422749743e-05
5.088666846193155331e-05
4.380116162747497695e-05
2.084855859402188507e-04
1.478119404165711926e-04
8.872980253642607823e-05
7.637498267310254170e-05
1.118583799316695928e-04
7.930526283143187144e-05
1.130821944659471117e-05
2.580489748281423500e-06
1.080190457299017891e-05
1.054784251223970449e-05
2.880505790006713826e-06
6.573197218255233987e-07
1.211445607313804775e-05
1.182952264736899008e-05
1.887115296999168735e-05
1.542266979724897112e-05
1.415744064004880033e-05
5.451102163517371648e-06
4.806987134524757252e-06
3.928566283856052732e-06
1.587772707886951723e-05
6.113471681210990904e-06
1.135353290667541411e-04
5.149347928462552691e-05
3.510065626427881340e-05
4.831298426221731863e-06
8.315294396704199043e-05
3.771367408557877441e-05
9.966732406447662159e-05
1.371833569928071733e-05
6.980753475804389455e-05
6.008746898099831893e-05
3.057307223627440317e-05
2.167567178018491784e-05
5.112683491497199576e-05
4.400788708121520663e-05
8.681137683800000629e-05
6.154745903795165105e-05
3.458718585495928466e-06
7.892655332887395770e-07
1.883513125292248512e-06
1.839212675975295578e-06
5.421816357445836910e-06
1.237236471535460179e-06
3.163496551269724679e-06
3.089090741853273433e-06
6.884740754723626754e-07
5.626634656007026966e-07
2.944565508951038502e-07
1.133759118230447396e-07
1.079237848296417747e-06
8.820197151407259790e-07
4.945610788408518788e-07
1.904230457611552827e-07
1.080452633936638537e-05
4.900348268768706626e-06
3.124821259248956136e-05
4.301043239296222485e-06
1.883958053392289535e-05
8.544613891806353335e-06
1.676554482456424063e-05
2.307630652709432399e-06
8.778334028913882975e-06
7.556030670549143139e-06
3.596533569428342515e-05
2.549867432192526559e-05
1.530656001909449842e-05
1.317526042913510875e-05
1.929641402458755252e-05
1.368075585270281447e-05
4.656194103440189351e-06
1.062524582820510029e-06
4.447717398500454597e-06
4.343106564340312071e-06
1.186057109847956758e-06
2.706534151811671704e-07
4.988164511709816639e-06
4.870842298146088550e-06
9.268371656568893958e-07
7.574684803029626792e-07
6.953280584733802077e-07
2.677252464104635793e-07
2.360902027659214262e-07
1.929474709581544831e-07
7.798181481679516079e-07
3.002568403927123092e-07
6.024428054062560572e-07
2.732354446440115580e-07
1.862516100078393765e-07
2.563590559495844178e-08
4.412273541026181189e-07
2.001168429690697755e-07
5.288561966595827070e-07
7.279243132611412612e-08
4.894656195990367794e-07
4.213119735120463081e-07
2.143675148684406344e-07
1.519821055833953728e-07
3.584831926314493008e-07
3.085676609568190562e-07
6.086905159956378850e-07
4.315489048162672459e-07
8.479125138501756079e-05
1.934901917815893944e-05
4.617474100476311942e-05
4.508870568802618884e-05
1.329170276111587222e-04
3.033112584545044244e-05
7.755381789637165002e-05
7.572974301580967884e-05
9.293011887050571670e-05
7.594822318689181803e-05
3.974569740786060079e-05
1.530346216092267304e-05
1.456753494500476784e-04
1.190548778730995201e-04
6.675577408470024978e-05
2.570327178423769117e-05
2.324293072279842167e-04
1.054173517200714268e-04
6.722183071110036543e-04
9.252497231876349165e-05
4.052811307434239113e-04
1.838135819214105099e-04
3.606640260272348528e-04
4.964224965541325541e-05
1.428599965449398122e-04
1.229680383467553152e-04
5.853055620917901533e-04
4.149694592997270532e-04
2.491013789450555096e-04
2.144162722887186330e-04
3.140328941462463609e-04
2.226427847712129937e-04
1.141476286558377443e-04
2.604802523758284534e-05
1.090367761075577686e-04
1.064722183623669318e-04
2.907645246995012580e-05
6.635128356807129393e-06
1.222859566649494873e-04
1.194097766412132084e-04
1.251043300635578520e-04
1.022429724269862934e-04
9.385526838261185826e-05
3.613751027079675668e-05
3.186741721850005566e-05
2.604401828725725403e-05
1.052597269648891545e-04
4.052861954204013597e-05
1.295987991577898008e-05
5.877899975804228660e-06
4.006684913756014932e-06
5.514851452477114382e-07
9.491778262453854268e-06
4.304956803750071789e-06
1.137686887438527954e-05
1.565926524971710252e-06
7.965640917111104996e-06
6.856497700135896313e-06
3.488650845659587987e-06
2.473380826819928755e-06
5.834012181817630314e-06
5.021678923697263562e-06
9.905925740084127400e-06
7.023095139460349686e-06
1.976052861185989819e-06
4.509272369920412896e-07
1.076098389710837607e-06
1.050788429544755496e-06
3.097619959855639097e-06
7.068642935547620318e-07
1.807385092763255218e-06
1.764875183688025495e-06
7.255295257985184726e-06
5.929474644362500105e-06
3.103049618718256808e-06
1.194780957954172702e-06
1.137325212661178839e-05
9.294922909507344496e-06
5.211796315839796840e-06
2.006721051877088654e-06
1.072271588659860420e-05
4.863243476018366248e-06
3.101160523552833271e-05
4.268476305427164433e-06
1.869692970731334116e-05
8.479915198938382253e-06
1.663859832363354018e-05
2.290157576834637000e-06
9.758016526074607107e-06
8.399301269681546891e-06
3.997915081776178057e-05
2.834438568944798822e-05
1.701480772225262501e-05
1.464565014037681806e-05
2.144993871567226227e-05
1.520756002906204479e-05
3.586896952732815503e-06
8.185153160833106161e-07
3.426297020459455564e-06
3.345710113226653470e-06
9.136785405783447898e-07
2.084977319658531100e-07
3.842630201683933398e-06
3.752251089264912075e-06
1.316968637996090141e-05
1.076307974899286591e-05
9.880109258233506637e-06
3.804182289911337525e-06
3.354671179597028629e-06
2.741644136081392825e-06
1.108065237920734753e-05
4.266432732666069519e-06
1.009813134355377724e-05
4.579965737774738576e-06
3.121944861702196368e-06
4.297084129575816105e-07
7.395841952320010018e-06
3.354353552278321564e-06
8.864674435143173690e-06
1.220144926209264672e-06
9.189624492058350808e-06
7.910052668776573905e-06
4.024709573167703714e-06
2.853435305564241391e-06
6.730454183270119342e-06
5.793299510819252170e-06
1.142804938671560975e-05
8.102249119088753907e-06
2.782845606266578537e-06
6.350340645523452759e-07
1.515453222197726364e-06
1.479809584911276837e-06
4.362331729321369322e-06
9.954663825971665502e-07
2.545313317787065908e-06
2.485447250428020613e-06
4.644011851356499045e-06
3.795372833439212137e-06
1.986218160978980725e-06
7.647623881891617342e-07
7.279857784742756973e-06
5.949548655747522199e-06
3.335997088606090970e-06
1.284473755499753174e-06
2.040351327207433418e-06
9.253929121845446351e-07
5.900983535358299181e-06
8.122187873891782843e-07
3.557709235838200918e-06
1.613584320776856454e-06
3.166043615398452534e-06
4.357782208189202449e-07
1.254516082028614799e-06
1.079836101164879415e-06
5.139824011643216777e-06
3.644028229263356501e-06
2.187468105137269783e-06
1.882883020721672315e-06
2.757660125439852737e-06
1.955123623114881769e-06
5.051373179891865388e-06
1.152702843008585561e-06
4.825202704054800964e-06
4.711713371294330862e-06
1.286719784744254903e-06
2.936242287412724028e-07
5.411518478734107459e-06
5.284238930279824671e-06
8.429729935507965455e-06
6.889295078157668812e-06
6.324118158724723244e-06
2.435003264632794136e-06
2.147277562316471724e-06
1.754887624476886031e-06
7.092568825943374860e-06
2.730883233416299787e-06
1.921503461160037031e-06
8.714899537077577735e-07
5.940532612641210985e-07
8.176623720730893672e-08
1.407303532316134252e-06
6.382767010424886211e-07
1.686797490513724944e-06
2.321729257685481083e-07
1.181442118107261188e-06
1.016937023641776218e-06
5.174271709359883470e-07
3.668450929851608499e-07
8.652847625034422832e-07
7.448017109738280700e-07
1.469219866920971843e-06
1.041646301104174295e-06
7.721735635375441741e-07
1.762068709413490493e-07
4.205022773537135353e-07
4.106120145382203475e-07
1.210443450106481305e-06
2.762182789806732212e-07
7.062639948437490619e-07
6.896525829625020475e-07
1.537047513752796238e-07
1.256170002171431222e-07
6.573867130015288946e-08
2.531165218784809170e-08
2.409444175997179290e-07
1.969146346299025454e-07
1.104128541237639252e-07
4.251275094818992775e-08
1.569625411617852232e-05
7.118971185633648325e-06
4.539577859521876270e-05
6.248331997923024388e-06
2.736916309095743796e-05
1.241317080988178025e-05
2.435611184580390809e-05
3.352405833769690963e-06
1.275270727347866458e-05
1.097700850452397758e-05
5.224856978452642367e-05
3.704314832611959305e-05
2.223657457605263203e-05
1.914033334242984760e-05
2.803282703447777905e-05
1.987469081203728022e-05
7.612950952709477926e-06
1.737244486668670339e-06
7.272088245049579205e-06
7.101047877768760536e-06
1.939222120854790271e-06
4.425226116400901621e-07
8.155727817196370305e-06
7.963904143680683713e-06
1.515393414995506139e-06
1.238472937481120072e-06
1.136872365627862211e-06
4.377350094187497442e-07
3.860112130515014095e-07
3.154721646523461501e-07
1.275014997688574631e-06
4.909246797585957036e-07
2.145354226929191508e-05
9.730165434021797761e-06
6.632591097726406169e-06
9.129181714140305856e-07
1.571251180470989827e-05
7.126344793078023621e-06
1.883305546617370461e-05
2.592205414896139136e-06
1.743032079593334979e-05
1.500330678893957093e-05
7.633824323442399279e-06
5.412222533076165133e-06
1.276591612835890998e-05
1.098837814622013437e-05
2.167602898838422366e-05
1.536785332592550192e-05
1.893000575801076065e-05
4.319750427921267318e-06
1.030870636789859946e-05
1.006624438669866257e-05
2.967428899700733574e-05
6.771552224110470895e-06
1.731421809860731031e-05
1.690698566096713898e-05
2.074704237260660320e-05
1.695576228389745514e-05
8.873395173407002502e-06
3.416562700653270180e-06
3.252263834824002192e-05
2.657950539523783371e-05
1.490350911399725004e-05
5.738364217152121279e-06
3.376612130607954112e-04
1.531448477129488783e-04
9.765638065518762387e-04
1.344154692201770965e-04
5.887713553405068880e-04
2.670348149674328718e-04
5.239539453443072458e-04
7.211767929623436231e-05
2.075395753940344136e-04
1.786415727477273644e-04
8.503014893611899466e-04
6.028460553508806523e-04
3.618815320358936805e-04
3.114928124359425416e-04
4.562106613965211804e-04
3.234438620571255260e-04
1.866331770153083225e-04
4.258893296611987987e-05
1.782768523191711584e-04
1.740837598716067245e-04
4.754045935691780794e-05
1.084853973505603823e-05
1.999394719407396597e-04
1.952368721424001816e-04
2.045475569933309526e-04
1.671688759218137961e-04
1.534548472372092613e-04
5.908540046501623130e-05
5.210373083345553355e-05
4.258238153900558955e-05
1.721013172726693974e-04
6.626493352727939206e-05
4.615132408969829011e-04
2.093174230880713203e-04
1.426817340760399156e-04
1.963889313356468520e-05
3.380109519724132502e-04
1.533034703509281876e-04
4.051407620748748986e-04
5.576408348246683996e-05
2.836637977641780933e-04
2.441661879088658556e-04
1.242340645593536619e-04
8.807936560957806181e-05
2.077545383877344766e-04
1.788266040951425192e-04
3.527591244749799263e-04
2.500988759158090987e-04
5.853858455694085526e-04
1.335826723574770765e-04
3.187833575457510362e-04
3.112855356381641521e-04
9.176388522139332371e-04
2.094014589959040929e-04
5.354197104634942197e-04
5.228265761613345693e-04
2.149308468854583144e-03
1.756547406524976455e-03
9.192473342069401067e-04
3.539418783171923918e-04
3.369211899025245302e-03
2.753527708574945651e-03
1.543942398105841883e-03
5.944709895412241809e-04
1.783960389572942281e-03
8.091078620211295978e-04
5.159464816782049004e-03
7.101552193721546308e-04
3.110646813477883910e-03
1.410821006714409447e-03
2.768197969739618052e-03
3.810182463250305802e-04
1.623461364398539860e-03
1.397409100797759310e-03
6.651413897554441478e-03
4.715713991820909105e-03
2.830788704439611992e-03
2.436627064103214294e-03
3.568670608474444356e-03
2.530113172895543001e-03
3.293489601357205409e-05
7.515609502018486114e-06
3.146026706857827163e-05
3.072031790228131951e-05
8.389398446714054031e-06
1.914426651183612654e-06
3.528303928961487021e-05
3.445317807292962880e-05
1.209240904244280869e-04
9.882662284144749028e-05
9.071918577831801880e-05
3.493001047589199020e-05
3.080259843416394545e-05
2.517378272026046714e-05
1.017425754575107473e-04
3.917439509718858936e-05
2.447279035279168163e-03
1.109953292448311339e-03
7.566023801243717487e-04
1.041397021425632892e-04
1.792380029767091237e-03
8.129265550348824775e-04
2.148351131672479510e-03
2.957017488013107724e-04
2.227102678344422635e-03
1.916998839256368881e-03
9.753871311832612795e-04
6.915291715125617203e-04
1.631123507928873171e-03
1.404004360368271828e-03
2.769584265320279050e-03
1.963577590066965545e-03
2.282850969343370659e-03
5.209373191832443592e-04
1.243171324164798249e-03
1.213931789011621788e-03
3.578550385423238684e-03
8.166106633236587531e-04
2.087996172589741493e-03
2.038886258049882848e-03
3.809620962312101639e-03
3.113457150596309325e-03
1.629353796670501755e-03
6.273573191640939616e-04
5.971883730509017739e-03
4.880591609302424583e-03
2.736617572423654266e-03
1.053692001897513567e-03
9.400049760317377798e-04
4.263353720697418410e-04
2.718626842716397561e-03
3.741952141238620512e-04
1.639063008594295696e-03
7.433902537035147083e-04
1.458619754903363536e-03
2.007662555726104467e-04
5.779648553137870653e-04
4.974884937012132979e-04
2.367955009730948832e-03
1.678830808513710271e-03
1.007782765801441827e-03
8.674581603485299061e-04
1.270474454840898187e-03
9.007399411946204063e-04
1.284374397824270453e-04
2.930890209721487803e-05
1.226867744016705804e-04
1.198011670978200511e-04
3.271644936624649378e-05
7.465760864341062973e-06
1.375945815111569062e-04
1.343583408379858495e-04
2.143363581379873948e-04
1.751688877920495250e-04
1.607985623437047248e-04
6.191298366476712556e-05
5.459720016411111530e-05
4.462019842265969437e-05
1.803373754113177870e-04
6.943609952259635837e-05
1.289521047858729853e-03
5.848569419828826728e-04
3.986691668443493046e-04
5.487332498447826048e-05
9.444414555215040544e-04
4.283475190074464869e-04
1.132009861787894745e-03
1.558112595544004092e-04
7.928658516213959269e-04
6.824664762983018596e-04
3.472453946313144835e-04
2.461897562351870582e-04
5.806926379232261277e-04
4.998364573343609500e-04
9.859935100939173046e-04
6.990488733687225771e-04
1.211803184782584835e-04
2.765285649110656247e-05
6.599112206990028872e-05
6.443900314947976571e-05
1.899597832795961200e-04
4.334805100429594632e-05
1.108368634543797535e-04
1.082299674439529615e-04
2.412150791325595685e-05
1.971358359234573281e-05
1.031663540512125365e-05
3.972259888414587303e-06
3.781238135961214616e-05
3.090260954824993134e-05
1.732753549022616151e-05
6.671697844312507108e-06
3.785494281904457710e-04
1.716895287040615581e-04
1.094818286088245331e-03
1.506921643502095076e-04
6.600671065495862869e-04
2.993707082805000886e-04
5.874007991924860275e-04
8.085058397008162837e-05
3.075593712056197372e-04
2.647345195785405958e-04
1.260088303190422775e-03
8.933763758814869393e-04
5.362835316231693433e-04
4.616109161155310310e-04
6.760728111253864765e-04
4.793215493755228845e-04
1.631352971928960683e-04
3.722681222956631194e-05
1.558310679312741238e-04
1.521659029615185217e-04
4.155492120911303590e-05
9.482664240571466607e-06
1.747662751996548398e-04
1.706557519371245432e-04
3.247284222046183924e-05
2.653880892920177639e-05
2.436164535791272536e-05
9.380072365742457208e-06
8.271700993756567752e-06
6.760144082936756931e-06
2.732185611931432784e-05
1.051985544491686363e-05
2.110730006488744037e-05
9.573128713148051358e-06
6.525546632352620024e-06
8.981844367168129717e-07
1.545892502376224935e-05
7.011331556591036526e-06
1.852910572405520726e-05
2.550369390529778766e-06
1.714901001657083960e-05
1.476116598297137724e-05
7.510620792360797672e-06
5.324873794249843439e-06
1.255988493378772634e-05
1.081103492595281961e-05
2.132619603467121163e-05
1.511982904416624077e-05
7.131222699117051355e-05
1.627316055784964040e-05
3.883447358074976484e-05
3.792108221356849118e-05
1.117875852658247013e-04
2.550947292152729983e-05
6.522530774719984795e-05
6.369120086934672005e-05
7.815728182991467496e-05
6.387494986819725940e-05
3.342743678356134275e-05
1.287071424875020552e-05
1.225177529203855904e-04
1.001290620979410772e-04
5.614379828979162540e-05
2.161729567559119531e-05
1.954806804440120812e-04
8.865945474179103610e-05
5.653576721806783615e-04
7.781654027473535211e-05
3.408547405389528856e-04
1.545932589026033106e-04
3.033302902302515997e-04
4.175076223022595675e-05
1.201499486699487539e-04
1.034201585659373808e-04
4.922611993725056149e-04
3.490029430231328931e-04
2.095024402751324063e-04
1.803311265052932660e-04
2.641119769345493494e-04
1.872498936648140885e-04
9.600190435032642758e-05
2.190724465168666796e-05
9.170350951491602974e-05
8.954663223017617036e-05
2.445425140878918624e-05
5.580360848168701257e-06
1.028465054717214564e-04
1.004275436169327926e-04
1.052168500563863552e-04
8.598969750850460130e-05
7.893536295185153218e-05
3.039283290707717045e-05
2.680154441864462589e-05
2.190387467487310533e-05
8.852688714622689470e-05
3.408590000986168447e-05
1.089968461646794431e-05
4.943506912082353475e-06
3.369753593498143484e-06
4.638171181315121432e-07
7.982897232267650088e-06
3.620610048343437273e-06
9.568320343981883279e-06
1.316995633113267563e-06
6.699365605913862398e-06
5.766539735760125260e-06
2.934069929796731547e-06
2.080194502105887344e-06
4.906595836048075359e-06
4.223396888641187656e-06
8.331208861712586602e-06
5.906653653354132654e-06
1.515554066888070289e-04
3.458432824938307795e-05
8.253247283674064287e-05
8.059129940884667540e-05
2.375751489266970256e-04
5.421368405053259167e-05
1.386192587037480758e-04
1.353589175029899522e-04
5.564523323588472896e-04
4.547671567034794753e-04
2.379915821979262946e-04
9.163495448097927704e-05
8.722832699872562490e-04
7.128836729833340838e-04
3.997240791181353391e-04
1.539075351181091143e-04
8.223897239401972616e-04
3.729914605585433768e-04
2.378466961011556878e-03
3.273751806529541053e-04
1.433980254922544943e-03
6.503758183322906226e-04
1.276114412322211381e-03
1.756459909328092679e-04
7.484011142281592590e-04
6.441930501112169780e-04
3.066242093150537903e-03
2.173901814514449162e-03
1.304968179105376680e-03
1.123263201529241207e-03
1.645125112469205059e-03
1.166359458403179190e-03
2.751007511489332201e-04
6.277687406376912700e-05
2.627833741556499249e-04
2.566026784165034561e-04
7.007551544804212749e-05
1.599094800673178177e-05
2.947144757156813224e-04
2.877827567278515948e-04
1.010062642798478880e-03
8.254854718834085843e-04
7.577651419014796953e-04
2.917656735760796607e-04
2.572899566188246371e-04
2.102732169778173568e-04
8.498420314020154950e-04
3.272184467380931838e-04
7.744865699851514280e-04
3.512651830541898808e-04
2.394407722935779363e-04
3.295692871510609470e-05
5.672317056423624307e-04
2.572655958649157967e-04
6.798853237031610370e-04
9.358027011481073569e-05
7.048077025507454470e-04
6.066696254404920418e-04
3.086792403922209577e-04
2.188471557058642859e-04
5.161991063000603971e-04
4.443230647713116810e-04
8.764860022134997796e-04
6.214103298838564255e-04
5.910262601792776746e-04
1.348697920623575142e-04
3.218549560835243066e-04
3.142848898185621642e-04
9.264806505385518804e-04
2.114191214617594766e-04
5.405786824136490270e-04
5.278642084869672327e-04
9.863044326119717667e-04
8.060687975942012508e-04
4.218369459448613728e-04
1.624217503117616915e-04
1.546110611190462886e-03
1.263576924225621361e-03
7.085056672953434463e-04
2.727990795831196098e-04
4.333338549776942668e-04
1.965367790628517227e-04
1.253262567793427288e-03
1.725006343424102698e-04
7.555933321373429525e-04
3.426962331094231761e-04
6.724106121301568059e-04
9.255144142319828916e-05
2.664366095720461006e-04
2.293377293518864522e-04
1.091606000972712535e-03
7.739259308814582482e-04
4.645788075807770414e-04
3.998904242428134815e-04
5.856773178914565902e-04
4.152330264229025895e-04
1.072820638183620686e-03
2.448133122682924164e-04
1.024786104684552012e-03
1.000683015472337645e-03
2.732760957214357459e-04
6.236049510622943090e-05
1.149309009876451270e-03
1.122277127349140214e-03
1.790322735435044901e-03
1.463162130211611948e-03
1.343128736954041268e-03
5.171508148994996253e-04
4.560430605150896273e-04
3.727065085443031231e-04
1.506333811269257826e-03
5.799903885424955493e-04
4.080927098555556655e-04
1.850887620081526498e-04
1.261662079138010689e-04
1.736567536364365876e-05
2.988859107989678032e-04
1.355584696208877559e-04
3.582453910677419200e-04
4.930934570098504852e-05
2.509170164204683074e-04
2.159790987208901731e-04
1.098922071223760918e-04
7.791128723918487738e-05
1.837708912132636257e-04
1.581824621605762860e-04
3.120358245430509734e-04
2.212269039952637767e-04
1.301163207258003413e-05
2.969201590955466223e-06
7.085739757189311750e-06
6.919082328169391147e-06
2.039676772317282439e-05
4.654459550975082397e-06
1.190101251966859387e-05
1.162109931127711884e-05
2.590026086285830582e-06
2.116729018018501331e-06
1.107739819502738959e-06
4.265179759697659004e-07
4.060071802234362460e-06
3.318141019711615542e-06
1.860529163107013116e-06
7.163677958578284850e-07
2.644921985437859190e-04
1.199593435683066114e-04
7.649487066395419064e-04
1.052885010098514567e-04
4.611883870285602587e-04
2.091700869585894768e-04
4.104164931577586437e-04
5.649024173677404050e-05
2.148914995375282176e-04
1.849698081660670511e-04
8.804227423174729606e-04
6.242013966670099034e-04
3.747008970529413152e-04
3.225271971981001043e-04
4.723715606836686228e-04
3.349016032325515002e-04
1.282832273219064478e-04
2.927371144007295302e-05
1.225394666588047385e-04
1.196573240503201295e-04
3.267716733006752563e-05
7.456796863232830369e-06
1.374293742397796297e-04
1.341970192609815793e-04
2.553537506619573099e-05
2.086908300839314780e-05
1.915704659359811671e-05
7.376122619053115300e-06
6.504542653734910956e-06
5.315913324967301303e-06
2.148484074091016536e-05
8.272403524285437673e-06
3.615062880199182904e-04
1.639596829148268545e-04
1.117635194037430046e-04
1.538327122259005645e-05
2.647661512812401314e-04
1.200835937001996207e-04
3.173493630184735987e-04
4.368036502137812260e-05
2.937123618486816158e-04
2.528155806259120802e-04
1.286349573382088445e-04
9.119950697702197380e-05
2.151140774240521149e-04
1.851613941015784501e-04
3.652553354706003399e-04
2.589584293798418996e-04
7.657088804003257232e-06
1.747316565063741385e-06
4.169818072030433675e-06
4.071743462578355600e-06
1.200309545334332260e-05
2.739057630715072834e-06
7.003511105474076607e-06
6.838787703973686006e-06
8.392070657466138588e-06
6.858517594081021813e-06
3.589242164231181906e-06
1.381981830210302834e-06
1.315523794109635439e-05
1.075127159386594006e-05
6.028391868230511015e-06
2.321138459340104864e-06
1.365822032557938972e-04
6.194629382599988691e-05
3.950149770228571591e-04
5.437035770657990170e-05
2.381549488535055024e-04
1.080141928166575104e-04
2.119366438655970674e-04
2.917122592401800445e-05
8.394867806444052301e-05
7.225958639961331585e-05
3.439425268774479964e-04
2.438480917530279595e-04
1.463791962215848000e-04
1.259972214018692570e-04
1.845348380925853000e-04
1.308313587719396283e-04
7.549214873190018338e-05
1.722700172192606470e-05
7.211205888452487732e-05
7.041597481329794949e-05
1.922986837576535319e-05
4.388177859371722122e-06
8.087447577388584964e-05
7.897229863110632304e-05
8.273842219393170408e-05
6.761894024554381975e-05
6.207168702010686990e-05
2.389973696596840367e-05
2.107568793753902069e-05
1.722435170375658553e-05
6.961408710005843599e-05
2.680382072229597567e-05
1.866797039021554010e-04
8.466780820350411547e-05
5.771401881729918304e-05
7.943830057864532804e-06
1.367236708252551251e-04
6.201045585747834974e-05
1.638773296207841077e-04
2.255628153300517300e-05
1.147405298089765866e-04
9.876395219594465385e-05
5.025203251249343601e-05
3.562764496188307079e-05
8.403562947657302999e-05
7.233443061660902341e-05
1.426892298426433601e-04
1.011636936168571133e-04
7.894223692198196944e-05
1.801429783403449460e-05
4.298954532063027710e-05
4.197842617945628528e-05
1.237482324326182048e-04
2.823884402565954017e-05
7.220405132104713180e-05
7.050580357693840615e-05
2.898450990076477298e-04
2.368792866792099458e-04
1.239651443506936668e-04
4.773084936406133490e-05
4.543552359290442414e-04
3.713271142217807602e-04
2.082084278389217437e-04
8.016741445799797114e-05
2.405760658529630246e-04
1.091122804258801707e-04
6.957798809789393158e-04
9.576801694705750845e-05
4.194864286329304205e-04
1.902563360721925927e-04
3.733054730108327501e-04
5.138223430006437308e-05
2.189319619393460304e-04
1.884476728418446655e-04
8.969767474581827630e-04
6.359378417093823621e-04
3.817461496093618734e-04
3.285914622651090974e-04
4.812532499768137797e-04
3.411985360525177720e-04
4.441437017622542400e-06
1.013517888093683539e-06
4.242575858903410752e-06
4.142789977782185717e-06
1.131352739096734616e-06
2.581700999628527683e-07
4.758095994307950577e-06
4.646185019220727951e-06
1.630722414645147242e-05
1.332726907149632192e-05
1.223394024861528407e-05
4.710488276314548519e-06
4.153885922945715374e-06
3.394811703710161614e-06
1.372050000458564343e-05
5.282864972639510142e-06
3.300279343606042312e-04
1.496828057049412626e-04
1.020316510888915137e-04
1.404376464129607536e-05
2.417114968443935931e-04
1.096272504595863787e-04
2.897159972549902978e-04
3.987687384106672209e-05
3.003360409448098314e-04
2.585169725115900059e-04
1.315358794260282360e-04
9.325620034919989332e-05
2.199652406810167007e-04
1.893370768947747612e-04
3.734924219693714536e-04
2.647983522372023587e-04
1.216777979420659642e-03
2.776637928418628420e-04
6.626203428102209062e-04
6.470354347366487130e-04
1.907396218896743618e-03
4.352600700772554982e-04
1.112918801113237663e-03
1.086742820558309801e-03
2.030558700121380591e-03
1.659497773437683919e-03
8.684587154825830230e-04
3.343865111820313761e-04
3.183062195704332905e-03
2.601394693080898157e-03
1.458639238801694637e-03
5.616263357609133956e-04
5.010302340105253320e-04
2.272401920007017953e-04
1.449050034760138248e-03
1.994490672693706641e-04
8.736338037494264597e-04
3.962330011768364730e-04
7.774560941334129156e-04
1.070100335379136101e-04
3.080599295656802480e-04
2.651653797290610612e-04
1.262139119369763219e-03
8.948303618610886157e-04
5.371563426321933473e-04
4.623621961114909949e-04
6.771731316790794136e-04
4.801016537428734509e-04
6.845819134018016469e-05
1.562188121423661625e-05
6.539304030917185548e-05
6.385498834181512959e-05
1.743813139283906778e-05
3.979310757181704782e-06
7.333902174022920205e-05
7.161407935892575790e-05
1.142430076574549487e-04
9.336643005052644006e-05
8.570693068001616270e-05
3.300011966404819063e-05
2.910074805138104776e-05
2.378292565181744752e-05
9.612127563899814091e-05
3.701000109536650012e-05
6.873251193814350997e-04
3.117334673497197607e-04
2.124938814686246947e-04
2.924792480777301819e-05
5.033949133618243225e-04
2.283126825478450854e-04
6.033703867698055187e-04
8.304865806729532602e-05
4.226038939217380839e-04
3.637601364277584948e-04
1.850845961110428978e-04
1.312211257627909379e-04
3.095138596979510955e-04
2.664168632834676659e-04
5.255424935947732804e-04
3.725986878147117881e-04
1.386162191609966311e-04
3.163165820930349044e-05
7.548618417901390679e-05
7.371074028565971503e-05
2.172919437869292409e-04
4.958513901984508816e-05
1.267845071596032517e-04
1.238025207013313141e-04
2.759220531341894162e-05
2.255005151001890574e-05
1.180103347043899668e-05
4.543804259399613106e-06
4.325297546138705143e-05
3.534899851377649191e-05
1.982068942543725777e-05
7.631647962116018991e-06
4.330166083094693003e-04
1.963928931475807820e-04
1.252345045727065341e-03
1.723743454524857496e-04
7.550401571098207124e-04
3.424453428618269069e-04
6.719183357388085805e-04
9.248368388223151355e-05
3.518122228050212983e-04
3.028255631459165651e-04
1.441394762703071628e-03
1.021918881444953617e-03
6.134461147273497124e-04
5.280293097006430155e-04
7.733488253916535535e-04
5.482882185092341097e-04
1.866078451728276494e-04
4.258315234255351836e-05
1.782526546860754531e-04
1.740601313696756329e-04
4.753400665945454562e-05
1.084706725570317816e-05
1.999123340261958694e-04
1.952103725147851551e-04
3.714516243674996152e-05
3.035731710394920605e-05
2.786689467779188774e-05
1.072971405855023590e-05
9.461865855638179512e-06
7.732820193308862709e-06
3.125303220258148320e-05
1.203349360858650315e-05
2.414430138848240619e-05
1.095054811228476703e-05
7.464467939138015673e-06
1.027418744977731105e-06
1.768321593800484964e-05
8.020149508298290384e-06
2.119514630887629582e-05
2.917326566051238315e-06
1.961647700470107831e-05
1.688506058295692687e-05
8.591278442429660592e-06
6.091037572250750684e-06
1.436705056135977276e-05
1.236656913822134831e-05
2.439469297105982128e-05
1.729532949559772678e-05
1.460997155638184799e-05
3.333936169348002832e-06
7.956146910011170734e-06
7.769017402808775738e-06
2.290229193504958547e-05
5.226209999695447501e-06
1.336292429993569754e-05
1.304862675524313113e-05
1.601234055697845957e-05
1.308627201973686425e-05
6.848389416741274195e-06
2.636865752458429024e-06
2.510061683447747135e-05
2.051377177435837149e-05
1.150236545245818449e-05
4.428806787725026330e-06
4.004877286279107221e-05
1.816395542018719485e-05
1.158266942184354623e-04
1.594253170877261991e-05
6.983203686442998419e-05
3.167203172122303091e-05
6.214427875042704435e-05
8.553616600928575764e-06
2.461551695456142734e-05
2.118802958140580066e-05
1.008511783264486603e-04
7.150138602869390641e-05
4.292145712671751261e-05
3.694503369385502433e-05
5.410949332982273232e-05
3.836250438115164813e-05
1.966822733064304098e-05
4.488209592437342310e-06
1.878760097899061040e-05
1.834571440343103326e-05
5.010023281971781798e-06
1.143266964249848612e-06
2.107050337666726680e-05
2.057492266932502020e-05
2.155612370324976659e-05
1.761699343503437182e-05
1.617174860717807632e-05
6.226680094358042553e-06
5.490920956261608260e-06
4.487519174153280895e-06
1.813679585888601991e-05
6.983290953449175029e-06
2.233054399490934497e-06
1.012792594224307551e-06
6.903725522289332593e-07
9.502374542451751357e-08
1.635482531142804144e-06
7.417663429526236736e-07
1.960293402213249113e-06
2.698172466559808335e-07
1.372521166115357317e-06
1.181410048078184163e-06
6.011126005653008114e-07
4.261763205245551827e-07
1.005230500124469185e-06
8.652612745076546082e-07
1.706842285474661468e-06
1.210115649306359937e-06
2.043801180398811175e-05
4.663871282700292269e-06
1.112992067325705488e-05
1.086814363540879014e-05
3.203820836341479298e-05
7.310989022236573080e-06
1.869350693284451979e-05
1.825383346027124057e-05
7.504040657855832325e-05
6.132764722710656261e-05
3.209436649263570641e-05
1.235743628193822986e-05
1.176318031663963317e-04
9.613596269264492128e-05
5.390481029904479907e-05
2.075520819871180098e-05
1.109034065665544759e-04
5.029978171174858927e-05
3.207482787094791468e-04
4.414819604724776306e-05
1.933794776254415908e-04
8.770646288718304145e-05
1.720904716770286938e-04
2.368674872404317991e-05
1.009256689741220154e-04
8.687268537541738061e-05
4.134982278947899981e-04
2.931616358431034372e-04
1.759815478120736114e-04
1.514777141470044042e-04
2.218534277481905650e-04
1.572894619819452302e-04
3.709872529201651214e-05
8.465778431562520206e-06
3.543766481332434555e-05
3.460416678621065225e-05
9.450037073493666324e-06
2.156460077927933001e-06
3.974373508067074643e-05
3.880895777651235490e-05
1.362120472460014392e-04
1.113208838073067024e-04
1.021884553853858721e-04
3.934607422347314443e-05
3.469684972190099724e-05
2.835640499107695050e-05
1.146054888360667229e-04
4.412705968747016906e-05
1.044434243899252502e-04
4.736988349305645769e-05
3.228979709407882683e-05
4.444408238668790731e-06
7.649405949151867525e-05
3.469356455123754024e-05
9.168596868164204799e-05
1.261977191717140342e-05
9.504687730376917961e-05
8.181246210063151806e-05
4.162695410620559936e-05
2.951264391886596286e-05
6.961205580366745642e-05
5.991920869723030762e-05
1.181985628269430330e-04
8.380032052148740716e-05
3.150217637081860109e-04
7.188668698672116798e-05
1.715512875737488152e-04
1.675163811967413953e-04
4.938216594396853398e-04
1.126880969795084785e-04
2.881327978647501512e-04
2.813558807108657868e-04
5.257082178047000048e-04
4.296411706160686655e-04
2.248424945932448046e-04
8.657210295911611060e-05
8.240894262082704624e-04
6.734966922278160743e-04
3.776392352531374804e-04
1.454041097297037227e-04
2.309704398382107402e-04
1.047556884445799039e-04
6.679990570570892633e-04
9.194422944057240260e-05
4.027373404082740683e-04
1.826598563277633382e-04
3.584002797186875951e-04
4.933066476949246810e-05
1.420128618961119711e-04
1.222388595108230469e-04
5.818348030704315922e-04
4.125087634038849898e-04
2.476242515876516987e-04
2.131448215122856249e-04
3.121707343258847819e-04
2.213225522228950493e-04
5.718220531869953232e-04
1.304874700264703404e-04
5.462192594004949223e-04
5.333721184424191231e-04
1.456583631788889335e-04
3.323864687183467813e-05
6.125909722305142909e-04
5.981827608127627790e-04
9.542564581691091036e-04
7.798772168100852938e-04
7.158984500520597155e-04
2.756455555178696413e-04
2.430746295549789191e-04
1.986555751880330278e-04
8.028880710230632727e-04
3.091395551138982579e-04
2.175167059009429599e-04
9.865380301830668135e-05
6.724760643515791093e-05
9.256045034918444252e-06
1.593086011759577971e-04
7.225375768007521646e-05
1.909476829341833393e-04
2.628227897235757779e-05
1.337407935701453369e-04
1.151186016379729664e-04
5.857343275233706746e-05
4.152734450651681032e-05
9.795136725509791264e-05
8.431252818176433207e-05
1.663176112646381360e-04
1.179157241763671867e-04
1.488379685467325941e-05
3.396421990250060366e-06
8.105263853358842319e-06
7.914627098183303264e-06
2.333153485975141952e-05
5.324161491700579210e-06
1.361337699372462212e-05
1.329318877233938364e-05
2.962689223115951613e-06
2.421292311743977165e-06
1.267125780174474424e-06
4.878870593473245718e-07
4.644250896641059430e-06
3.795568195985221353e-06
2.128229414374235658e-06
8.194416109603208524e-07
3.025483760079168910e-04
1.372195655803384244e-04
8.750125341970592992e-04
1.204378245113532072e-04
5.275459854673274565e-04
2.392663014908529224e-04
4.694688318800756331e-04
6.461827982773663567e-05
2.458109334072556282e-04
2.115839914343452081e-04
1.007101428152298601e-03
7.140139478715614016e-04
4.286143353801408814e-04
3.689336784522068494e-04
5.403382381182405278e-04
3.830885626809227588e-04
1.467411224564797267e-04
3.348572814124893088e-05
1.401709269256958749e-04
1.368740903066154480e-04
3.737888664649676254e-05
8.529710114752365893e-06
1.572032529539667928e-04
1.535058140317576791e-04
2.920950523140518207e-05
2.387180872527138096e-05
2.191343777968410113e-05
8.437428143122877391e-06
7.440441825492774489e-06
6.080787835416817606e-06
2.457616410139602895e-05
9.462669469021772289e-06
4.135212341205222585e-04
1.875508467537721389e-04
1.278444940104120635e-04
1.759667677046231548e-05
3.028617461423709512e-04
1.373616933097382485e-04
3.630108371324658684e-04
4.996526768430636174e-05
3.359728512977572506e-04
2.891916803935741672e-04
1.471434607704694109e-04
1.043216506215886342e-04
2.460655366752304159e-04
2.118031435075407216e-04
4.178097092590157195e-04
2.962183863788398950e-04
1.568733081986468068e-06
3.579785177475507809e-07
8.542844053263760768e-07
8.341915360534036213e-07
2.459113823266169674e-06
5.611597865397280654e-07
1.434832459494631789e-06
1.401085031989820926e-06
1.719311242655591974e-06
1.405127159762866090e-06
7.353399008963311913e-07
2.831311835670054676e-07
2.695157061364104770e-06
2.202648533199864696e-06
1.235056559606199783e-06
4.755393051121751693e-07
2.798204724306507530e-05
1.269114188417068330e-05
8.092802345610840200e-05
1.113903482079996173e-05
4.879159122589307973e-05
2.212922455685335473e-05
4.342016045880576900e-05
5.976405435598870494e-06
1.719884303808364115e-05
1.480406020842652591e-05
7.046464185351808396e-05
4.995796422163106983e-05
2.998918956083338659e-05
2.581346703830152798e-05
3.780626197563583614e-05
2.680385273310132175e-05
1.546632593369675024e-05
3.529352760084794127e-06
1.477383575898544260e-05
1.442635341152031639e-05
3.939686668846902582e-06
8.990204964108517549e-07
1.656902105777823241e-05
1.617931574182098972e-05
1.695089391925627348e-05
1.385331569833595187e-05
1.271683160214140031e-05
4.896418075977898544e-06
4.317845820980313753e-06
3.528809842106860314e-06
1.426206802630451094e-05
5.491387310111473324e-06
3.824568772059195145e-05
1.734617360565036281e-05
1.182406171987348722e-05
1.627478710046481083e-06
2.801103017142370224e-05
1.270428697154841987e-05
3.357408996344920046e-05
4.621179922704551544e-06
2.350727144001391248e-05
2.023409719846871855e-05
1.029529993150833940e-05
7.299153335632481358e-06
1.721665706117115723e-05
1.481939379044468856e-05
2.923321395728065719e-05
2.072574015201921198e-05
