6.327387067122550808e-05
1.033341662589429706e-05
8.432910831806477543e-05
3.946299090224416489e-05
1.256988683462731025e-04
2.052820164542526577e-05
8.525665698537982049e-05
3.989705033142233986e-05
4.894920275434246488e-05
2.801264746058794325e-05
5.838577792860486588e-05
1.493302546449220192e-04
9.724171016253636119e-05
5.564948133922666422e-05
5.902797196561011817e-05
1.509727607907630743e-04
2.025548327171163162e-04
1.458687750038648013e-04
1.224055253082880705e-04
6.449105642824072082e-04
5.656540316110278844e-04
4.073527131407992199e-04
9.848211749344074094e-05
5.188667570721238386e-04
4.554198842758645256e-05
3.414295296846680617e-05
1.629968460660324967e-04
9.741497045655284515e-05
1.271804232764187558e-04
9.534751029461345691e-05
1.311401140177811053e-04
7.837581303589008519e-05
3.015210781692896874e-04
4.924217357274825657e-05
6.583963944145127716e-05
3.081058419929292284e-05
8.253020181213639001e-05
1.347821700327510606e-05
1.921972497492763590e-06
8.994140302877210904e-07
2.332592622111929819e-04
1.334895996576638654e-04
4.558448018718722284e-05
1.165890440396796633e-04
6.384606377014648314e-05
3.653782238528217337e-05
1.330689505221057564e-06
3.403435043907002515e-06
2.821671937791238750e-04
2.032011892815277563e-04
3.305150066864258432e-05
1.741364361854619909e-04
9.336410329528838851e-05
6.723565759617242349e-05
6.211439641643645574e-05
3.272583516315568557e-04
6.344185868761801771e-05
4.756253453552278823e-05
4.401182343010895197e-05
2.630364073085308772e-05
2.099178210062379931e-05
1.573759630907457951e-05
8.271236682882720538e-05
4.943299803333359291e-05
2.498961588492070568e-04
4.081117679708882946e-05
3.330524910884979060e-04
1.558565919637458508e-04
4.964397473744343618e-04
8.107483681422120517e-05
3.367157860102220420e-04
1.575708822847461004e-04
1.084136949249972330e-04
6.204298425604614557e-05
1.293140145321133622e-04
3.307397007341554671e-04
2.153729275725736519e-04
1.232536089080637891e-04
1.307363590135944640e-04
3.343775569235875019e-04
1.343944371332653773e-03
9.678343216496736829e-04
8.121564642589210962e-04
4.278959485951908635e-03
3.753095108656101173e-03
2.702771287304866175e-03
6.534254735214052590e-04
3.442663145996528989e-03
6.983581897387069212e-05
5.235610400565885364e-05
2.499455695325810962e-04
1.493798245758616865e-04
1.950233031892000164e-04
1.462095024491837222e-04
2.010952437292136896e-04
1.201844557096433744e-04
1.190838468506127826e-03
1.944788567330646358e-04
2.600295006753497039e-04
1.216844577647243833e-04
3.259478233766679956e-04
5.323136741160715280e-05
7.590709078521373467e-06
3.552178948429624353e-06
5.166273824459945499e-04
2.956554942391193853e-04
1.009614385985045589e-04
2.582237981596865344e-04
1.414075672381512219e-04
8.092471595873549403e-05
2.947238319343882363e-06
7.537997511398586228e-06
1.872169657802191323e-03
1.348232924979891932e-03
2.192955739039551411e-04
1.155389284551014634e-03
6.194676247663792124e-04
4.461062832572438197e-04
4.121268908907195039e-04
2.171347944391296188e-03
9.728416153192496053e-05
7.293420130398272315e-05
6.748940570880424298e-05
4.033500415455923031e-05
3.218959789270216455e-05
2.413262935745366287e-05
1.268342924012394912e-04
7.580244124563675272e-05
4.751278014093893913e-05
7.759432875569480280e-06
6.332330139587511201e-05
2.963302846106545668e-05
9.438813577145793775e-05
1.541476633436783872e-05
6.401980400323342712e-05
2.995896664072581397e-05
8.718172480692231677e-06
4.989235339089673678e-06
1.039888810764776234e-05
2.659669296584462613e-05
1.731938323427068091e-05
9.911535826462496967e-06
1.051326705695939581e-05
2.688923403034171593e-05
2.259963119403111563e-06
1.627500303790026593e-06
1.365714009866322854e-06
7.195454539597022195e-06
6.311166377194913431e-06
4.544952573768970722e-06
1.098793598110447839e-06
5.789147161474781931e-06
1.299605104783233349e-05
9.743174925431086981e-06
4.651345725665957209e-05
2.779874073547414234e-05
3.629273402968224895e-05
2.720876171322203591e-05
3.742268783242844020e-05
2.236564766488767348e-05
1.645797830245200651e-05
2.687794263493747325e-06
3.593736676545995377e-06
1.681739563007042628e-06
4.504760592420394134e-06
7.356839009148730267e-07
1.049073645321925192e-07
4.909287498330484640e-08
3.019892607813024633e-06
1.728224000216164559e-06
5.901597794802607767e-07
1.509420843184510894e-06
8.265834942187878718e-07
4.730371633731601911e-07
1.722778063352123958e-08
4.406259469757236758e-08
2.373792304926785251e-07
1.709473780449628350e-07
2.780528696575602495e-08
1.464960283611136632e-07
7.854456323942156117e-08
5.656344541010724847e-08
5.225507411535860574e-08
2.753131384345533619e-07
1.365063248462566968e-06
1.023391641437601233e-06
9.469918426899918177e-07
5.659691251993288561e-07
4.516751378043803057e-07
3.386220830388542844e-07
1.779702147557391236e-06
1.063637955641989995e-06
2.959884116631636330e-05
4.833861974470767275e-06
3.944825654452321359e-05
1.846036582355788100e-05
5.880058860788180852e-05
9.602873563563647826e-06
3.988215390826346877e-05
1.866341419035914527e-05
2.962191536303031110e-05
1.695202833713831651e-05
3.533251768952226548e-05
9.036813503237751803e-05
5.884642744126081107e-05
3.367663074105671565e-05
3.572114541664341350e-05
9.136210787151727124e-05
1.601141189859151475e-05
1.153053229291077451e-05
9.675825839769529427e-06
5.097843652488741654e-05
4.471342189535299405e-05
3.220013065407834616e-05
7.784745131384457776e-06
4.101501433723220660e-05
9.113140162484157085e-06
6.832146041613497310e-06
3.261634275377488706e-05
1.949313831798071058e-05
2.544932848254842947e-05
1.907943099235385437e-05
2.624167896991247734e-05
1.568332420707551180e-05
1.025275903131631307e-05
1.674404134148727312e-06
2.238775351960460940e-06
1.047666376518039362e-06
2.806312172678884868e-06
4.583059729866827189e-07
6.535370927052333854e-08
3.058318634940545464e-08
1.026075171513187154e-05
5.872022511155470235e-06
2.005198116594368767e-06
5.128590488778132453e-06
2.808499873161795732e-06
1.607248175926786386e-06
5.853518738579706195e-08
1.497123914097374178e-07
1.681787018096477115e-06
1.211129889405031502e-06
1.969952070212728962e-07
1.037896694622629059e-06
5.564733971205251058e-07
4.007413285150959027e-07
3.702173315436284938e-07
1.950541591906083421e-06
9.572148238037457572e-07
7.176265648087899699e-07
6.640532084246076744e-07
3.968710146333498332e-07
3.167253516911369319e-07
2.374498602296688482e-07
1.247969483843306109e-06
7.458482377629866148e-07
7.208335850561518963e-05
1.177211647288965051e-05
9.607007257285251950e-05
4.495734006365950663e-05
1.431996572145068244e-04
2.338629995265451068e-05
9.712676188880867980e-05
4.545183267355165326e-05
5.576429722529846760e-05
3.191278940536264704e-05
6.651470689892196035e-05
1.701211916880544740e-04
1.107804687936198154e-04
6.339744149477562348e-05
6.724631226000616832e-05
1.719923805074256872e-04
1.139006718361145089e-04
8.202495714360344230e-05
6.883109813794334756e-05
3.626462304583007688e-04
3.180786820193133796e-04
2.290626546827404300e-04
5.537848293164023168e-05
2.917692529532371236e-04
2.560917954447954249e-05
1.919927176957752878e-05
9.165641730215813847e-05
5.477840460806253169e-05
7.151611966630419363e-05
5.361583001884908306e-05
7.374273371275494001e-05
4.407230200701713974e-05
9.669727613084311973e-04
1.579187791499452747e-04
2.111465584455978980e-04
9.880899823523731583e-05
2.646728965754665684e-04
4.322440338931705819e-05
6.163731784004774781e-06
2.884404877122927433e-06
7.480583256421165835e-04
4.280987835764354737e-04
1.461886211970416991e-04
3.738990008189811329e-04
2.047531965504252778e-04
1.171761497358954129e-04
4.267497692434332981e-06
1.091475595113413452e-05
5.413753185251640081e-04
3.898685282956455399e-04
6.341370328198971671e-05
3.341039308791403004e-04
1.791314592009904004e-04
1.290005583564397698e-04
1.191747371286169018e-04
6.278887066270358048e-04
1.217216501849008688e-04
9.125505321567902145e-05
8.444254135014665134e-05
5.046703583189771417e-05
4.027552802623806608e-05
3.019467323800575860e-05
1.586946850135186689e-04
9.484378640026633052e-05
2.846886750630750018e-04
4.649323104297486248e-05
3.794226884121709915e-04
1.775561772151101187e-04
5.655580084924698245e-04
9.236271569713603061e-05
3.835960161753250138e-04
1.795091445692562841e-04
1.235079054797077016e-04
7.068109836562639085e-05
1.473181325946235553e-04
3.767878931247664815e-04
2.453588469604688722e-04
1.404139494515101551e-04
1.489385071045033163e-04
3.809322403744747781e-04
7.557270530243861886e-04
5.442327787651583338e-04
4.566919765588865537e-04
2.406145307281297788e-03
2.110441151200645547e-03
1.519822861364742003e-03
3.674343358317227071e-04
1.935878991255987266e-03
3.927009093117030331e-05
2.944089430487388149e-05
1.405494399236596878e-04
8.399929120285967049e-05
1.096655407277827683e-04
8.221655506508592198e-05
1.130799154804324076e-04
6.758214586123462121e-05
3.818997892801234174e-03
6.236902516171486527e-04
8.339100066116210712e-04
3.902399024555460718e-04
1.045308900879060371e-03
1.707120531896135223e-04
2.434326967292722540e-05
1.139177502043874565e-05
1.656814872129332454e-03
9.481619374546551267e-04
3.237815467496261328e-04
8.281191506015740623e-04
4.534915654732810868e-04
2.595241318578204157e-04
9.451741129321287302e-06
2.417422461006432861e-05
3.592006679625545530e-03
2.586764320229435060e-03
4.207477474023628341e-04
2.216768128026953225e-03
1.188531091025569510e-03
8.559142824502783808e-04
7.907202954408655299e-04
4.166020043931728360e-03
1.866526126989323758e-04
1.399339729523275543e-04
1.294874078851229098e-04
7.738807417485074884e-05
6.176002808462523370e-05
4.630166154421245904e-05
2.433484719785840658e-04
1.454370730513243723e-04
1.010474755688312194e-03
1.650232004097157412e-04
1.346723919702623711e-03
6.302183771540545041e-04
2.007393129819373245e-03
3.278324736946228212e-04
1.361536740588266924e-03
6.371502447796662189e-04
1.854131284539469642e-04
1.061082164710916160e-04
2.211576314590673914e-04
5.656433226398820471e-04
3.683387814901303760e-04
2.107929006265623251e-04
2.235901778290907461e-04
5.718649194355154061e-04
7.273634065576423374e-05
5.238068510830238184e-05
4.395515953650736544e-05
2.315838820871660814e-04
2.031232915288000830e-04
1.462781475643125059e-04
3.536439368251417559e-05
1.863222352737304254e-04
4.182746116868037481e-04
3.135816174876469571e-04
1.497023842137422400e-03
8.946954304593921284e-04
1.168072453505003983e-03
8.757071050421094335e-04
1.204439730482307312e-03
7.198327059291691806e-04
3.700352650883610532e-03
6.043139956301355050e-04
8.080028295852960136e-04
3.781162750191383319e-04
1.012834170359512087e-03
1.654085224159739507e-04
2.358699454513659135e-05
1.103786545015099511e-05
6.789817929848572997e-04
3.885676687013125117e-04
1.326894023258807164e-04
3.393727537934981093e-04
1.858460600566858706e-04
1.063559745484383886e-04
3.873432238429550202e-06
9.906875321963467488e-06
4.502404285884706748e-04
3.242382267281521710e-04
5.273866755109198198e-05
2.778610178275513535e-04
1.489765458537120211e-04
1.072846594499039021e-04
9.911291277164626669e-05
5.221901898811382239e-04
2.589134107320785385e-03
1.941080903743749517e-03
1.796172361994737097e-03
1.073481369742021550e-03
8.566984028287726472e-04
6.422691297823412320e-04
3.375585370350148943e-03
2.017416637577248983e-03
6.294913012345489502e-04
1.028038242173012870e-04
8.389630595371267178e-04
3.926045495578927473e-04
1.250537439224328915e-03
2.042284473622462976e-04
8.481909416210349105e-04
3.969228666133838295e-04
6.299820301125071739e-04
3.605260866987581550e-04
7.514318689469859760e-04
1.921898042968224907e-03
1.251512313433379708e-03
7.162154081392869878e-04
7.596969821744495440e-04
1.943037291372785164e-03
5.153232370195935533e-04
3.711072617065353722e-04
3.114140042219812549e-04
1.640728069116365343e-03
1.439090159897954326e-03
1.036353050324886026e-03
2.505500505442905326e-04
1.320057849272294115e-03
2.933041082003338745e-04
2.198908900884988748e-04
1.049748731346695965e-03
6.273817200703049124e-04
8.190801920944558185e-04
6.140666545675867909e-04
8.445817918652051993e-04
5.047638177573118227e-04
2.305193466851869748e-03
3.764670035762910229e-04
5.033581984444311088e-04
2.355535401947014698e-04
6.309611360851128834e-04
1.030438666822400360e-04
1.469389294967221359e-05
6.876213627261217235e-06
2.306990513135505957e-03
1.320244422850230890e-03
4.508415328984440701e-04
1.153093840670529934e-03
6.314530107936894288e-04
3.613678994541178737e-04
1.316084101172575483e-05
3.366079564830936943e-05
3.189868406981960069e-03
2.297166602782660383e-03
3.736434997073934659e-04
1.968592836229042086e-03
1.055470692602801476e-03
7.600915510985063045e-04
7.021962691475837608e-04
3.699618877762431320e-03
1.815562429898130497e-03
1.361132106778596305e-03
1.259518790022642410e-03
7.527506738984559740e-04
6.007373003707243376e-04
4.503743929752773950e-04
2.367040764706973034e-03
1.414660539320941515e-03
2.057700042704513463e-04
3.360482234897610454e-05
2.742427607897669132e-04
1.283357525047438034e-04
4.087794282540381454e-04
6.675880731546259580e-05
2.772591985579918490e-04
1.297473369336420276e-04
1.591854197150723233e-04
9.109862454191766754e-05
1.898736658000308743e-04
4.856299576748817877e-04
3.162352311174572547e-04
1.809750832586339226e-04
1.919621150814674162e-04
4.909714753196630635e-04
6.587191260950610349e-04
4.743730411473089689e-04
3.980693009328970097e-04
2.097283573119518123e-03
1.839537099049812869e-03
1.324732763040537345e-03
3.202691019565517415e-04
1.687382385270761115e-03
1.481049768856792050e-04
1.110347052203051208e-04
5.300744423452860045e-04
3.167986828402848294e-04
4.135975239556120560e-04
3.100751920558855604e-04
4.264746495702829076e-04
2.548823268121845772e-04
9.805626380107171011e-04
1.601381764520154515e-04
2.141140212431073202e-04
1.001976641385832428e-04
2.683926208270893368e-04
4.383188101029559494e-05
6.250357135123502012e-06
2.924942427101618120e-06
7.585715694669365903e-04
4.341153022603022366e-04
1.482431623556331661e-04
3.791537934290257887e-04
2.076308067653749535e-04
1.188229483749850111e-04
4.327473288219470631e-06
1.106815239987251338e-05
9.176227730812067888e-04
6.608211121377714206e-04
1.074852440918276880e-04
5.663009839197132239e-04
3.036250466421206340e-04
2.186539467860097491e-04
2.019993321141812779e-04
1.064261624876221019e-03
2.063163102650708591e-04
1.546759006627159360e-04
1.431287986508833444e-04
8.554084344926051907e-05
6.826639569647940757e-05
5.117950309301340118e-05
2.689850311832877911e-04
1.607587477819026102e-04
9.738625432185679274e-05
1.590439669436385974e-05
1.297928497542223030e-04
6.073838738705118908e-05
1.934659888968454382e-04
3.159542232842863554e-05
1.312204610170199497e-04
6.140645813272106474e-05
4.224956363698617265e-05
2.417857830016597833e-05
5.039456214372556319e-05
1.288915394232498658e-04
8.393231330651186031e-05
4.803278032957035258e-05
5.094885958488948129e-05
1.303092370368580258e-04
5.237443782399502437e-04
3.771717013324391563e-04
3.165029680395596719e-04
1.667539984011069242e-03
1.462607014164834336e-03
1.053288586632948479e-03
2.546444076522755935e-04
1.341629540143552063e-03
2.721549966467644156e-05
2.040353434593361744e-05
9.740551000549533471e-05
5.821434652574046374e-05
7.600192452150724928e-05
5.697885015663791417e-05
7.836820157186314296e-05
4.683671018863443287e-05
4.640779533556893912e-04
7.578974998754880598e-05
1.013352874272697204e-04
4.742127132111496771e-05
1.270241118118594086e-04
2.074463052381337043e-05
2.958151610686334193e-06
1.384308602667467359e-06
2.013332493312970011e-04
1.152189825014451852e-04
3.934536801739117566e-05
1.006315927197167653e-04
5.510750293044514622e-05
3.153691919705330256e-05
1.148559072842491452e-06
2.937609549915320171e-06
7.295974106525021435e-04
5.254156571346966977e-04
8.546099559999655406e-05
4.502631622038249246e-04
2.414108000998055629e-04
1.738506912468538621e-04
1.606086880005963178e-04
8.461892495967939833e-04
3.791230781643807520e-05
2.842296059955504918e-05
2.630108625380914649e-05
1.571882893581947875e-05
1.254450801218045759e-05
9.404651879736358316e-06
4.942819734965707830e-05
2.954073346049198274e-05
1.091652558500829538e-05
1.782805536953257940e-06
1.454914736129355147e-05
6.808477895777103685e-06
2.168659665912774345e-05
3.541693215528298222e-06
1.470917564233073341e-05
6.883365377983759424e-06
2.003085331097849857e-06
1.146325579501726704e-06
2.389246172209614100e-06
6.110850141309272579e-06
3.979297562311480704e-06
2.277272222659837842e-06
2.415525853652017239e-06
6.178064309913486283e-06
5.192486135510672398e-07
3.739341005352817404e-07
3.137861410400591362e-07
1.653226002441260534e-06
1.450052154883877156e-06
1.044247272144950896e-06
2.524585677965967561e-07
1.330113138320950516e-06
2.985969740076167538e-06
2.238589660238262553e-06
1.068692138585262176e-05
6.387032364126752642e-06
8.338610336202019365e-06
6.251478917834439110e-06
8.598228265545787842e-06
5.138726132943194012e-06
3.781381360620971771e-06
6.175470001467311378e-07
8.256961234203578947e-07
3.863961004266388554e-07
1.035012771629459930e-06
1.690305661548942025e-07
2.410349227248650104e-08
1.127956781748259489e-08
6.938498403877409630e-07
3.970763541729536079e-07
1.355949770320429522e-07
3.468041904576052227e-07
1.899156360881945473e-07
1.086849113292237782e-07
3.958250969547001191e-09
1.012381176035290544e-08
5.454019813902847502e-08
3.927683079336312686e-08
6.388536424511043659e-09
3.365889423776822622e-08
1.804638102891495919e-08
1.299600438374712928e-08
1.200611397259196768e-08
6.325588422092995938e-08
3.136366222475834654e-07
2.351342313393921629e-07
2.175806309134903342e-07
1.300369377930731350e-07
1.037767771813705214e-07
7.780173296904884209e-08
4.089039616261978896e-07
2.443812153595069701e-07
2.678274366988871643e-05
4.373957935393885937e-06
3.569506445604751055e-05
1.670400686049076027e-05
5.320617396723133219e-05
8.689235490744852349e-06
3.608767989010444995e-05
1.688773676836351824e-05
2.680362253783175102e-05
1.533917585107840581e-05
3.197090585989494890e-05
8.177031603697982795e-05
5.324765159527826978e-05
3.047256356203712377e-05
3.232255870805921444e-05
8.266972015945631082e-05
1.448805168632726866e-05
1.043349261692857727e-05
8.755246930273120936e-06
4.612823828020399505e-05
4.045929063566328852e-05
2.913654087331401881e-05
7.044087713357999993e-06
3.711275753798745094e-05
8.246096380196792560e-06
6.182120952627545797e-06
2.951315365743761417e-05
1.763851915548276294e-05
2.302802455977770441e-05
1.726417283582925929e-05
2.374498911526619883e-05
1.419117896439386873e-05
9.277289455418753251e-06
1.515097718614109569e-06
2.025773443260925174e-06
9.479891410673024468e-07
2.539313588536039438e-06
4.147017556501478559e-07
5.913581661638718780e-08
2.767343613224655167e-08
9.284521698082030420e-06
5.313345642702593279e-06
1.814419249129484437e-06
4.640645344084882269e-06
2.541293146483293327e-06
1.454331122893097372e-06
5.296602358901786730e-08
1.354684320511883826e-07
1.521778179082344226e-06
1.095900383282218857e-06
1.782526587511003828e-07
9.391489677486628822e-07
5.035293196259288411e-07
3.626139354321963605e-07
3.349940572729930115e-07
1.764962863915350501e-06
8.661433438863231553e-07
6.493500278601809829e-07
6.008737559848478770e-07
3.591118515487645177e-07
2.865914195908628007e-07
2.148583691249147206e-07
1.129234979363156128e-06
6.748866300676972898e-07
2.344189288592739382e-04
3.828355103302291418e-05
3.124250031469672428e-04
1.462036692042342051e-04
4.656929276488266500e-04
7.605349554371700744e-05
3.158614131966487886e-04
1.478117855620578115e-04
1.813484706477201636e-04
1.037820942920402437e-04
2.163093766423109594e-04
5.532431945255489097e-04
3.602639967324167527e-04
2.061718631834571678e-04
2.186885963214232073e-04
5.593284004291595524e-04
3.704110635479576554e-04
2.667495382007418299e-04
2.238424045745222694e-04
1.179344895427784793e-03
1.034408849389677632e-03
7.449239778166950009e-04
1.800937819743155801e-04
9.488491819653549833e-04
8.328241860864565133e-05
6.243705643587437793e-05
2.980715606553876887e-04
1.781422952406085754e-04
2.325742378810045669e-04
1.743615406313294379e-04
2.398153055916793421e-04
1.433254782106550493e-04
3.144647025906250216e-03
5.135602977240673328e-04
6.866598766937782828e-04
3.213321355740920114e-04
8.607303849260728758e-04
1.405680666546018276e-04
2.004478471226761450e-05
9.380238597497514679e-06
2.432725597928774366e-03
1.392200091289152140e-03
4.754131980373130532e-04
1.215939505187048309e-03
6.658683226049201152e-04
3.810630924862186148e-04
1.387813024683014986e-05
3.549536886001138070e-05
1.760581428369922645e-03
1.267873260814941132e-03
2.062247473833487275e-04
1.086523813929395933e-03
5.825450653443650781e-04
4.195167003741814339e-04
3.875626053494674798e-04
2.041927583588920049e-03
3.958453025340787643e-04
2.967663032258565444e-04
2.746116510638766566e-04
1.641214938881418463e-04
1.309781665960656834e-04
9.819468882207693487e-05
5.160835850015369842e-04
3.084370550683522235e-04
1.109451375320051283e-04
1.811873237046502549e-05
1.478636350368519106e-04
6.919486522048339590e-05
2.204018513227551086e-04
3.599438647701001662e-05
1.494900096109253980e-04
6.995595004991419022e-05
4.813188145506716386e-05
2.754491086570341537e-05
5.741089096026556743e-05
1.468368371655807156e-04
9.561803262701724969e-05
5.472028323521591173e-05
5.804236206747466611e-05
1.484519178339543661e-04
2.945120378106755722e-04
2.120912624155075902e-04
1.779760088379458559e-04
9.376913991368553396e-04
8.224534527805949262e-04
5.922854372097467171e-04
1.431916914636650851e-04
7.544253767124015899e-04
1.530382491782557547e-05
1.147331929166406166e-05
5.477308480543493087e-05
3.273510234654556294e-05
4.273741656871284100e-05
3.204035779464246337e-05
4.406802192712618352e-05
2.633722772998077619e-05
1.488289783067053536e-03
2.430563868678817902e-04
3.249804733270244888e-04
1.520791778556503245e-04
4.073640784824404475e-04
6.652766294724023080e-05
9.486739861510910598e-06
4.439453188983435357e-06
6.456721673692658202e-04
3.695052377134869768e-04
1.261798988895635853e-04
3.227237368540322379e-04
1.767287865943044953e-04
1.011383417182324523e-04
3.683408619177171545e-06
9.420861836175775355e-06
1.399829743837344371e-03
1.008079872538497667e-03
1.639682951613519700e-04
8.638898080017621325e-04
4.631787524589129571e-04
3.335556911809525607e-04
3.081491454045302879e-04
1.623526705558946907e-03
7.273980878235873550e-05
5.453323308753389438e-05
5.046213472768071838e-05
3.015866553442483392e-05
2.406830833123635042e-05
1.804407641731752731e-05
9.483457564964820898e-05
5.667782910000373266e-05
2.321664506003474665e-04
3.791569308402531030e-05
3.094229822327088575e-04
1.447988313446793140e-04
4.612181900499081038e-04
7.532271477417247551e-05
3.128263725985135557e-04
1.463914956775685180e-04
4.260047832519746948e-05
2.437939974150667871e-05
5.081312722558429829e-05
1.299620814709359954e-04
8.462943486279284858e-05
4.843172902116151066e-05
5.137202852764045035e-05
1.313915541390827269e-04
1.671188512592136535e-05
1.203497432583085367e-05
1.009912748212257325e-05
5.320866020428443303e-05
4.666956137501714026e-05
3.360883399533017403e-05
8.125315068667810064e-06
4.280935450184369527e-05
9.610267987884091128e-05
7.204844128543420444e-05
3.439558583097814936e-04
2.055650191049197687e-04
2.683760618933717416e-04
2.012022657653057475e-04
2.767317992003061442e-04
1.653885991914562001e-04
8.501921854940717570e-04
1.388470465231883447e-04
1.856465467977701255e-04
8.687590955760236930e-05
2.327085491798747889e-04
3.800422458075749827e-05
5.419342515037814196e-06
2.536057461445598954e-06
1.560027027020340410e-04
8.927721939870218769e-05
3.048668697249824470e-05
7.797420691131612012e-05
4.269994859201492064e-05
2.443632458114404415e-05
8.899589122586023156e-07
2.276201426203562556e-06
1.034471387174442568e-04
7.449690140665478962e-05
1.211722429066355928e-05
6.384128441217684820e-05
3.422881737406306468e-05
2.464969901339545956e-05
2.277216035068644885e-05
1.199782995473675374e-04
5.948788650494326582e-04
4.459823080323524328e-04
4.126881543583958332e-04
2.466428359497581878e-04
1.968348306576535344e-04
1.475676095343594061e-04
7.755737288051461117e-04
4.635211889181240332e-04
5.696001430818119909e-04
9.302284696975319383e-05
7.591423071542111132e-04
3.552513071493933259e-04
1.131558613938550128e-03
1.847977130275985796e-04
7.674922286623048467e-04
3.591587702197429578e-04
5.700441829574245120e-04
3.262248583349727175e-04
6.799390225552259803e-04
1.739044523913864252e-03
1.132440736515737253e-03
6.480731316754628378e-04
6.874177751094197450e-04
1.758172538697015718e-03
4.662942743832675899e-04
3.357993175635330479e-04
2.817854051591223434e-04
1.484625666938023955e-03
1.302172022675940647e-03
9.377521890939975431e-04
2.267121791187516578e-04
1.194464702446471549e-03
2.653985236487715568e-04
1.989699972202280370e-04
9.498733761727339714e-04
5.676912720129989815e-04
7.411511385423320180e-04
5.556430305192437951e-04
7.642264611873731328e-04
4.567395010117202892e-04
2.085872395654986104e-03
3.406491220483719488e-04
4.554676153475894335e-04
2.131424690622324284e-04
5.709301346790681200e-04
9.324005127759138023e-05
1.329588432778610126e-05
6.221995853267131309e-06
2.087498467084847060e-03
1.194633525012374787e-03
4.079474984682806790e-04
1.043386009218203120e-03
5.713752113685062993e-04
3.269865792117515081e-04
1.190869025299334160e-05
3.045823505411824784e-05
2.886377456631571831e-03
2.078609224721006052e-03
3.380942524186218039e-04
1.781296673975946371e-03
9.550509377113835163e-04
6.877748038962474674e-04
6.353878037608476533e-04
3.347629169757932073e-03
1.642825910089287019e-03
1.231631066630829718e-03
1.139685459678521683e-03
6.811323535632654537e-04
5.435818597884793570e-04
4.075248032434965477e-04
2.141835408389873921e-03
1.280066688815391937e-03
8.777058493541142216e-05
1.433403728924241020e-05
1.169774361144651942e-04
5.474123454195352969e-05
1.743636525383120920e-04
2.847577123032598846e-05
1.182640886966870441e-04
5.534334169284454611e-05
6.790006857956422501e-05
3.885784806781839479e-05
8.099004891498016176e-05
2.071440178970939436e-04
1.348891997683164610e-04
7.719438492827051211e-05
8.188087076090237010e-05
2.094224264036567836e-04
2.809746892434164338e-04
2.023424135442283161e-04
1.697952794994810239e-04
8.945900868339718825e-04
7.846490928861651242e-04
5.650608304519946475e-04
1.366098354088536321e-04
7.197479510680655215e-04
6.317373855917419935e-05
4.736152414376281210e-05
2.261016809952934770e-04
1.351295384292927149e-04
1.764187969676532931e-04
1.322616533794438375e-04
1.819114967005109489e-04
1.087193004311787551e-04
4.182560845500727688e-04
6.830646413949600839e-05
9.132970062381103504e-05
4.273901641682683342e-05
1.144820762669562032e-04
1.869635882417799378e-05
2.666071295231006567e-06
1.247625515872998575e-06
3.235664527662502309e-04
1.851705944405775898e-04
6.323268116147639248e-05
1.617269258837477123e-04
8.856430471982692772e-05
5.068357615872518354e-05
1.845870894283371760e-06
4.721087574135750184e-06
3.914092718661493905e-04
2.818712851547052400e-04
4.584751202835992063e-05
2.415540048432114422e-04
1.295103629866005738e-04
9.326619239712134442e-05
8.616221591229323174e-05
4.539576391169428582e-04
8.800361013688080163e-05
6.597654660459998158e-05
6.105116449421552603e-05
3.648719302907746820e-05
2.911882858221173824e-05
2.183046522793188849e-05
1.147347671470953632e-04
6.857116699942671599e-05
1.146185276434050080e-04
1.871864304524846441e-05
1.527593954718084912e-04
7.148590509221501306e-05
2.276993498809921966e-04
3.718615951269091749e-05
1.544396192583011621e-04
7.227218941707713154e-05
4.972552657835261372e-05
2.845692202224712596e-05
5.931176380455094728e-05
1.516986003544151308e-04
9.878394276365817578e-05
5.653207013999355160e-05
5.996414290081173207e-05
1.533671562943355574e-04
6.164197392475412145e-04
4.439113648688692345e-04
3.725074390023047264e-04
1.962607342122198520e-03
1.721411955433073317e-03
1.239665575230738297e-03
2.997031488783760038e-04
1.579027796119271626e-03
3.203121962505436806e-05
2.401389273812216786e-05
1.146411905758977436e-04
6.851524101595738553e-05
8.945028995498868177e-05
6.706112641096097725e-05
9.223527427743527746e-05
5.512435814339870918e-05
5.461954779531530456e-04
8.920057162610243637e-05
1.192663330581359408e-04
5.581235602142617353e-05
1.495007357297955836e-04
2.441534509878243541e-05
3.481589722531695744e-06
1.629258820423017915e-06
2.369587039229278176e-04
1.356067159872578201e-04
4.630744023521972733e-05
1.184381211934141571e-04
6.485864860473072337e-05
3.711730438701160549e-05
1.351793954469145510e-06
3.457412791436743794e-06
8.586979914542430944e-04
6.183867470920386897e-04
1.005831218668473790e-04
5.299361913366385391e-04
2.841278849601052629e-04
2.046131705060392201e-04
1.890280252953091349e-04
9.959204876688089458e-04
4.462080333351952076e-05
3.345233799033536304e-05
3.095500286796865714e-05
1.850023949938305937e-05
1.476422980203195128e-05
1.106878336126985020e-05
5.817440298670404735e-05
3.476789818363456522e-05
5.498901673180168993e-04
8.980396073609977299e-05
7.328735699408989342e-04
3.429584825442466719e-04
1.092403088563551712e-03
1.784031246672940587e-04
7.409345576196161220e-04
3.467307349701645989e-04
1.008999538628227774e-04
5.774302087275765699e-05
1.203517517702293066e-04
3.078173893784107509e-04
2.004462486995556986e-04
1.147113698214391990e-04
1.216755189627207276e-04
3.112031195846103027e-04
2.615573103015152599e-05
1.883590923760949769e-05
1.580612002005047845e-05
8.327674551923194021e-05
7.304241774177454511e-05
5.260110487807126802e-05
1.271691098101630123e-05
6.700081729187317824e-05
1.504100720683439868e-04
1.127628413673401265e-04
5.383244827503899741e-04
3.217293147005048952e-04
4.200347260002677266e-04
3.149011799902652858e-04
4.331122702696326657e-04
2.588492969710243924e-04
1.904767604759399758e-04
3.110724383807388337e-05
4.159218754408418935e-05
1.946364845298643962e-05
5.213594213063673771e-05
8.514453209583460388e-06
1.214147605431188419e-06
5.681774284437503804e-07
3.495079106014883913e-05
2.000163707160198840e-05
6.830226707848279623e-06
1.746931409927867911e-05
9.566481578008913855e-06
5.474705629586563810e-06
1.993860840595692561e-07
5.099593730116589821e-07
2.747313551979858796e-06
1.978463100599004513e-06
3.218050776353264093e-07
1.695474887134772862e-06
9.090371662850993612e-07
6.546382335107179201e-07
6.047752070763599909e-07
3.186342439014201556e-06
1.579858841916049014e-05
1.184424483839226207e-05
1.096003014938089471e-05
6.550255658151437286e-06
5.227471774202323798e-06
3.919049850323727809e-06
2.059742050020203067e-05
1.231003640828433352e-05
1.674886175060830032e-04
2.735299178674202559e-05
2.232227239756412083e-04
1.044602095423537234e-04
3.327302322121184516e-04
5.433901983559151890e-05
2.256779846118275640e-04
1.056091832488349411e-04
1.676191856349488281e-04
9.592509970769889861e-05
1.999333185909246496e-04
5.113590061897546222e-04
3.329896167869267690e-04
1.905632823051636596e-04
2.021324155209127847e-04
5.169835215459696537e-04
9.060250798829793545e-05
6.524690956639964763e-05
5.475182910123094633e-05
2.884676399389459519e-04
2.530162980076870001e-04
1.822083282403726275e-04
4.405092051970564021e-05
2.320884121690810695e-04
5.156780423858699111e-05
3.866052352116166929e-05
1.845635146740498805e-04
1.103042774339722999e-04
1.440080988322925773e-04
1.079632645668795630e-04
1.484917097602737727e-04
8.874598416143567395e-05
5.801647524405049468e-05
9.474818017341387241e-06
1.266838071462301289e-05
5.928346722246075278e-06
1.587985635827424521e-05
2.593379699529391535e-06
3.698118569273934612e-07
1.730586536077660449e-07
5.806170281072816535e-05
3.322754856623414375e-05
1.134665571827821625e-05
2.902074868045240137e-05
1.589223572567384347e-05
9.094807917057822245e-06
3.312284273434201847e-07
8.471656481363234123e-07
9.516594957819167992e-06
6.853324752037549917e-06
1.114721170802641884e-06
5.873063797318643212e-06
3.148871925050083100e-06
2.267643206482249240e-06
2.094919483118075650e-06
1.103737517224975245e-05
5.416515687028522548e-06
4.060776587505237396e-06
3.757625280143967268e-06
2.245742567949619105e-06
1.792228654689537060e-06
1.343638711847222539e-06
7.061786046426774457e-06
4.220472332357111296e-06
7.914482466529957936e-06
1.292534245770135631e-06
1.054813372599546457e-05
4.936147358449462050e-06
1.572278539364987873e-05
2.567728041110574188e-06
1.066415425052545536e-05
4.990440792772658649e-06
6.122710730988062675e-06
3.503904610481357412e-06
7.303065401383718386e-06
1.867866892877091214e-05
1.216328007015341799e-05
6.960801349096049345e-06
7.383392926665010088e-06
1.888411844457457353e-05
1.250586666411621310e-05
9.006032718083606530e-06
7.557396473449821154e-06
3.981719625746659233e-05
3.492384655776977116e-05
2.515022054753639493e-05
6.080349768266594462e-06
3.203516990112295648e-05
2.811791884963464944e-06
2.108008047081047974e-06
1.006353092754931901e-05
6.014463418504873819e-06
7.852201768999583187e-06
5.886817088018673112e-06
8.096675641966963457e-06
4.838973498536120996e-06
1.061699832478181591e-04
1.733888978855913315e-05
2.318310036227918148e-05
1.084885749333192879e-05
2.906009157646350719e-05
4.745877409753583463e-06
6.767546371899292523e-07
3.166968395983463422e-07
8.213399909460504273e-05
4.700364115657245859e-05
1.605096243094787181e-05
4.105270824755449566e-05
2.248113319994749491e-05
1.286550185516107386e-05
4.685552444132795652e-07
1.198399275402454630e-06
5.944097993083534263e-05
4.280610248213339192e-05
6.962586832353885847e-06
3.668335879127646845e-05
1.966796251508904779e-05
1.416377758265917715e-05
1.308493925660082584e-05
6.893982553746767566e-05
1.336458075979418073e-05
1.001946265588455747e-05
9.271474398531329120e-06
5.541091293605296362e-06
4.422101952547980202e-06
3.315261897878719180e-06
1.742408134289620241e-05
1.041349210255993436e-05
1.033542533686836523e-05
1.687904578599666984e-06
1.377467813332941683e-05
6.446054140720399910e-06
2.053219211880071560e-05
3.353164476200706814e-06
1.392618790972920457e-05
6.516955269013072976e-06
4.483869038048998407e-06
2.566028363172254473e-06
5.348282856215697537e-06
1.367902371376085133e-05
8.907583144774521748e-06
5.097631265062998423e-06
5.407109431459397937e-06
1.382948137267519800e-05
2.743614767905526683e-05
1.975799441111402390e-05
1.657988616732096256e-05
8.735344027138497100e-05
7.661810551914686389e-05
5.517611722848020709e-05
1.333944928911977903e-05
7.028074710349945192e-05
1.425673475424400974e-06
1.068831293943254356e-06
5.102550152891775434e-06
3.049536137623564789e-06
3.981331564974170097e-06
2.984815135837261307e-06
4.105288077541030597e-06
2.453523037048740309e-06
1.386460756612804368e-04
2.264264297655500213e-05
3.027452570458676731e-05
1.416738960340618592e-05
3.794921626793133030e-05
6.197582954270446994e-06
8.837655593572444197e-07
4.135705087392773398e-07
6.014951737757707643e-05
3.442236298880470090e-05
1.175466499025677860e-05
3.006429268455133757e-05
1.646369745761822140e-05
9.421844010260686594e-06
3.431389208715961490e-07
8.776284953331886662e-07
1.304053167502253554e-04
9.391068854383814322e-05
1.527495580205009591e-05
8.047823283204316670e-05
4.314879876805729320e-05
3.107337571142989566e-05
2.870655312883414360e-05
1.512444747105366988e-04
6.776293936012061592e-06
5.080206050415265319e-06
4.700950734920506895e-06
2.809520478540252345e-06
2.242155080212142368e-06
1.680949780517722231e-06
8.834597872284229516e-06
5.279992291233916135e-06
9.204552050191919807e-04
1.503218788108959074e-04
1.226749144039469006e-03
5.740744954633280727e-04
1.828561717609053809e-03
2.986270612777300543e-04
1.240242344150064039e-03
5.803888280090751910e-04
1.688953417228862769e-04
9.665541825395760679e-05
2.014554959045468797e-04
5.152521995995586754e-04
3.355248082393423917e-04
1.920141215508614255e-04
2.036713354939420032e-04
5.209195367812486863e-04
6.625652246506849325e-05
4.771427883674925376e-05
4.003935294283289900e-05
2.109529094771708021e-04
1.850277702592954896e-04
1.332467551002019341e-04
3.221390742735059790e-05
1.697234594957228442e-04
3.810120354686591685e-04
2.856457624398824491e-04
1.363659388595607437e-03
8.149902421978530561e-04
1.064013092475374084e-03
7.976935181910958621e-04
1.097140539942710038e-03
6.557054069739953273e-04
3.370701582339174530e-03
5.504778418386146142e-04
7.360207723897157616e-04
3.444312601424248232e-04
9.226044279489873821e-04
1.506728738696761893e-04
2.148571429183441917e-05
1.005454183659672769e-05
6.184937544931131846e-04
3.539515768651409146e-04
1.208685821532941399e-04
3.091392594544707076e-04
1.692897050109497237e-04
9.688110445798755761e-05
3.528362133819962336e-06
9.024307538851790059e-06
4.101301330601100003e-04
2.953530128071585889e-04
4.804036991514212476e-05
2.531073821404703915e-04
1.357047628205440093e-04
9.772705617183749386e-05
9.028330092534756380e-05
4.756701496799337894e-04
2.358477490071256462e-03
1.768157008531348389e-03
1.636157846005251810e-03
9.778487871249296002e-04
7.803782326835352829e-04
5.850516900133787435e-04
3.074866647221645086e-03
1.837692267220856698e-03
2.803573857609719527e-04
4.578587717934812901e-05
3.736501039181417804e-04
1.748548152072124475e-04
5.569535378321619499e-04
9.095749772587828381e-05
3.777599381479099152e-04
1.767780698704463365e-04
2.805759423400254861e-04
1.605679871465551950e-04
3.346662200769040855e-04
8.559583110504900318e-04
5.573877188671646967e-04
3.189818176579397560e-04
3.383472646488079323e-04
8.653731264864320157e-04
2.295102017602997546e-04
1.652805392622744729e-04
1.386948730535360384e-04
7.307332623977260636e-04
6.409295161220984445e-04
4.615619490605720821e-04
1.115878123099018119e-04
5.879159361684913043e-04
1.306292443544981418e-04
9.793310086566971097e-05
4.675280014975113571e-04
2.794178387662826237e-04
3.647948445575646616e-04
2.734876901712867043e-04
3.761525262768009329e-04
2.248073390301533073e-04
1.026667108461056313e-03
1.676676146928822669e-04
2.241813164700932957e-04
1.049087963665478531e-04
2.810120080812428408e-04
4.589278521415315242e-05
6.544238825766925310e-06
3.062468492721279003e-06
1.027467461376471323e-03
5.879990306933241496e-04
2.007918986457630508e-04
5.135549515512918047e-04
2.812310749804167913e-04
1.609429064233268501e-04
5.861461426435849441e-06
1.499155373884676048e-05
1.420675973995326816e-03
1.023092173236552025e-03
1.664101069849637491e-04
8.767548338008084420e-04
4.700763990624042053e-04
3.385229943401223476e-04
3.127380949081170233e-04
1.647704225375703612e-03
8.085994763292555674e-04
6.062092333656977743e-04
5.609535740923597994e-04
3.352535780082966451e-04
2.675511778014009762e-04
2.005838479111670607e-04
1.054212122520871171e-03
6.300492632152329599e-04
2.023140051865928964e-04
3.304041435538611842e-05
2.696367311917962023e-04
1.261802962483511963e-04
4.019137952646480790e-04
6.563756334338937467e-05
2.726025065410721520e-04
1.275681724865907884e-04
1.565118295256303076e-04
8.956858247347396088e-05
1.866846528174035183e-04
4.774735857353997587e-04
3.109239192335869315e-04
1.779355259423936369e-04
1.887380256608095041e-04
4.827253902067171277e-04
6.476556442995682521e-04
4.664057341463454724e-04
3.913835493131997750e-04
2.062058759216293426e-03
1.808641252244639610e-03
1.302483284883322774e-03
3.148900394110932198e-04
1.659042044810107560e-03
1.456174876802114929e-04
1.091698277767807665e-04
5.211716054443627909e-04
3.114779075331871087e-04
4.066509688979661895e-04
3.048673407780875047e-04
4.193118174391886692e-04
2.506014643459678537e-04
9.640936507516373235e-04
1.574485842878362409e-04
2.105178806691641305e-04
9.851479963801896644e-05
2.638848469414763523e-04
4.309570500081135770e-05
6.145379596685080836e-06
2.875816713253083724e-06
7.458310213077737642e-04
4.268241419562540076e-04
1.457533522635073029e-04
3.727857362023274967e-04
2.041435546728941227e-04
1.168272639107636156e-04
4.254791442425019522e-06
1.088225783914883389e-05
9.022108889519331928e-04
6.497223265482993983e-04
1.056799814325460745e-04
5.567897060803913374e-04
2.985255284360924699e-04
2.149815561358093814e-04
1.986066631525328487e-04
1.046386875766901550e-03
2.028511357281447740e-04
1.520780498589479875e-04
1.407248865803899436e-04
8.410414679543448430e-05
6.711983110451262265e-05
5.031992049044266150e-05
2.644673075012721674e-04
1.580587328451955897e-04
2.577552019228279874e-04
4.209465709470725295e-05
3.435267372125477663e-04
1.607581625808835379e-04
5.120523977490544325e-04
8.362457842547274577e-05
3.473052399578486853e-04
1.625263660213790268e-04
1.118232227148985015e-04
6.399418866002612970e-05
1.333808413889598342e-04
3.411412113703981728e-04
2.221462414261333681e-04
1.271298406430710454e-04
1.348479175165653333e-04
3.448934753547321184e-04
1.386210393953782490e-03
9.982719708596535322e-04
8.376981639173863934e-04
4.413529489209411065e-03
3.871127079432101336e-03
2.787771377193771962e-03
6.739752049196562735e-04
3.550932268967244444e-03
7.203210206971622225e-05
5.400266343435235872e-05
2.578061665344045573e-04
1.540777058121236675e-04
2.011566369194260509e-04
1.508076794792444436e-04
2.074195353455640222e-04
1.239641649238683524e-04
1.228289427579739874e-03
2.005950680386413168e-04
2.682072295993579878e-04
1.255113408963704294e-04
3.361986331348762957e-04
5.490545320501066681e-05
7.829431073617835478e-06
3.663892259628471510e-06
5.328749185039822036e-04
3.049536334137197013e-04
1.041365986264711002e-04
2.663447391205899916e-04
1.458547270783758351e-04
8.346973638389542662e-05
3.039926710420460393e-06
7.775061768023180448e-06
1.931047961692696803e-03
1.390633819333312628e-03
2.261922519845717232e-04
1.191725393901001909e-03
6.389494077924655780e-04
4.601359846807347078e-04
4.250879664119406980e-04
2.239635176581554737e-03
1.003436740085527035e-04
7.522792615444758404e-05
6.961189590201538363e-05
4.160350918675000272e-05
3.320193612761651461e-05
2.489158209395572166e-05
1.308231338935773142e-04
7.818637004861832100e-05
1.833635579729354871e-04
2.994556865954989462e-05
2.443802659431318705e-04
1.143611785295720512e-04
3.642671372659651830e-04
5.948939194900276675e-05
2.470682415960784566e-04
1.156190544973529250e-04
3.364558168011823715e-05
1.925469190870439550e-05
4.013187855403525962e-05
1.026432096388506850e-04
6.683977915652063574e-05
3.825106568643884929e-05
4.057329518006250072e-05
1.037721978874915445e-04
8.721756067149373474e-06
6.280925793433800453e-06
5.270627803292860098e-06
2.776903691384257923e-05
2.435635040611941232e-05
1.754009494440120592e-05
4.240515983904995786e-06
2.234174927268229173e-05
5.015497204456661833e-05
3.760131937091965845e-05
1.795069240508266996e-04
1.072822089825826704e-04
1.400626277920948546e-04
1.050053341642993014e-04
1.444233987047206563e-04
8.631456042011848831e-05
6.351540468958413472e-05
1.037286216027601097e-05
1.386911777156814322e-05
6.490248496132878164e-06
1.738498415778346441e-05
2.839185945655206675e-06
4.048634401339078870e-07
1.894615343778407081e-07
1.165451172552286417e-05
6.669643424650014386e-06
2.277572405088167416e-06
5.825227980004933122e-06
3.189989935593422781e-06
1.825567290994841968e-06
6.648626208715179041e-08
1.700484398786983933e-07
9.161051018883803104e-07
6.597281693785855257e-07
1.073074725026763356e-07
5.653643695341759759e-07
3.031228762511634610e-07
2.182923114757605361e-07
2.016652421413588973e-07
1.062501425307195741e-06
5.268116354246306424e-06
3.949521202866257721e-06
3.654675502715211111e-06
2.184214693215968863e-06
1.743125956217522945e-06
1.306826284844381499e-06
6.868310314407725971e-06
4.104841673399084592e-06
1.070596139202115079e-04
1.748417763460828337e-05
1.426851508054398658e-04
6.677152077646478657e-05
2.126829317157506206e-04
3.473379009883975491e-05
1.442545664451269063e-04
6.750595087238390850e-05
1.071430737616909154e-04
6.131583323619620488e-05
1.277984391826127609e-04
3.268633928231562641e-04
2.128487317136807679e-04
1.218090622201125245e-04
1.292041136206927205e-04
3.304586129132786152e-04
5.791360433838297923e-05
4.170617115167244825e-05
3.499765997405940179e-05
1.843900476354250792e-04
1.617293615743192281e-04
1.164685312048323833e-04
2.815758237122188630e-05
1.483521457884999571e-04
3.296241437001328482e-05
2.471201197883492285e-05
1.179739788827347479e-04
7.050708001336317111e-05
9.205074166791638707e-05
6.901069215450408617e-05
9.491668958763502489e-05
5.672690444738694447e-05
3.708443912861105027e-05
6.056354001871154381e-06
8.097696240477564279e-06
3.789430713079741387e-06
1.015048852954745587e-05
1.657702078590784882e-06
2.363857031915933647e-07
1.106200105814721872e-07
3.711334882945615355e-05
2.123922553057616615e-05
7.252842602514806716e-06
1.855021669930424278e-05
1.015840148694188423e-05
5.813449527358659040e-06
2.117229700668911908e-07
5.415127819814173840e-07
6.083058044121407028e-06
4.380681582713055778e-06
7.125356931821509877e-07
3.754093573832675804e-06
2.012775659622430227e-06
1.449489582096304639e-06
1.339083660705507757e-06
7.055148834759890536e-06
3.462265596794850217e-06
2.595669963415604736e-06
2.401894037572009081e-06
1.435490577621720992e-06
1.145602075441533603e-06
8.588610013058919007e-07
4.513931149322007529e-06
2.697748331743657348e-06
1.824313519114676471e-05
2.979332771850831020e-06
2.431378556859697802e-05
1.137797751962139145e-05
3.624152314832305657e-05
5.918695250912191064e-06
2.458121658798445594e-05
1.150312562204482161e-05
1.411304403971636245e-05
8.076612182314940646e-06
1.683379930281703855e-05
4.305492922617373407e-05
2.803674954439296373e-05
1.604486971666163877e-05
1.701895681747123362e-05
4.352849693039344823e-05
2.882642259942444331e-05
2.075919342884406039e-05
1.742004055745785321e-05
9.177991073064645895e-05
8.050058318312251250e-05
5.797206266817710510e-05
1.401540066593633041e-05
7.384209110943636308e-05
6.481270216174749306e-06
4.859025962791203660e-06
2.319676062054156350e-05
1.386353052268472353e-05
1.809957619159746319e-05
1.356930164877396268e-05
1.866309628708168178e-05
1.115398866489316810e-05
2.447252067109501137e-04
3.996669546173933448e-05
5.343778773249516293e-05
2.500696346947815007e-05
6.698444042784872663e-05
1.093939920302890288e-05
1.559941081391316868e-06
7.299963432649655322e-07
1.893214945650589353e-04
1.083448960461798458e-04
3.699798171442337505e-05
9.462780537957334883e-05
5.181973097435348157e-05
2.965539321594561013e-05
1.080034822807566439e-06
2.762348654709292152e-06
1.370133596679648828e-04
9.866943516396843128e-05
1.604898531267084932e-05
8.455631515070029019e-05
4.533528258032667031e-05
3.264796028679246110e-05
3.016120344389024524e-05
1.589085025651101369e-04
3.080578605170902100e-05
2.309518184504736997e-05
2.137104499112265659e-05
1.277239263631200698e-05
1.019308641980444227e-05
7.641784696956513447e-06
4.016306471891913598e-05
2.400343232072797733e-05
2.324239980599769433e-05
3.795775381419813344e-06
3.097662320985658052e-05
1.449594599414197306e-05
4.617298297501107123e-05
7.540627195391280022e-06
3.131733979217655843e-05
1.465538910526351373e-05
1.008336604090321192e-05
5.770508245812602124e-06
1.202726780641555471e-05
3.076151466905056099e-05
2.003145511752561455e-05
1.146360019683987562e-05
1.215955755129469237e-05
3.109986523986714825e-05
6.169866190395371648e-05
4.443196003067685813e-05
3.728500090501042766e-05
1.964412220147730736e-04
1.722995022277147093e-04
1.240805612316976355e-04
2.999787657152153957e-05
1.580479921824578832e-04
3.206067658426952346e-06
2.403597670080808606e-06
1.147466183714890497e-05
6.857824987680778928e-06
8.953255137287508073e-06
6.712279802036995314e-06
9.232009685816722889e-06
5.517505230954658462e-06
3.117885734762120106e-04
5.091898432551753424e-05
6.808163258196071833e-05
3.185975638516632758e-05
8.534054749320914084e-05
1.393718169876850076e-05
1.987420139554328132e-06
9.300411738062728238e-07
1.352647893493517624e-04
7.740932731612131348e-05
2.643399902610042777e-05
6.760885862783469241e-05
3.702371466319307315e-05
2.118792969410355779e-05
7.716539695223402864e-07
1.973619053383903727e-06
2.932566788446152174e-04
2.111872223977358839e-04
3.435046146613310254e-05
1.809801921252407301e-04
9.703341656760510814e-05
6.987809384396989165e-05
6.455556139450005461e-05
3.401199694347105677e-04
1.523859229111047023e-05
1.142441421345289077e-05
1.057154136265352005e-05
6.318075560222315636e-06
5.042179020484290560e-06
3.780135367359248373e-06
1.986732516371347135e-05
1.187369535414094566e-05
3.069302769500474939e-04
5.012556357277347615e-05
4.090654846374810940e-04
1.914279401340820291e-04
6.097428221879620585e-04
9.957864991468148061e-05
4.135648580174176945e-04
1.935334851149270619e-04
5.631897535904262854e-05
3.223022058177325318e-05
6.717631755887835834e-05
1.718133587162628466e-04
1.118823835803782322e-04
6.402804523735313369e-05
6.791520007607346882e-05
1.737031599377238317e-04
2.209356053293923426e-05
1.591055896905910034e-05
1.335131750098383208e-05
7.034327643124826718e-05
6.169841232844264776e-05
4.443178030021285987e-05
1.074188453104977877e-05
5.659511526892414211e-05
1.270503213301493902e-04
9.524997251056073824e-05
4.547188733627240522e-04
2.717624707702724195e-04
3.548003546192491720e-04
2.659947937982987684e-04
3.658468635317448829e-04
2.186481656714361216e-04
1.123976880723657470e-03
1.835595209077746739e-04
2.454297159478315352e-04
1.148522834020630518e-04
3.076469458172257699e-04
5.024260458684137666e-05
7.164516211220543888e-06
3.352736008970829210e-06
2.062397586794978757e-04
1.180268794415243220e-04
4.030421816572444442e-05
1.030839936621520740e-04
5.645047772066130471e-05
3.230547674712381731e-05
1.176549560487130212e-06
3.009199358185419244e-06
1.367598929739059701e-04
9.848690248543048181e-05
1.601929562941616022e-05
8.439989091794670561e-05
4.525141496166738115e-05
3.258756347160806174e-05
3.010540698328022076e-05
1.586145311385234451e-04
7.864458207859557860e-04
5.896005773669111367e-04
5.455848128947395851e-04
3.260684467977610027e-04
2.602209274033622476e-04
1.950883391899071453e-04
1.025329278893615838e-03
6.127874484834898742e-04
1.792059300875138586e-04
2.926657588323101908e-05
2.388391310548032618e-04
1.117681266160920324e-04
3.560076596228491617e-04
5.814051566416074076e-05
2.414661589237213459e-04
1.129974812121354764e-04
1.793456326137010323e-04
1.026359102356991471e-04
2.139204254418578888e-04
5.471330988180946519e-04
3.562851904465613208e-04
2.038948721084645290e-04
2.162733686839669357e-04
5.531510988512336122e-04
1.467041400011266010e-04
1.056481985786335872e-04
8.865449952910995246e-05
4.670885825904906043e-04
4.096855509814434316e-04
2.950328494107397467e-04
7.132752232351088960e-05
3.757989890951986441e-04
8.349890682436145737e-05
6.259935824180373634e-05
2.988463818169240704e-04
1.786053666581352518e-04
2.331788022371013573e-04
1.748147841784232026e-04
2.404386927179927942e-04
1.436980451649151212e-04
6.562510688371321231e-04
1.071740298727512868e-04
1.432978882194264154e-04
6.705825985714393466e-05
1.796243681516360483e-04
2.933491206691692975e-05
4.183112216941068083e-06
1.957546126748848414e-06
6.567626586717139302e-04
3.758521035568256367e-04
1.283472481139853673e-04
3.282670527619429603e-04
1.797643968771547927e-04
1.028755606287830689e-04
3.746677276738779809e-06
9.582680777019047868e-06
9.081036284518627637e-04
6.539659512534775222e-04
1.063702242666386525e-04
5.604263466201496197e-04
3.004753310761340362e-04
2.163856960360376264e-04
1.999038513634484085e-04
1.053221292587343911e-03
5.168610801193772482e-04
3.874921618279038023e-04
3.585645040464296670e-04
2.142958677513365055e-04
1.710201339400006370e-04
1.282142609793769465e-04
6.738579881286088126e-04
4.027308355332669381e-04
6.057836764971730555e-05
9.893207176999810776e-06
8.073664014975012423e-05
3.778184495548413038e-05
1.203440247776209527e-04
1.965368853322938011e-05
8.162467471418476757e-05
3.819741320512084950e-05
4.686393876582611065e-05
2.681929268286613137e-05
5.589851044915176406e-05
1.429687005258529467e-04
9.309915778223853890e-05
5.327878165697274372e-05
5.651334665347222295e-05
1.445412349719703857e-04
1.939258811796474625e-04
1.396546818940935602e-04
1.171909800336327462e-04
6.174370059844109691e-04
5.415568468622338795e-04
3.899992549527272014e-04
9.428672305254373999e-05
4.967627369353550633e-04
4.360187371499187411e-05
3.268844367555629864e-05
1.560530873484691880e-04
9.326503708879409476e-05
1.217624646217385886e-04
9.128565191032318650e-05
1.255534702764395170e-04
7.503695864607198016e-05
2.886761080634330651e-04
4.714442886007438020e-05
6.303483320521527855e-05
2.949803571881257953e-05
7.901436808819348320e-05
1.290403726254694897e-05
1.840095371606684394e-06
8.610984790102499354e-07
2.233222844443028563e-04
1.278028664864500215e-04
4.364255530136982805e-05
1.116222841884188875e-04
6.112618499588811239e-05
3.498129028768684885e-05
1.274001372442675406e-06
3.258446767592650672e-06
2.701467101998254066e-04
1.945447025853297310e-04
3.164348786695031778e-05
1.667181245678349411e-04
8.938673918174286121e-05
6.437138018938511205e-05
5.946828766027017728e-05
3.133169589796005973e-04
6.073919928068626802e-05
4.553634340494931221e-05
4.213689462016821999e-05
2.518309061570225116e-05
2.009752019632077673e-05
1.506716571975900778e-05
7.918877277115266608e-05
4.732712408967338784e-05
2.392504397854663056e-04
3.907259736136157649e-05
3.188642647870818295e-04
1.492170121481981016e-04
4.752911306571533639e-04
7.762100247023818740e-05
3.223715012533103505e-04
1.508582727226223967e-04
1.037952096143444550e-04
5.939991769869054942e-05
1.238051636716083011e-04
3.166500006224937276e-04
2.061979178748194223e-04
1.180029347877817943e-04
1.251669154659851237e-04
3.201328820609518843e-04
1.286691573689067569e-03
9.266040268905382246e-04
7.775581351204622618e-04
4.096673368460763097e-03
3.593211113919063653e-03
2.587631687117755014e-03
6.255891752276081024e-04
3.296003730132965846e-03
6.686077320763824966e-05
5.012570407841323260e-05
2.392977455455139657e-04
1.430161587494289542e-04
1.867151991103063713e-04
1.399808941556782897e-04
1.925284715160901941e-04
1.150645292681749224e-04
1.140108069750133757e-03
1.861939463840943799e-04
2.489520954634314690e-04
1.165006303791719434e-04
3.120622599767133832e-04
5.096368076347149352e-05
7.267340537297469342e-06
3.400854096846232764e-06
4.946187609470360140e-04
2.830604013580786255e-04
9.666042366277936436e-05
2.472233169060354045e-04
1.353835241266571835e-04
7.747727684891882074e-05
2.821684283995308471e-06
7.216874513033695470e-06
1.792414161325559451e-03
1.290797432502065190e-03
2.099534572325579141e-04
1.106169041273851903e-03
5.930779502203010036e-04
4.271019008529832904e-04
3.945700500043296819e-04
2.078847282067913717e-03
9.313980069905042878e-05
6.982716268123609772e-05
6.461431848752248941e-05
3.861670994530986742e-05
3.081830264143232978e-05
2.310456556650976694e-05
1.214310791194910525e-04
7.257321396354113709e-05
7.407797851722171777e-04
1.209786293618685213e-04
9.872842941474932032e-04
4.620135549272126846e-04
1.471621377073240467e-03
2.403342271233230851e-04
9.981435840126680337e-04
4.670953121721476147e-04
1.359265005790903310e-04
7.778801138769659348e-05
1.621308219717450846e-04
4.146735350591178944e-04
2.700294311033930817e-04
1.545324301898138696e-04
1.639141235013116110e-04
4.192345922371945523e-04
3.523546694431522200e-05
2.537463229541652343e-05
2.129307794312263304e-05
1.121855478094067345e-04
9.839846161846123166e-05
7.086112370666172006e-05
1.713147669200523800e-05
9.025957180124067876e-05
2.026236283110111579e-04
1.519074869276538858e-04
7.251991731908043019e-04
4.334148649899598887e-04
5.658461499847129662e-04
4.242164023434128644e-04
5.834634506934884913e-04
3.487065926954107135e-04
2.565991212279012399e-04
4.190585461831214609e-05
5.603055589086501382e-05
2.622028575268625625e-05
7.023448373272782970e-05
1.147017203493006407e-05
1.635628450505681348e-06
7.654153109067130505e-07
4.708365603155568812e-05
2.694503246941130171e-05
9.201280863040468729e-06
2.353363546885455608e-05
1.288740295680356553e-05
7.375202360766754774e-06
2.686012394736231883e-07
6.869873608190230946e-07
3.701019701374974296e-06
2.665269462411189282e-06
4.335169283726437346e-07
2.284044337039803209e-06
1.224601560050796607e-06
8.818902370100635227e-07
8.147176920085120701e-07
4.292453671194645797e-06
2.128293181209341139e-05
1.595587204205658943e-05
1.476470986767795307e-05
8.824120283755324611e-06
7.042143409790971342e-06
5.279514126178306169e-06
2.774763696477822500e-05
1.658335912872807170e-05
4.614805350368856793e-04
7.536555900072909554e-05
6.150444348191519590e-04
2.878186834870721301e-04
9.167699146995403987e-04
1.497200246828592413e-04
6.218094019489400293e-04
2.909844448904761751e-04
4.618402887375547359e-04
2.643019388166347188e-04
5.508752547419471955e-04
1.408944866141769500e-03
9.174845956978384823e-04
5.250580414718514655e-04
5.569344153163189107e-04
1.424442064665215179e-03
2.496366289524415264e-04
1.797744777200267351e-04
1.508574359506341899e-04
7.948134195747217625e-04
6.971345176540061101e-04
5.020376790768468290e-04
1.213732770202295550e-04
6.394720203583916006e-04
1.420845084582312244e-04
1.065211436156479304e-04
5.085269122659948722e-04
3.039208139934515855e-04
3.967847814873595399e-04
2.974706331601484799e-04
4.091384518486714059e-04
2.445213583048823857e-04
1.598524988458172068e-04
2.610591784161705591e-05
3.490512488123478029e-05
1.633434353929707659e-05
4.375368737077990958e-05
7.145525881776144543e-06
1.018940726474379985e-06
4.768276271477038419e-07
1.599771141300054714e-04
9.155169538463068786e-05
3.126338272844239217e-05
7.996072107849219095e-05
4.378779617874577499e-05
2.505887794714834729e-05
9.126319993913391599e-07
2.334191196918929385e-06
2.622102563300586855e-05
1.888293079520437051e-05
3.071385566247590151e-06
1.618202277772061261e-05
8.676070782433702817e-06
6.248025780988852590e-06
5.772120985436002976e-06
3.041122361468929656e-05
1.492409809397837784e-05
1.118863705588300661e-05
1.035336580222226408e-05
6.187683063148216509e-06
4.938118487034061770e-06
3.702120901541312921e-06
1.945730313824270817e-05
1.162864592857359767e-05
7.882025453310083504e-06
1.287233608453733188e-06
1.050487620192646215e-05
4.915904392374804949e-06
1.565830680575319153e-05
2.557197879052876757e-06
1.062042093038079330e-05
4.969975171240359672e-06
6.097601710407431665e-06
3.489535221359009383e-06
7.273115787965439330e-06
1.860206836683719463e-05
1.211339888794048760e-05
6.932255348474534873e-06
7.353113892901055810e-06
1.880667534142875801e-05
1.245458054637449920e-05
8.969099295813027017e-06
7.526403857282698482e-06
3.965390734113223559e-05
3.478062509582224751e-05
2.504708038085509485e-05
6.055414468498773702e-06
3.190379480017621080e-05
2.800260825697399691e-06
2.099363180491090665e-06
1.002226074245062053e-05
5.989798316331687144e-06
7.820000166721818242e-06
5.862675458940988720e-06
8.063471460965906593e-06
4.819129039030801654e-06
1.057345838942405896e-04
1.726778361358621269e-05
2.308802728603973680e-05
1.080436671170840531e-05
2.894091716670812799e-05
4.726414734022137685e-06
6.739792903117504458e-07
3.153980770383172205e-07
8.179717046358736760e-05
4.681088088338305580e-05
1.598513800060563644e-05
4.088435254016145511e-05
2.238893886626185114e-05
1.281274088619574045e-05
4.666337158955936835e-07
1.193484682276635674e-06
5.919721457036152869e-05
4.263055616687785496e-05
6.934033509528557370e-06
3.653292163176882881e-05
1.958730489507917570e-05
1.410569243076354278e-05
1.303127838259816514e-05
6.865710574646327938e-05
1.330977308585806017e-05
9.978373193212381333e-06
9.233452409299126545e-06
5.518367473806636708e-06
4.403967068537502617e-06
3.301666125861806813e-06
1.735262580036614363e-05
1.037078673903589149e-05
3.112956207418501945e-05
5.083847896166042627e-06
4.148834557139991890e-05
1.941505414308511583e-05
6.184149449576153762e-05
1.009949163238500248e-05
4.194468218412341677e-05
1.962860327167718008e-05
1.350509292099976932e-05
7.728693944558408439e-06
1.610864553091653455e-05
4.120024129948303139e-05
2.682900349026577847e-05
1.535370086134908314e-05
1.628582696912287049e-05
4.165340900957262559e-05
8.263571497198229140e-05
5.950966635965630579e-05
4.993743158178773632e-05
2.631023158400206167e-04
2.307682552024919618e-04
1.661865196925624733e-04
4.017746741392633528e-05
2.116805848109770758e-04
4.294026564386203085e-06
3.219243429967974764e-06
1.536851619976148294e-05
9.184984787707558090e-06
1.199148598632599510e-05
8.990049758239226436e-06
1.236483413859650149e-05
7.389835947031667192e-06
4.175920659253417873e-04
6.819802157032945266e-05
9.118470662504935345e-05
4.267116443821429149e-05
1.143003258187328200e-04
1.866667669657126242e-05
2.661838670625441463e-06
1.245644799728437290e-06
1.811660453158381789e-04
1.036776959316514757e-04
3.540421042665293122e-05
9.055149980153421934e-05
4.958747949630280257e-05
2.837792044459465425e-05
1.033509893321699438e-06
2.643354272619235825e-06
3.927714893453931834e-04
2.828522787568852996e-04
4.600707463137927120e-05
2.423946826483383804e-04
1.299610965100105389e-04
9.359078572343712250e-05
8.646208534565259633e-05
4.555375430060178078e-04
2.040971279251936190e-05
1.530121736082998261e-05
1.415892746942664339e-05
8.462074785004728306e-06
6.753210775025711478e-06
5.062900541650014357e-06
2.660917706837840810e-05
1.590295923234706790e-05
3.856199361966710986e-04
6.297657180917646657e-05
5.139401940194984406e-04
2.405055336811191965e-04
7.660664517198054755e-04
1.251082591402333016e-04
5.195931002525923034e-04
2.431508905655585279e-04
7.075782780514168187e-05
4.049328638363943210e-05
8.439873559687276205e-05
2.158622377833513731e-04
1.405663789396006274e-04
8.044332075862308798e-05
8.532705010519996895e-05
2.182365393142583342e-04
2.775782659087715822e-05
1.998964975195482695e-05
1.677427933806869339e-05
8.837762777537077458e-05
7.751642510459175411e-05
5.582303725370531267e-05
1.349584950907132562e-05
7.110476345283342514e-05
1.596230169663983244e-04
1.196698112914905399e-04
5.712980311880198631e-04
3.414359367881381773e-04
4.457627688945724610e-04
3.341895639374810583e-04
4.596413412673000087e-04
2.747043808567003619e-04
1.412137953082191234e-03
2.306198379779510492e-04
3.083520868160324088e-04
1.442976907903861740e-04
3.865203420008219283e-04
6.312361936937727709e-05
9.001328613470482796e-06
4.212298176351066828e-06
2.591147519674256777e-04
1.482861781248777182e-04
5.063726587016644171e-05
1.295122900676449009e-04
7.092304426016532827e-05
4.058783644878538046e-05
1.478189023760297812e-06
3.780686858388298159e-06
1.718218929944279223e-04
1.237366135072442703e-04
2.012626391868284036e-05
1.060380255548444447e-04
5.685280684501257237e-05
4.094224353360759557e-05
3.782372086399519176e-05
1.992795431760445218e-04
9.880719173331194930e-04
7.407602120098158742e-04
6.854598471970970060e-04
4.096646798724390133e-04
3.269354148422913098e-04
2.451043724284330400e-04
1.288199440721462868e-03
7.698916481438625604e-04
2.402280651267475731e-04
3.923225584041975853e-05
3.201672082047173551e-04
1.498267428243764572e-04
4.772332656610987268e-04
7.793817747354689720e-05
3.236887759434414259e-04
1.514747099190924182e-04
2.404153383243636769e-04
1.375848785606814022e-04
2.867633335006962349e-04
7.334396000829119730e-04
4.776052996264973653e-04
2.733239385100841670e-04
2.899174869493509007e-04
7.415068136131097850e-04
1.966589592283231823e-04
1.416228933734368532e-04
1.188426012256282952e-04
6.261388023471811410e-04
5.491892326029389204e-04
3.954956765558022606e-04
9.561554503076001100e-05
5.037638206662076873e-04
1.119314568263414945e-04
8.391531854588113199e-05
4.006077702838859735e-04
2.394230014184481510e-04
3.125794579601040330e-04
2.343416723889908378e-04
3.223114430702226393e-04
1.926292468982796684e-04
8.797137707837968806e-04
1.436682916441119984e-04
1.920928308951102734e-04
8.989253875907729432e-05
2.407889872260908872e-04
3.932386145401186678e-05
5.607520652877259369e-06
2.624118064595228991e-06
8.803995641391847192e-04
5.038350213476843658e-04
1.720512879440341998e-04
4.400465927179494094e-04
2.409766976984904308e-04
1.379061332770253521e-04
5.022473488493225751e-06
1.284571811137268671e-05
1.217325662666614728e-03
8.766505385824942265e-04
1.425907789446150019e-04
7.512593853834240642e-04
4.027913996344246734e-04
2.900680633417480675e-04
2.679739191720648681e-04
1.411857928724750185e-03
6.928595340330759951e-04
5.194386828730487935e-04
4.806607515060532377e-04
2.872666191873290108e-04
2.292548904718755417e-04
1.718730168231057196e-04
9.033160932748476261e-04
5.398663389084799044e-04
1.970040845888695186e-04
3.217323772774153656e-05
2.625598625808583486e-04
1.228685761652160047e-04
3.913651911874532568e-04
6.391484400292658731e-05
2.654477983776979181e-04
1.242200262913942461e-04
1.524040299364767185e-04
8.721777111690901647e-05
1.817849392144836314e-04
4.649418441714536798e-04
3.027634296938706555e-04
1.732654413706564967e-04
1.837844193639757431e-04
4.700558101144311973e-04
6.306573151788222396e-04
4.541644787159276951e-04
3.811113214059350194e-04
2.007938095304865906e-03
1.761171768210014659e-03
1.268298390880489386e-03
3.066254553317815964e-04
1.615498932121980230e-03
1.417956202988172008e-04
1.063045633744118094e-04
5.074929684160205644e-04
3.033028780515611782e-04
3.959780332608906872e-04
2.968658118138534975e-04
4.083065859712256334e-04
2.440241941459982079e-04
9.387901097064242856e-04
1.533161986923788685e-04
2.049926416738543831e-04
9.592918643098445619e-05
2.569589419211625969e-04
4.196461785019040268e-05
5.984088352061797945e-06
2.800338209494059186e-06
7.262559874448900471e-04
4.156217424936522521e-04
1.419279189888438702e-04
3.630016253229419220e-04
1.987856158349461232e-04
1.137610229234266903e-04
4.143120455049169800e-06
1.059664278745461761e-05
8.785315189630994856e-04
6.326697554158280728e-04
1.029063113168358565e-04
5.421762386331436352e-04
2.906904462779044121e-04
2.093391637962216585e-04
1.933940452196017976e-04
1.018923471937307297e-03
1.975271176361643403e-04
1.480866189707954268e-04
1.370314300983420559e-04
8.189675467242679436e-05
6.535820825804257244e-05
4.899922703651410355e-05
2.575261152579063554e-04
1.539103333292515655e-04
9.323754427783370157e-05
1.522686031338790317e-05
1.242636002398288958e-04
5.815089740127123120e-05
1.852242272960702852e-04
3.024943929548551118e-05
1.256303944476307014e-04
5.879050795169099461e-05
4.044970810052553328e-05
2.314855705802457543e-05
4.824772501988623696e-05
1.234006862436259075e-04
8.035674883226893994e-05
4.598655645964870104e-05
4.877840907353931071e-05
1.247579891293546471e-04
5.014325686561921279e-04
3.611039714814926783e-04
3.030197608702072461e-04
1.596501828486443031e-03
1.400299120177351609e-03
1.008417891389068628e-03
2.437964104781589585e-04
1.284475355630446515e-03
2.605610383825117155e-05
1.953433213188412546e-05
9.325597965835378882e-05
5.573438212194085223e-05
7.276419913794976544e-05
5.455151860366045622e-05
7.502967143475890979e-05
4.484143958970170937e-05
4.443079675429757107e-04
7.256106336029472491e-05
9.701834631796238373e-05
4.540109808413998657e-05
1.216128121148271152e-04
1.986089741781201504e-05
2.832132662894817104e-06
1.325336265720063541e-06
1.927563379436177604e-04
1.103105880540515587e-04
3.766923287269138040e-05
9.634462940677795582e-05
5.275989183788814055e-05
3.019342843091346791e-05
1.099629800484328062e-06
2.812465705642662712e-06
6.985161443408976784e-04
5.030326501156814943e-04
8.182030838713651882e-05
4.310816943827612937e-04
2.311265621641348596e-04
1.664445525267787998e-04
1.537666661803166717e-04
8.101411043693962713e-04
3.629722185461101169e-05
2.721212624781449579e-05
2.518064496083904837e-05
1.504919784732120101e-05
1.201010480764340090e-05
9.004008339375384217e-06
4.732252791786278439e-05
2.828228134660010858e-05
1.702013953656564521e-04
2.779602243334386476e-05
2.268382154184122603e-04
1.061521295538291813e-04
3.381193937001999430e-04
5.521913749442623233e-05
2.293332433939707711e-04
1.073197129454256442e-04
3.123044193269051998e-05
1.787255584711666039e-05
3.725114087036885665e-05
9.527529732991201882e-05
6.204190082334281101e-05
3.550533609855132679e-05
3.766087182518881242e-05
9.632324479228872673e-05
8.095692890551403720e-06
5.830069758945034740e-06
4.892292757025783290e-06
2.577572601091236850e-05
2.260800821583246488e-05
1.628103570516351535e-05
3.936124197794685353e-06
2.073801873806043359e-05
4.655475886746652815e-05
3.490222973021077168e-05
1.666215974918918352e-04
9.958130104260224465e-05
1.300086830356648451e-04
9.746786435197064705e-05
1.340564300493240514e-04
8.011874761966500901e-05
5.895615587355257982e-05
9.628279649084798135e-06
1.287356780871332539e-05
6.024366905417030731e-06
1.613705904693079512e-05
2.635384124278404704e-06
3.758016216804755325e-07
1.758616481688602370e-07
1.081793012700036330e-05
6.190884546614008194e-06
2.114084203413728785e-06
5.407082745777893731e-06
2.961006779332561896e-06
1.694524821050238345e-06
6.171375983852925778e-08
1.578420601512287834e-07
8.503454468636205376e-07
6.123717069606543883e-07
9.960475110225054266e-08
5.247815086514865859e-07
2.813641765874450700e-07
2.026229007633721997e-07
1.871893520645932263e-07
9.862331815789454932e-07
4.889961584262565142e-06
3.666017540155400712e-06
3.392336389232929698e-06
2.027427874291130684e-06
1.618001272041781771e-06
1.213019967761862280e-06
6.375290773366593384e-06
3.810188830818506881e-06
4.175742830297500107e-04
6.819511740045625255e-05
5.565277826518021109e-04
2.604349940568444145e-04
8.295464505416404698e-04
1.354753390782654110e-04
5.626491162389603241e-04
2.632995581021384387e-04
4.178998089885257506e-04
2.391556831230329228e-04
4.984637965701270131e-04
1.274894817092493866e-03
8.301931352505319229e-04
4.751028885738131950e-04
5.039464755576669383e-04
1.288917578771662641e-03
2.258856624244131434e-04
1.626703467243482742e-04
1.365045345883493023e-04
7.191931590241622436e-04
6.308076382060068613e-04
4.542727330366770708e-04
1.098255620394533212e-04
5.786312750924540484e-04
1.285662823120765094e-04
9.638649259444484344e-05
4.601445666041639282e-04
2.750051331872314670e-04
3.590338228100064654e-04
2.691686364503462778e-04
3.702121383666926954e-04
2.212570696431663824e-04
1.446437878267623682e-04
2.362214459310939922e-05
3.158417612387594877e-05
1.478025891522906218e-05
3.959086732076557368e-05
6.465685159862063380e-06
9.219965112360446503e-07
4.314612197436770888e-07
1.447565469444255220e-04
8.284126990825209532e-05
2.828891716282366553e-05
7.235308586140997203e-05
3.962173094328046337e-05
2.267472232923998046e-05
8.258022254078074212e-07
2.112111219230230973e-06
2.372630078131456806e-05
1.708636809064462646e-05
2.779167328544526637e-06
1.464243027896652952e-05
7.850610722293066191e-06
5.653575151635113488e-06
5.222948963300827408e-06
2.751783430247230675e-05
1.350418725886362417e-05
1.012412602910110742e-05
9.368324281461054472e-06
5.598973569931659411e-06
4.468295258811699404e-06
3.349893145605811425e-06
1.760609341192428045e-05
1.052227150998431573e-05
2.563276742804027603e-05
4.186152392745076367e-06
3.416241804081659935e-05
1.598678343969409918e-05
5.092164939663027011e-05
8.316143977143986766e-06
3.453817566422825395e-05
1.616262449825496685e-05
1.982972618364943696e-05
1.134815477200561316e-05
2.365256069958947328e-05
6.049491909816144319e-05
3.939341966058544398e-05
2.254406435906818092e-05
2.391271880623926268e-05
6.116031189915246470e-05
4.050296062225277038e-05
2.916798957963611039e-05
2.447626701867780950e-05
1.289566229529802465e-04
1.131084490102318024e-04
8.145444213000708111e-05
1.969253102148195466e-05
1.037528433559430834e-04
9.106597651598533207e-06
6.827241103353747387e-06
3.259292681001552924e-05
1.947914379278231880e-05
2.543105788584298745e-05
1.906573347615928978e-05
2.622283952848432256e-05
1.567206482583939698e-05
3.438545097470467019e-04
5.615575387147474706e-05
7.508349691344524588e-05
3.513637716206276804e-05
9.411740716681794188e-05
1.537055295790430527e-05
2.191816621528625606e-06
1.025691378930930969e-06
2.660087637606383163e-04
1.522314828711388121e-04
5.198452188486398065e-05
1.329580964075501525e-04
7.281002406284979198e-05
4.166771716192244421e-05
1.517517747752370218e-06
3.881275881553794877e-06
1.925125010643858811e-04
1.386368437943432948e-04
2.254984703371410077e-05
1.188070108630124916e-04
6.369896086885007489e-05
4.587246458806959123e-05
4.237841276329695756e-05
2.232765720316719302e-04
4.328409240121339744e-05
3.245020215766896446e-05
3.002768001288913684e-05
1.794602553321428999e-05
1.432193594111819570e-05
1.073719444710920558e-05
5.643166519080486572e-05
3.372635195130893262e-05
1.213140475245936703e-05
1.981210541328950957e-06
1.616829402987141913e-05
7.566180325292769494e-06
2.410005635277515112e-05
3.935841451754398235e-06
1.634613155097506152e-05
7.649401891574734893e-06
5.263027730804053493e-06
3.011925263384048305e-06
6.277650115466981587e-06
1.605601781071976043e-05
1.045544745120158130e-05
5.983442977878321188e-06
6.346698942314641738e-06
1.623262038864041289e-05
3.220370729742200980e-05
2.319132686712252960e-05
1.946096104317826563e-05
1.025327846616760750e-04
8.993197852281573036e-05
6.476403137276757550e-05
1.565743578292364178e-05
8.249338190044214897e-05
1.673411728254944975e-06
1.254561337951604311e-06
5.989216617301750202e-06
3.579451835503523473e-06
4.673164683039428853e-06
3.503484311859044242e-06
4.818661029502083972e-06
2.879869967784057058e-06
1.627385043542616146e-04
2.657723873580322425e-05
3.553530822780446316e-05
1.662924668921094871e-05
4.454362424182387172e-05
7.274532479761381986e-06
1.037336863979992343e-06
4.854363581244655706e-07
7.060165568314911652e-05
4.040391220897707598e-05
1.379726465805777478e-05
3.528854316732031712e-05
1.932458230508783572e-05
1.105907105683182930e-05
4.027659239689090043e-07
1.030133366761353878e-06
1.530657547035213560e-04
1.102294812428733419e-04
1.792927386835008050e-05
9.446287737820407027e-05
5.064673444744076044e-05
3.647297382487948568e-05
3.369487018706341763e-05
1.775261181309614278e-04
7.953805651921696615e-06
5.962989796233626254e-06
5.517831557764591172e-06
3.297728828238278163e-06
2.631772753348363576e-06
1.973047212994243621e-06
1.036977958048610824e-05
6.197492748201906303e-06
8.859994904724675165e-05
1.446948285012313864e-05
1.180827823700385991e-04
5.525849685027772919e-05
1.760112541343390399e-04
2.874484523424933265e-05
1.193815928235664555e-04
5.586629344784153694e-05
1.625730246226707204e-05
9.303728291983976779e-06
1.939143434150987944e-05
4.959645877612356749e-05
3.229649933205944857e-05
1.848263912571763789e-05
1.960472367231787537e-05
5.014197775715951159e-05
6.377631939547160056e-06
4.592817391557868155e-06
3.854054614798725791e-06
2.030562370567081277e-05
1.781015624433069972e-05
1.282588837372341395e-05
3.100803321131175019e-06
1.633701431796450433e-05
3.667494816133623042e-05
2.749530869045153374e-05
1.312613060239594038e-04
7.844824336804907990e-05
1.024183526421103448e-04
7.678331838601148420e-05
1.056070902815591862e-04
6.311601621796343814e-05
3.244524957002094799e-04
5.298716164848314551e-05
7.084690550485217672e-05
3.315380469629864877e-05
8.880682608051538359e-05
1.450326846419125800e-05
2.068143219919690923e-06
9.678166732701635888e-07
5.953414662149429984e-05
3.407019864132362246e-05
1.163440671724109740e-05
2.975671438090092216e-05
1.629526255748734389e-05
9.325452093499446708e-06
3.396283747128850131e-07
8.686497547833220874e-07
3.947775914973354914e-05
2.842969624482642911e-05
4.624205831508911157e-06
2.436327269251534479e-05
1.306248800137776300e-05
9.406880584896782122e-06
8.690369523888189781e-06
4.578642262559602351e-05
2.270191795428379701e-04
1.701968982403041124e-04
1.574910989680326084e-04
9.412446389867974641e-05
7.511660673579444961e-05
5.631512499743010269e-05
2.959764112206153259e-04
1.768901303968316199e-04
2.173722496245866721e-04
3.549961452413930507e-05
2.897058104629170660e-04
1.355719038259568061e-04
4.318282649352724370e-04
7.052297141104872755e-05
2.928923286624785806e-04
1.370630797820079438e-04
2.175417052468459718e-04
1.244947568939601911e-04
2.594800523411095036e-04
6.636585769013401970e-04
4.321649027879428907e-04
2.473193103347108047e-04
2.623341128374694292e-04
6.709582583616881995e-04
1.779484022973583336e-04
1.281485862806429777e-04
1.075356601903387234e-04
5.665666081589602670e-04
4.969381862086576966e-04
3.578673660980194612e-04
8.651847614662035570e-05
4.558346457975859939e-04
1.012820569539278989e-04
7.593143440862272313e-05
3.624930842187520084e-04
2.166437814113833591e-04
2.828399751185293326e-04
2.120459009695912307e-04
2.916460382052186713e-04
1.743020854773009770e-04
7.960159079669097346e-04
1.299993809546138017e-04
1.738167052479675054e-04
8.133996901742659058e-05
2.178798043873245768e-04
3.558250458236066169e-05
5.074009060886131435e-06
2.374453820292084142e-06
7.966364534654534271e-04
4.558990722928801310e-04
1.556819578572966694e-04
3.981796121459273423e-04
2.180496556811027003e-04
1.247854467446957670e-04
4.544624543754277184e-06
1.162354882406899745e-05
1.101506677331682638e-03
7.932441182746092058e-04
1.290243851340166278e-04
6.797829494493842165e-04
3.644689583699358814e-04
2.624703630675932959e-04
2.424783033589990723e-04
1.277530724627384167e-03
6.269393857339256720e-04
4.700181678546727594e-04
4.349296523950644264e-04
2.599354543435754413e-04
2.074430864396168295e-04
1.555206478347609356e-04
8.173726546631702658e-04
4.885022926992702366e-04
1.362296488412584616e-05
2.224801017137991037e-06
1.815619100174752667e-05
8.496444639482613452e-06
2.706316606349744780e-05
4.419754429170065780e-06
1.835589370349637275e-05
8.589898324212018248e-06
1.053884112279562534e-05
6.031167504353901190e-06
1.257055075050853978e-05
3.215104107880147727e-05
2.093629469421740054e-05
1.198142174742694905e-05
1.270881614698437352e-05
3.250467526159107461e-05
4.361037730018509735e-05
3.140577901253304436e-05
2.635410407500345957e-05
1.388502691145835776e-04
1.217862117088022657e-04
8.770368633531576657e-05
2.120335636330234537e-05
1.117128371656308080e-04
9.805262464912191969e-06
7.351032019940986484e-06
3.509347992504944667e-05
2.097359791079260057e-05
2.738214719383085752e-05
2.052847045317622977e-05
2.823467490154558363e-05
1.687443706898583619e-05
6.491796718217808504e-05
1.060191820546619841e-05
1.417537897681178263e-05
6.633567729518525236e-06
1.776888357294449208e-05
2.901881534801455634e-06
4.138037323123107337e-07
1.936452696969552072e-07
5.022108975301350567e-05
2.874052289264116241e-05
9.814411008264533172e-06
2.510180641673072043e-05
1.374615896741565909e-05
7.866651210315244743e-06
2.864995646543423067e-07
7.327649722815732218e-07
6.075104512380365493e-05
4.374953889542485002e-05
7.116040605705198072e-06
3.749185137618234664e-05
2.010143977501317508e-05
1.447594390349670974e-05
1.337332823491383003e-05
7.045924304961222629e-05
1.365913297095208724e-05
1.024028925216533109e-05
9.475815509851259866e-06
5.663215640196800724e-06
4.519564037704234825e-06
3.388329489009260141e-06
1.780810399045917411e-05
1.064300301500936398e-05
1.779006233472579468e-05
2.905340292212455764e-06
2.370994658135333564e-05
1.109540258274266149e-05
3.534145579466852063e-05
5.771702963922102931e-06
2.397073588403037718e-05
1.121744260052786745e-05
7.717951326404577121e-06
4.416828823741539074e-06
9.205841297737235671e-06
2.354529945448119649e-05
1.533235974643564200e-05
8.774402117871240472e-06
9.307097744028876705e-06
2.380427777840899976e-05
9.567515663511628955e-05
6.889995024783224947e-05
5.781727174700251702e-05
3.046183516121390793e-04
2.671821617371706171e-04
1.924097989304217045e-04
4.651724123562055890e-05
2.450825664819370245e-04
4.971599317344722855e-06
3.727221571365155984e-06
1.779357987233531665e-05
1.063432268424167766e-05
1.388367366844384816e-05
1.040862802565032657e-05
1.431593401689031396e-05
8.555909656978035894e-06
8.477557511436971589e-05
1.384491462373834379e-05
1.851145310590184462e-05
8.662694531883657640e-06
2.320416657239674852e-05
3.789531414873077219e-06
5.403812059118119649e-07
2.528789766424385079e-07
3.677860988286107058e-05
2.104766114189028886e-05
7.187426546859410160e-06
1.838290547051781024e-05
1.006677912679177823e-05
5.761015887381463950e-06
2.098133627098227853e-07
5.366286789854526665e-07
1.332794192070028874e-04
9.598045799333449998e-05
1.561161222904170785e-05
8.225195412243135385e-05
4.409978812674889351e-05
3.175822559100689702e-05
2.933923879633055709e-05
1.545778672989092661e-04
6.925641857819898169e-06
5.192172594834621722e-06
4.804558581541544709e-06
2.871441647944760784e-06
2.291571649912724347e-06
1.717997517636901541e-06
9.029310327896815589e-06
5.396362077329892320e-06
1.189467891056518326e-03
1.942550242465321936e-04
1.585279445712506384e-03
7.418537868052603760e-04
2.362978054826443686e-03
3.859039514943271706e-04
1.602716175052114854e-03
7.500135492528664993e-04
2.182567764655128227e-04
1.249039778175011699e-04
2.603329771494204605e-04
6.658400581342146813e-04
4.335854519343742045e-04
2.481322621337243156e-04
2.631964190952590312e-04
6.731637340378894508e-04
5.657748415327326934e-05
4.074397137571310085e-05
3.419023172888012647e-05
1.801359994304552203e-04
1.579981162651554493e-04
1.137814949332922805e-04
2.750796101541301287e-05
1.449295251666820000e-04
3.253521554847598851e-04
2.439173985687599622e-04
1.164450148880154115e-03
6.959329556924958617e-04
9.085774749216387301e-04
6.811630116630340744e-04
9.368655221114036407e-04
5.599171355823204894e-04
4.120204434344149763e-04
6.728810574140687900e-05
8.996809643602454731e-05
4.210183460918326013e-05
1.127753009966238421e-04
1.841762101711764353e-05
2.626323723348816566e-06
1.229025081232364045e-06
7.560208602353409295e-05
4.326555825006618246e-05
1.477446923127772732e-05
3.778788826361343631e-05
2.069326448029483231e-05
1.184234042798135152e-05
4.312922088952271716e-07
1.103093555753435057e-06
5.942716293114935170e-06
4.279615224401074153e-06
6.960968385615821665e-07
3.667483177914627764e-06
1.966339071576455137e-06
1.416048522592751026e-06
1.308189767481987017e-06
6.892380054008518747e-06
3.417394011655582400e-05
2.562029613621335882e-05
2.370765058644978989e-05
1.416886361431606052e-05
1.130754866402607260e-05
8.477300081843444814e-06
4.455429789383849690e-05
2.662785027927735352e-05
3.622947717225076590e-04
5.916727991945729430e-05
4.828532650769182537e-04
2.259579685697618210e-04
7.197290497671479832e-04
1.175407802637420886e-04
4.881642414581884287e-04
2.284433145765712482e-04
3.625772037536871485e-04
2.074956651892918098e-04
4.324759323778625615e-04
1.106121103477596124e-03
7.202901247626776774e-04
4.122075988771809114e-04
4.372328008272470361e-04
1.118287497453327806e-03
1.959823624904833848e-04
1.411356458661994402e-04
1.184337283391797213e-04
6.239845985785586347e-04
5.472997705377782287e-04
3.941349905965282853e-04
9.528658383769544264e-05
5.020306427879053573e-04
1.115463614365990938e-04
8.362661148160236107e-05
3.992294963847921254e-04
2.385992768225324366e-04
3.115040417044631703e-04
2.335354298882653316e-04
3.212025443360614469e-04
1.919665142133547423e-04
1.254954872018356686e-04
2.049498695384675752e-05
2.740298515468652971e-05
1.282361186335550129e-05
3.434973086513314977e-05
5.609741845272931711e-06
7.999403438918508122e-07
3.743433215761841357e-07
1.255933189899836400e-04
7.187453871165378719e-05
2.454396068507874482e-05
6.277480628209799118e-05
3.437650868533901342e-05
1.967298678103213786e-05
7.164804943716923636e-07
1.832504737771523092e-06
2.058535468951161779e-05
1.482443263041130892e-05
2.411254317598758576e-06
1.270402932118060584e-05
6.811327553217159564e-06
4.905140958672872362e-06
4.531522124992952098e-06
2.387495567154386962e-05
1.171646971348431576e-05
8.783869308210638384e-06
8.128122456076985431e-06
4.857767668738895136e-06
3.876771335232379867e-06
2.906426046346308219e-06
1.527535543452950085e-05
9.129307310432277796e-06
7.538562729459214937e-05
1.231141838132662782e-05
1.004712160377115856e-04
4.701691697579911020e-05
1.497598920372895351e-04
2.445766857398878040e-05
1.015763141989278664e-04
4.753406318488363129e-05
5.831896035537435260e-05
3.337477190184017178e-05
6.956186570442003583e-05
1.779147506079161996e-04
1.158555220667953334e-04
6.630179274434846526e-05
7.032698722790072356e-05
1.798716619652572534e-04
1.191186672437315061e-04
8.578266851427154122e-05
7.198437500800255020e-05
3.792597089796894186e-04
3.326504406865996607e-04
2.395564284324762990e-04
5.791547121239303588e-05
3.051357291772263561e-04
2.678238229299540192e-05
2.007882507078537448e-05
9.585536325086539146e-05
5.728790221745964570e-05
7.479240221998653627e-05
5.607206798745799722e-05
7.712102147572732005e-05
4.609133372797672763e-05
1.011271529230169455e-03
1.651533235217864776e-04
2.208195634818502381e-04
1.033356168294151406e-04
2.767980397953292786e-04
4.520459134384434408e-05
6.446103464735476025e-06
3.016544671910013858e-06
7.823282280483689205e-04
4.477107617210628336e-04
1.528857858559963903e-04
3.910279890658038761e-04
2.141333101359911930e-04
1.225442006994918948e-04
4.462999466060201864e-06
1.141478062623196949e-05
5.661766992398105250e-04
4.077291094267924553e-04
6.631879951339308304e-05
3.494098351279102546e-04
1.873377947423241548e-04
1.349103068261630495e-04
1.246343469888276851e-04
6.566534218377464722e-04
1.272979387302945720e-04
9.543561195098120486e-05
8.831100661790696230e-05
5.277902185412052742e-05
4.212062267662469532e-05
3.157794573105222684e-05
1.659647750337534010e-04
9.918875148168108166e-05
9.844516374522363522e-05
1.607732988344583186e-05
1.312041256334255102e-04
6.139881376048672698e-05
1.955696015696030616e-04
3.193896866021643527e-05
1.326472597339132023e-04
6.207414863612024632e-05
4.270895558485268641e-05
2.444147910258355944e-05
5.094251705904732615e-05
1.302930150897896550e-04
8.484493406705073280e-05
4.855505489568512334e-05
5.150284153952890782e-05
1.317261277470606839e-04
2.613299368694509735e-04
1.881953506200541727e-04
1.579237965946779423e-04
8.320435251512118798e-04
7.297892150384077637e-04
5.255537840331621791e-04
1.270585608948344189e-04
6.694257305560539877e-04
1.357957260207962269e-05
1.018064262657089325e-05
4.860190741524432831e-05
2.904690176072550502e-05
3.792227461019698204e-05
2.843043273202676654e-05
3.910296323975935741e-05
2.336986328693537221e-05
1.320607055465709183e-03
2.156716944681640079e-04
2.883655527620580306e-04
1.349447114067487915e-04
3.614671566706308147e-04
5.903212000200351909e-05
8.417887253556887464e-06
3.939268595729603080e-06
5.729255346955991653e-04
3.278737981727983730e-04
1.119634540446213166e-04
2.863630784170291457e-04
1.568170964658278791e-04
8.974328062371847436e-05
3.268406103429805827e-06
8.359431577755338714e-06
1.242113637542229931e-03
8.945014655706560493e-04
1.454943048903597851e-04
7.665570163634213190e-04
4.109932994221779834e-04
2.959746174273516594e-04
2.734305779606477273e-04
1.440607095803429641e-03
6.454435539646621400e-05
4.838907932589676312e-05
4.477666373406388511e-05
2.676074709463858938e-05
2.135657864280507859e-05
1.601108527195899158e-05
8.414974767006073433e-05
5.029204785891644767e-05
9.617381584920008412e-04
1.570639028605790347e-04
1.281769559546960509e-03
5.998220718330491297e-04
1.910573778487822862e-03
3.120206593683542799e-04
1.295867937562278924e-03
6.064196058809185382e-04
1.764703964307084603e-04
1.009904702075068355e-04
2.104908925419048311e-04
5.383615616487281812e-04
3.505732918287519386e-04
2.006260670348800339e-04
2.128061138308909566e-04
5.442830822126302646e-04
6.922816619013005281e-05
4.985429210677587506e-05
4.183514130451192322e-05
2.204142706595633321e-04
1.933263738079959082e-04
1.392229498799247059e-04
3.365871998775429375e-05
1.773356557692611947e-04
3.981006477629476918e-04
2.984571416968065426e-04
1.424820308524326349e-03
8.515430304986652951e-04
1.111734701035569511e-03
8.334705383192590701e-04
1.146347933867591798e-03
6.851141773958130052e-04
3.521879516730374964e-03
5.751670945132865377e-04
7.690317338530191409e-04
3.598792033008798891e-04
9.639837753253014275e-04
1.574306402527198348e-04
2.244936112505686816e-05
1.050549390962235351e-05
6.462335605702917551e-04
3.698265117882871709e-04
1.262896086477391117e-04
3.230043357722382465e-04
1.768824471425419376e-04
1.012262785695838190e-04
3.686611236015732458e-06
9.429053001987033243e-06
4.285247090357701522e-04
3.085997679118978655e-04
5.019500856046541605e-05
2.644593960391930683e-04
1.417912006819522553e-04
1.021101717118190765e-04
9.433255969551769256e-05
4.970042336750710469e-04
2.464256582805321970e-03
1.847459882932822855e-03
1.709540480882521798e-03
1.021705876271901316e-03
8.153786521448990214e-04
6.112915999691347297e-04
3.212776212011053765e-03
1.920113838581776053e-03
2.929315782355391669e-04
4.783940050889175829e-05
3.904085292831667399e-04
1.826971557810217384e-04
5.819332292538232547e-04
9.503699461626988155e-05
3.947026919782020910e-04
1.847066695390444627e-04
2.931599372047960050e-04
1.677695551386180301e-04
3.496761954858297172e-04
8.943485411638876781e-04
5.823868835617991959e-04
3.332883384589928723e-04
3.535223370564408575e-04
9.041856165701982759e-04
2.398038683386835037e-04
1.726934679687648351e-04
1.449154191050593772e-04
7.635070759500870059e-04
6.696755792103797466e-04
4.822632720190198584e-04
1.165925908570839470e-04
6.142843092369674020e-04
1.364880422487014296e-04
1.023254576304957205e-04
4.884969053918128933e-04
2.919498920094610391e-04
3.811561063689707682e-04
2.857537727868896286e-04
3.930231867459770749e-04
2.348900794687109044e-04
1.072713727828890785e-03
1.751876051264403722e-04
2.342359794312473510e-04
1.096140171482569062e-04
2.936155607491606470e-04
4.795110343148996466e-05
6.837751758809065236e-06
3.199821993041068709e-06
1.073549977039952880e-03
6.143711305997645675e-04
2.097975325585368044e-04
5.365881910343371728e-04
2.938444529266934658e-04
1.681612897638983190e-04
6.124351394389443560e-06
1.566393367880595063e-05
1.484394121075785456e-03
1.068978454671876263e-03
1.738736974634620192e-04
9.160778001043173857e-04
4.911596000757051817e-04
3.537059483270334941e-04
3.267645810976296545e-04
1.721604722110595771e-03
8.448656350487799291e-04
6.333980714963935183e-04
5.861126694762333091e-04
3.502898967634507084e-04
2.795510043704083395e-04
2.095801506269967518e-04
1.101494151855033927e-03
6.583073406067880108e-04
3.140136972143890232e-05
5.128237493821172011e-06
4.185060089549808075e-05
1.958457661100042313e-05
6.238146325862105063e-05
1.018767530334435932e-05
4.231092200953786398e-05
1.979999034295816797e-05
2.429236582104314291e-05
1.390203397476475878e-05
2.897552148716111788e-05
7.410917787955508451e-05
4.825882881458412073e-05
2.761756029466445482e-05
2.929422764777657660e-05
7.492431598013515361e-05
1.005233143403519382e-04
7.239132498326462896e-05
6.074705269928215969e-05
3.200543107520535473e-04
2.807211127217791201e-04
2.021598017739496551e-04
4.887441450247889663e-05
2.575016622524289346e-04
2.260144355471647759e-05
1.694436389256791931e-05
8.089159351959109489e-05
4.834481392174986642e-05
6.311672496508215777e-05
4.731878089673172144e-05
6.508182859527025994e-05
3.889611708988701609e-05
1.496379904368091908e-04
2.443776051380905988e-05
3.267470187132774629e-05
1.529058575857758582e-05
4.095784488598390959e-05
6.688929740125672920e-06
9.538308364570078656e-07
4.463585394430108067e-07
1.157612179552451658e-04
6.624782439180561179e-05
2.262253123971478332e-05
5.786046654838216730e-05
3.168533602317874981e-05
1.813288261592437277e-05
6.603906588077190288e-07
1.689046694992643442e-06
1.400331018337486199e-04
1.008440862677787266e-04
1.640270116770982059e-05
8.641991641456718380e-05
4.633446152708993611e-05
3.336751363942739196e-05
3.082594926160478385e-05
1.624108085216993647e-04
3.148473831823174625e-05
2.360419421152712253e-05
2.184205778756051890e-05
1.305389316075199779e-05
1.041773964293504796e-05
7.810207831219937526e-06
4.104824920262740306e-05
2.453246231370162210e-05
4.000645622994779862e-05
6.533556040813776947e-06
5.331914651416160450e-05
2.495144364467376813e-05
7.947619169339094727e-05
1.297945884920749099e-05
5.390561190289845417e-05
2.522588836206497430e-05
1.735620011414824531e-05
9.932605388755163806e-06
2.070218080230504896e-05
5.294888653695290696e-05
3.447955198561958594e-05
1.973195639609250440e-05
2.092988723246517904e-05
5.353127937997847476e-05
2.151551745124998785e-04
1.549428434803720906e-04
1.300200138684396594e-04
6.850285581530385056e-04
6.008417091432132970e-04
4.326929301477132838e-04
1.046084010508590114e-04
5.511439355411348277e-04
1.118017839060346850e-05
8.381810240376299292e-06
4.001436650096117841e-05
2.391456291706204237e-05
3.122173337432764732e-05
2.340701868757146033e-05
3.219380443201638921e-05
1.924060853520079869e-05
1.906440950778129589e-04
3.113457167717616897e-05
4.162872644849607276e-05
1.948074734660862971e-05
5.218174376595386234e-05
8.521933191049083342e-06
1.215214238996680595e-06
5.686765746049109025e-07
8.270807705967973128e-05
4.733217446754863720e-05
1.616315109765622147e-05
4.133964734063840104e-05
2.263826573144803135e-05
1.295542565293169131e-05
4.718302248623383320e-07
1.206775521840638976e-06
2.997199869530422904e-04
2.158417390222070462e-04
3.510753754363961327e-05
1.849689529194920208e-04
9.917201020700889516e-05
7.141819056852722605e-05
6.597835075789665641e-05
3.476161334264268898e-04
1.557444727488846607e-05
1.167620561104612966e-05
1.080453564355790870e-05
6.457324456987174316e-06
5.153307458123400859e-06
3.863448660229724704e-06
2.030519632944205265e-05
1.213538880222119729e-05
3.966338690187034828e-04
6.477528516956254038e-05
5.286191621955270035e-04
2.473747630508889338e-04
7.879465560517339351e-04
1.286815545855942550e-04
5.344335246285119223e-04
2.500956756322221357e-04
7.277878649769565188e-05
4.164984052959847845e-05
8.680930081115241048e-05
2.220276145250426627e-04
1.445811834384207477e-04
8.274091288924572058e-05
8.776412949230294339e-05
2.244697299709109560e-04
1.886603800555292361e-05
1.358627595368063688e-05
1.140089950744824347e-05
6.006722748958805250e-05
5.268524238704134084e-05
3.794099437021235656e-05
9.172663750231912829e-06
4.832745695291178174e-05
1.084902629098068129e-04
8.133544607864282114e-05
3.882915808845446479e-04
2.320622379716013835e-04
3.029695899242144507e-04
2.271371281055488780e-04
3.124023772135748104e-04
1.867070994397555968e-04
1.373902261868023989e-04
2.243754700721526903e-05
3.000030050913974581e-05
1.403906207085033873e-05
3.760547409506689859e-05
6.141445546420768721e-06
8.757604534933608554e-07
4.098244069936448160e-07
2.520988427755243601e-05
1.442711139410020479e-05
4.926618816666342230e-06
1.260055562385188620e-05
6.900269956977474003e-06
3.948886167927392562e-06
1.438164903634280353e-07
3.678319256852429579e-07
1.981627729122673569e-06
1.427058567220197661e-06
2.321168855135151202e-07
1.222940151100026792e-06
6.556853527750724602e-07
4.721882855831494883e-07
4.362222576905222816e-07
2.298297741472067387e-06
1.139546698986846711e-05
8.543212690579803242e-06
7.905431704503497947e-06
4.724676670299019700e-06
3.770557246187006741e-06
2.826797054023521987e-06
1.485684791318620860e-05
8.879186533181252986e-06
2.315807424018777143e-04
3.782003958959254353e-05
3.086423716965180507e-04
1.444335336781641245e-04
4.600546314285091937e-04
7.513269105860050589e-05
3.120371760085035966e-04
1.460221800465508755e-04
2.317612744563361088e-04
1.326323312954460598e-04
2.764409130577239132e-04
7.070384844690049547e-04
4.604132735457832585e-04
2.634852866294966020e-04
2.794815286365219704e-04
7.148153081196969042e-04
1.252729670578363731e-04
9.021465447504950030e-05
7.570346821128479651e-05
3.988542696852365177e-04
3.498369202926092793e-04
2.519331794244345944e-04
6.090769050063380119e-05
3.209006533893966179e-04
7.130102670513085083e-05
5.345457423905664198e-05
2.551896145835940441e-04
1.525139250572311281e-04
1.991150380010395238e-04
1.492770872003899353e-04
2.053143723964372070e-04
1.227060155090487577e-04
8.021738198459608872e-05
1.310050451935287494e-05
1.751613366093655291e-05
8.196920815252548001e-06
2.195653041646705310e-05
3.585776783459106887e-06
5.113261166726889559e-07
2.392822394638268030e-07
8.027991658321063841e-05
4.594258690375470973e-05
1.568863003434813427e-05
4.012598960185095800e-05
2.197364694137216162e-05
1.257507764286269384e-05
4.579781375651379940e-07
1.171346761672639683e-06
1.315826805597513200e-05
9.475856076848795302e-06
1.541286567107705156e-06
8.120483019135587031e-06
4.353836750160312253e-06
3.135392154279745123e-06
2.896573011327304509e-06
1.526099847629835556e-05
7.489229672505505315e-06
5.614695917043270800e-06
5.195539046181445503e-06
3.105110895732264595e-06
2.478052828824905085e-06
1.857802966211608086e-06
9.764088328302896700e-06
5.835501722846012665e-06
1.737662817525483243e-04
2.837821308912249704e-05
2.315893660446139801e-04
1.083754972340590672e-04
3.452013404795221843e-04
5.637570822128122990e-05
2.341366526473468877e-04
1.095675357843768833e-04
1.344270686642496933e-04
7.692991656167087505e-05
1.603423250428306543e-04
4.100991898794915567e-04
2.670506834330144044e-04
1.528277526124663453e-04
1.621059546231023898e-04
4.146099331403477347e-04
2.745723374215013838e-04
1.977317942621360770e-04
1.659262864596335442e-04
8.742057579546300182e-04
7.667699039708543787e-04
5.521852285709903272e-04
1.334970132860620285e-04
7.033476140190291978e-04
6.173424768812595239e-05
4.628233391062476498e-05
2.209496777555846074e-04
1.320504466830329127e-04
1.723988789841960961e-04
1.292479099004011772e-04
1.777664208381124239e-04
1.062419982476006712e-04
2.331013215421578848e-03
3.806836923344828622e-04
5.089961556533269824e-04
2.381919014732617444e-04
6.380283337521372661e-04
1.041980286940817185e-04
1.485847463313016600e-05
6.953231938097381898e-06
1.803291584572072224e-03
1.031987623593749173e-03
3.524066256979810439e-04
9.013320199036816988e-04
4.935841278641940957e-04
2.824683015858684950e-04
1.028735649635593396e-05
2.631143438908071833e-05
1.305055398124812908e-03
9.398286364389525117e-04
1.528669537589920412e-04
8.054008441248772633e-04
4.318196079590223791e-04
3.109725716769286860e-04
2.872861556258364773e-04
1.513607137166028032e-03
2.934258197717989360e-04
2.199821375856707978e-04
2.035596944474745893e-04
1.216573332511742189e-04
9.708938229057075952e-05
7.278817477535707789e-05
3.825541140198522182e-04
2.286332442296424281e-04
2.213843920454165368e-04
3.615484769949352646e-05
2.950530476273968000e-04
1.380742185756646679e-04
4.397987234609231468e-04
7.182464724929351794e-05
2.982983809004798406e-04
1.395929178716110071e-04
9.604429316118692631e-05
5.496422359375417277e-05
1.145600021304005796e-04
2.930041338350341759e-04
1.908000701301977402e-04
1.091910552013746047e-04
1.158200649891572703e-04
2.962269307941984642e-04
5.876811718942105082e-04
4.232154399236917738e-04
3.551404900813431745e-04
1.871107152075445227e-03
1.641156716552451223e-03
1.181870195944437771e-03
2.857304634147982787e-04
1.505410756004773101e-03
3.053786809201027892e-05
2.289432301974713481e-05
1.092964175794113079e-04
6.532094053643290718e-05
8.527996084485277317e-05
6.393461929990675475e-05
8.793510432276980095e-05
5.255436406558574859e-05
2.969793324350567757e-03
4.850044953432855748e-04
6.484791142232831582e-04
3.034649114083750199e-04
8.128706752016092926e-04
1.327519758270470868e-04
1.893022248160941242e-05
8.858663544165336901e-06
1.288400225674207061e-03
7.373256208294771746e-04
2.517844479300389944e-04
6.439759314503024946e-04
3.526517326261152056e-04
2.018155170370882379e-04
7.350021785102091688e-06
1.879876681881604428e-05
2.793276602294737874e-03
2.011563144448543037e-03
3.271889345177258568e-04
1.723840487227572011e-03
9.242455217281634640e-04
6.655904490098233295e-04
6.148932051665344060e-04
3.239650521646159596e-03
1.451479416133659580e-04
1.088178078094856024e-04
1.006941743145684307e-04
6.017981484148988335e-05
4.802687099229820036e-05
3.600587620630516878e-05
1.892367285499635919e-04
1.130972209948241707e-04
3.206962791124893944e-04
5.237372437135353725e-05
4.274123105096527733e-04
2.000135950392397213e-04
6.370901438408826598e-04
1.040448105153238381e-04
4.321134834132248428e-04
2.022135749420723820e-04
5.884491429306727532e-05
3.367576479667936800e-05
7.018921463103949192e-05
1.795192881903024057e-04
1.169003738210650948e-04
6.689974045736486762e-05
7.096123646062363788e-05
1.814938481001525709e-04
2.308446962504546370e-05
1.662415683027424672e-05
1.395013188780922882e-05
7.349821345827677727e-05
6.446562215203006268e-05
4.642457159396137301e-05
1.122366432531621082e-05
5.913343923916725267e-05
1.327486024366901301e-04
9.952198940176603986e-05
4.751132803799020649e-04
2.839511762882458343e-04
3.707133577203366418e-04
2.779248156358694226e-04
3.822553090085012602e-04
2.284546635880193102e-04
1.174387900204458763e-03
1.917922726156307358e-04
2.564373820342086144e-04
1.200034753841154101e-04
3.214450909968811555e-04
5.249601474325204311e-05
7.485848947230045009e-06
3.503108176904920007e-06
2.154897322962275323e-04
1.233204539098480272e-04
4.211188588732622129e-05
1.077073709769201670e-04
5.898231461239935685e-05
3.375439624499401969e-05
1.229318495356732048e-06
3.144163706713151087e-06
1.428936540388676903e-04
1.029040975763119827e-04
1.673777039334839114e-05
8.818527531348943735e-05
4.728096734863262843e-05
3.404913472380446498e-05
3.145565206744465258e-05
1.657284854878461828e-04
8.217183751170646167e-04
6.160445075769336622e-04
5.700546103638461223e-04
3.406928070541869044e-04
2.718919879612958514e-04
2.038381651303195158e-04
1.071315895824084602e-03
6.402713234037665313e-04
1.872434207046700175e-04
3.057919890269741967e-05
2.495512055599563008e-04
1.167809923652068173e-04
3.719748110583904381e-04
6.074815174461358050e-05
2.522960571629278724e-04
1.180654842328016720e-04
1.873893889707401838e-04
1.072391907471189406e-04
2.235148814482374943e-04
5.716723378150321980e-04
3.722647893016185565e-04
2.130396761931158415e-04
2.259733555688275277e-04
5.779602486640508059e-04
1.532839063525034008e-04
1.103865819813510199e-04
9.263070560547094240e-05
4.880377782902003839e-04
4.280601871912483058e-04
3.082652450001805203e-04
7.452660335358756176e-05
3.926537932153211950e-04
8.724388155714991541e-05
6.540697601574006097e-05
3.122498165618099882e-04
1.866159216547665046e-04
2.436370076892600345e-04
1.826553293372139319e-04
2.512225084978524418e-04
1.501429864073877641e-04
6.856843125121673925e-04
1.119808477000653165e-04
1.497248821892100887e-04
7.006586197243892908e-05
1.876806259603275902e-04
3.065060000412862248e-05
4.370727242725962998e-06
2.045343213701890124e-06
6.862188474495887428e-04
3.927092898915699338e-04
1.341036971441608673e-04
3.429900217798050044e-04
1.878269350559599209e-04
1.074895896002837979e-04
3.914717940586198723e-06
1.001246960596505939e-05
9.488326065025495023e-04
6.832967060704223019e-04
1.111409909431118788e-04
5.855617955440042214e-04
3.139518251465698087e-04
2.260907208682355726e-04
2.088696558370082450e-04
1.100458882620362769e-03
5.400426013994152029e-04
4.048714115736706050e-04
3.746463314475151764e-04
2.239071625645470791e-04
1.786904868195971787e-04
1.339647454589034347e-04
7.040809124159605427e-04
4.207935486938042401e-04
