1.266651688216174837e-05
2.195562010398771928e-06
9.648915469339129289e-06
3.173358470240722837e-05
1.849434346793583453e-05
3.205733533790276715e-06
3.396002759213859433e-06
1.116885535494310295e-05
1.671862951577395891e-06
9.138666464850403673e-07
2.846709957347527250e-06
6.575590116441878796e-06
2.441082102162905923e-06
1.334333961042377197e-06
1.001919324565904933e-06
2.314324573560128176e-06
4.391772889244124981e-05
2.210868073436376462e-05
1.038011416690830583e-04
3.932750984637868927e-05
7.319844100200783318e-05
3.684892190873480103e-05
7.924082583948596539e-06
3.002225513446121175e-06
7.051258521791588215e-06
2.357796023655944196e-06
2.176314004004352440e-05
8.895812092687240870e-06
1.175245496326428606e-05
3.929779555655770898e-06
1.661377863387296652e-06
6.790980189646406096e-07
8.468622166360958486e-07
1.467916182630137349e-07
4.175094605426254370e-07
1.373115131155067350e-06
2.404494975979694931e-06
4.167852830078680928e-07
3.174537219150005902e-07
1.044049417314885436e-06
1.117779716599535687e-07
6.109960150465882171e-08
1.231774018945666005e-07
2.845263896226363414e-07
3.173710740681818846e-07
1.734800324849581253e-07
9.365805660170851059e-08
2.163399153910236806e-07
7.677550186698940920e-05
3.864965474774269939e-05
4.968036278997600388e-05
1.882257675954236120e-05
8.076078067127708655e-06
4.065588910783930145e-06
6.838894361228664220e-06
2.591076369728138528e-06
1.232677384411856753e-05
4.121819993459020780e-06
1.041607708020467955e-05
4.257633056533044779e-06
1.296663459828623870e-06
4.335776287531572587e-07
1.433855286264291805e-06
5.860968211041251213e-07
2.610845705564499754e-05
4.525532709171968102e-06
1.988852164398610399e-05
6.540984716889846489e-05
3.812088016753532578e-05
6.607716792031013471e-06
6.999903211328205356e-06
2.302144963039563826e-05
2.557024752473691741e-05
1.397710041554321567e-05
4.353890261868140579e-05
1.005701255237419754e-04
3.733504203895329261e-05
2.040792257064185300e-05
1.532381891996331051e-05
3.539635359625596515e-05
9.151609468714203412e-05
4.607023565469618715e-05
2.163016018630285330e-04
8.195096162019774950e-05
1.525314634118950599e-04
7.678606138258855303e-05
1.651226305070126776e-05
6.256060167263723862e-06
7.578914639493885760e-05
2.534233391869202595e-05
2.339170803922434436e-04
9.561498885779584156e-05
1.263190857288907371e-04
4.223850779587626843e-05
1.785701229311589179e-05
7.299159294296732020e-06
1.745567942693836906e-06
3.025695775091761112e-07
8.605781622771020083e-07
2.830290107985869732e-06
4.956189172201692289e-06
8.590854742522274512e-07
6.543414375774264825e-07
2.152013819546952621e-06
1.709584150101148445e-06
9.344856482780840279e-07
1.883932324073787180e-06
4.351678588909592287e-06
4.854020428802676812e-06
2.653284090693258946e-06
1.432449763739286154e-06
3.308803021688963294e-06
1.599853698200123895e-04
8.053844205337630578e-05
1.035243146637650083e-04
3.922262740864890414e-05
1.682899238487755032e-05
8.471904834367104613e-06
1.425093964786697775e-05
5.399304480757624669e-06
1.324920458613159161e-04
4.430261887752765215e-05
1.119552755373975667e-04
4.576238043468114656e-05
1.393694706813135827e-05
4.660228848167983056e-06
1.541152800794350514e-05
6.299553142037207048e-06
1.811009420281191231e-04
3.139129344424072674e-05
1.379564482725246556e-04
4.537144770736881985e-04
2.644249445521720202e-04
4.583433380001685159e-05
4.855472933445920982e-05
1.596879588108829481e-04
3.059270678755465463e-04
1.672245582837083764e-04
5.209073085337371112e-04
1.203239178173367814e-03
4.466831980776753749e-04
2.441640780922352087e-04
1.833369421357775497e-04
4.234883787774383645e-04
2.119742964751148036e-04
1.067102548981370348e-04
5.010089213061425396e-04
1.898190421508582498e-04
3.533012390617111119e-04
1.778558339526266384e-04
3.824655494041974071e-05
1.449060908024122961e-05
1.033293664100246381e-03
3.455121784225018925e-04
3.189177456025206383e-03
1.303595130428514184e-03
1.722208484291821952e-03
5.758711446503687664e-04
2.434588399516403854e-04
9.951523946123898995e-05
6.027094511138553288e-05
1.044711807108913699e-05
2.971403055364061843e-05
9.772421661482896718e-05
1.711272292835664473e-04
2.966249104273690308e-05
2.259309185494784092e-05
7.430470256957906450e-05
1.018134599937712051e-04
5.565284233600601522e-05
1.121966814542065346e-04
2.591621207364864653e-04
2.890788468690527616e-04
1.580150550670025638e-04
8.530885520021225883e-05
1.970541690247109223e-04
4.873168612921613516e-04
2.453208117652675162e-04
3.153359844473568332e-04
1.194724724011842892e-04
5.126126068236493849e-05
2.580549757577419392e-05
4.340848908544293010e-05
1.644632953427957187e-05
2.375483412638774994e-03
7.943128630543073087e-04
2.007274461403280030e-03
8.204852973531597026e-04
2.498790502323807524e-04
8.355442212366029256e-05
2.763171849924372665e-04
1.129462821610417093e-04
5.536980612221825259e-04
9.597574769453130436e-05
4.217880762306300789e-04
1.387186745086787295e-03
8.084528854332949117e-04
1.401339025533022455e-04
1.484512404771675764e-04
4.882300014783194533e-04
5.352503091439596988e-04
2.925762572739367589e-04
9.113799568773533165e-04
2.105188490066583692e-03
7.815173777226891915e-04
4.271897193937871273e-04
3.207665004510280014e-04
7.409356982812329321e-04
8.024119923176781678e-04
4.039432594300114139e-04
1.896529784031567413e-03
7.185450232641045227e-04
1.337393994639785770e-03
6.732592415231980877e-04
1.447793192823858125e-04
5.485305857985491355e-05
9.756644917849611716e-04
3.262421668477399677e-04
3.011309669216180943e-03
1.230890621525667630e-03
1.626156942554631045e-03
5.437534818992334181e-04
2.298805785853814162e-04
9.396504489200933907e-05
1.842724012502440500e-04
3.194102115947651939e-05
9.084768375248400017e-05
2.987820420375610813e-04
5.232044296154053035e-04
9.069010684016020056e-05
6.907612416039749946e-05
2.271792144851392996e-04
1.781329331697169901e-04
9.737026956112732360e-05
1.962994279987037376e-04
4.534303100601726872e-04
5.057726445329936357e-04
2.764633010780848934e-04
1.492564598344282476e-04
3.447661745690640506e-04
1.844699570003510963e-03
9.286425977060285821e-04
1.193679515570724142e-03
4.522536279194941866e-04
1.940454621000767938e-04
9.768467718423062872e-05
1.643194141448162972e-04
6.225628421634416649e-05
2.242997220498743442e-03
7.500122015409473302e-04
1.895324132238135036e-03
7.747249387773655956e-04
2.359427189219967210e-04
7.889439917223596273e-05
2.609063378917055400e-04
1.066470073438509071e-04
1.436719080805927363e-04
2.490349843432400505e-05
1.094443017985943258e-04
3.599430456570669869e-04
2.097749238765240587e-04
3.636152368345367715e-05
3.851968151957675684e-05
1.266844527859628663e-04
1.896336163579818228e-05
1.036567243017089299e-05
3.228924376993691649e-05
7.458463819012085610e-05
2.768834768562466537e-05
1.513488735562919609e-05
1.136442341982140800e-05
2.625058099985262005e-05
1.023572073717976267e-04
5.152777422043845469e-05
2.419249640452224726e-04
9.165897650629705655e-05
1.706005340869148847e-04
8.588223563374442501e-05
1.846832668107467143e-05
6.997160991847100026e-06
1.643407227442942445e-05
5.495216228617149394e-06
5.072243702755781236e-05
2.073309586071171560e-05
2.739095349736075236e-05
9.158972265820851556e-06
3.872103653222283647e-06
1.582745249035503842e-06
2.114341755055585000e-04
3.664913154568539693e-05
1.042386433371054853e-04
3.428225512093345832e-04
6.003248258883950609e-04
1.040578395688262819e-04
7.925795322512461038e-05
2.606654582062773763e-04
2.790735353796233207e-05
1.525459940717479594e-05
3.075342351905376590e-05
7.103706059575701356e-05
7.923731872401431741e-05
4.331236760193799267e-05
2.338339530094360986e-05
5.401309769296151465e-05
5.525661682280756703e-04
2.781680498070535253e-04
3.575579063044967204e-04
1.354692429652625061e-04
5.812488884272990836e-05
2.926072550999951429e-05
4.922067013834161459e-05
1.864841136027253090e-05
8.871785952580394968e-05
2.966543004638823471e-05
7.496625434175982526e-05
3.064289944786664636e-05
9.332304472853299843e-06
3.120530939213018327e-06
1.031969706557254970e-05
4.218237156029700587e-06
2.961391736277030405e-04
5.133154800618754116e-05
2.255886034082310782e-04
7.419212114460743950e-04
4.323919229203840114e-04
7.494903992937701487e-05
7.939747446808396146e-05
2.611243190176613027e-04
2.900344495767193261e-04
1.585374025722232141e-04
4.938466725426651554e-04
1.140732054780536648e-03
4.234784335668219575e-04
2.314799879842506286e-04
1.738127635082642301e-04
4.014885629238214640e-04
2.132927206844042881e-04
1.073739645354688729e-04
5.041250646400473453e-04
1.909996665223854531e-04
3.554986795745312955e-04
1.789620503248274879e-04
3.848443842343577271e-05
1.458073684637340266e-05
1.766385824066019343e-04
5.906431397110228644e-05
5.451807210740171545e-04
2.228458412851572863e-04
2.944065911202730507e-04
9.844351724394174844e-05
4.161858903960280676e-05
1.701184419977379704e-05
4.358120028290260158e-04
7.554186253323881626e-05
2.148586046522557092e-04
7.066321340921001689e-04
1.237400548387361607e-03
2.144859286069362905e-04
1.633679477434466117e-04
5.372884262328583849e-04
4.268280106648469083e-04
2.333109196325816213e-04
4.703571251897956194e-04
1.086473757403046874e-03
1.211892309150030883e-03
6.624394418328492969e-04
3.576364948154175786e-04
8.261013716966054445e-04
1.151441548726698854e-03
5.796486800905903880e-04
7.450818618066214856e-04
2.822918301801846316e-04
1.211210817398711460e-04
6.097372049783916618e-05
1.025664036493546843e-04
3.885970023612052727e-05
9.535674834027184615e-04
3.188533810959014365e-04
8.057609017495311488e-04
3.293595299395831442e-04
1.003065463717409665e-04
3.354044890724851226e-05
1.109193527987933122e-04
4.533894089386994913e-05
2.682355240477963778e-05
4.649484399836348437e-06
2.043325660471037627e-05
6.720138457757784110e-05
3.916498875099639482e-05
6.788698285357469431e-06
7.191626461007230330e-06
2.365199365396419839e-05
4.531202679181074977e-05
2.476826819483201179e-05
7.715357154971574309e-05
1.782163515538534950e-04
6.615995498306535198e-05
3.616407441467022800e-05
2.715473492317622772e-05
6.272448168264100319e-05
1.473658192013634787e-04
7.418561774585911365e-05
3.483044470164748524e-04
1.319633517446928582e-04
2.456171686141110123e-04
1.236464566978641660e-04
2.658923744127906355e-05
1.007395950049612548e-05
7.183520352128526087e-04
2.402021663190524855e-04
2.217135549926680868e-03
9.062672573844772180e-04
1.197289805148605375e-03
4.003491196669273938e-04
1.692540651762420103e-04
6.918359928580769687e-05
1.790308278089968049e-04
3.103246834820410163e-05
8.826354850963130216e-05
2.902832760495988279e-04
5.083220358114042600e-04
8.811045382553584827e-05
6.711127443050361914e-05
2.207171695507401143e-04
3.024301011224678920e-04
1.653130611263065118e-04
3.332727688448745016e-04
7.698238168729744195e-04
8.586894590982629234e-04
4.693731957023122999e-04
2.534042719540281329e-04
5.853362833204287441e-04
2.980638096702765668e-04
1.500486881415786426e-04
1.928729586767904513e-04
7.307446777072304717e-05
3.135357682263029919e-05
1.578374468200668336e-05
2.655048625760706742e-05
1.005927770092326462e-05
1.452947131569017839e-03
4.858356786676605349e-04
1.227734807766106681e-03
5.018438575243819874e-04
1.528367015078528905e-04
5.110545386617679171e-05
1.690073941168946812e-04
6.908277103268702448e-05
8.201033520472820104e-05
1.421533465835007217e-05
6.247264337656961133e-05
2.054615284456871556e-04
1.197430454881246554e-04
2.075576767701822384e-05
2.198768037261547695e-05
7.231361076082060471e-05
7.927796816632944890e-05
4.333458722795159032e-05
1.349879672639678829e-04
3.118075099602307730e-04
1.157535245362535312e-04
6.327270138199051831e-05
4.750995184337573353e-05
1.097428169552689173e-04
5.578416937865617303e-04
2.808238089553508174e-04
1.318479032180241116e-03
4.995368671918608240e-04
9.297644331996326571e-04
4.680539164973822309e-04
1.006514626737741260e-04
3.813417969885644660e-05
6.782878843730570650e-04
2.268055371571393061e-04
2.093480783530403747e-03
8.557226409273650585e-04
1.130514189571474185e-03
3.780207253245038710e-04
1.598143753513774057e-04
6.532507028949842637e-05
5.473688935392310041e-04
9.487867576454380521e-05
2.698569932274829113e-04
8.875121540170149851e-04
1.554143907553977733e-03
2.693889215056146161e-04
2.051860256615896036e-04
6.748207242329927165e-04
5.291320125556598286e-04
2.892318999029721638e-04
5.830943753759331750e-04
1.346884533065465265e-03
1.502363951096929561e-03
8.212158206470113143e-04
4.433563719735020780e-04
1.024104956701278818e-03
1.128297059277665135e-03
5.679974827064604046e-04
7.301053835752086951e-04
2.766176383009887768e-04
1.186864938951959355e-04
5.974812148042388298e-05
1.005047731222012127e-04
3.807860290373567437e-05
1.371912916883203997e-03
4.587395016411304903e-04
1.159261204131039518e-03
4.738548674188215108e-04
1.443126459432952273e-04
4.825518476124688824e-05
1.595814617062852670e-04
6.522986546074900074e-05
3.959318732974207616e-05
6.862920468231183347e-06
3.016072384069569780e-05
9.919331221482698699e-05
5.780989456523779170e-05
1.002052967784247252e-05
1.061527605961140650e-05
3.491177459762598881e-05
5.225934141743487706e-06
2.856577989458312995e-06
8.898288429507613564e-06
2.055407762891254503e-05
7.630370831805307678e-06
4.170880990526198917e-06
3.131814363480825804e-06
7.234150258926839438e-06
1.372786917912740688e-04
6.910764388289600355e-05
3.244631563182896251e-04
1.229305166563045618e-04
2.288047782827374243e-04
1.151829095247357005e-04
2.476921549005022823e-05
9.384401273518585919e-06
2.204092902263495685e-05
7.370033965801547301e-06
6.802754762853128535e-05
2.780666207708396093e-05
3.673599895486548948e-05
1.228376352861380229e-05
5.193159696744791000e-06
2.122734713123039212e-06
2.647134543591365452e-06
4.588434290494221977e-07
1.305057296886697488e-06
4.292103750296940321e-06
7.516006247262825025e-06
1.302793651950967480e-06
9.923015772398639693e-07
3.263505235560973620e-06
3.493972504393673408e-07
1.909860453865896403e-07
3.850297594337682987e-07
8.893768310094114156e-07
9.920432353679873397e-07
5.422664721522435958e-07
2.927577497799192672e-07
6.762385331866778010e-07
2.399860084689584743e-04
1.208116670820769340e-04
1.552916187498394520e-04
5.883589108214427838e-05
2.524432523764471895e-05
1.270827843580927112e-05
2.137711796316899991e-05
8.099225149795540924e-06
3.853121347581203390e-05
1.288404639244812146e-05
3.255872904242267259e-05
1.330857288999605416e-05
4.053129976159977945e-06
1.355283416657740513e-06
4.481966232781286185e-06
1.832030182190194260e-06
6.623807136363909045e-05
1.148143522651420022e-05
5.045787704588991463e-05
1.659470766665413087e-04
9.671401016154605257e-05
1.676400928206647295e-05
1.775899998465342713e-05
5.840622524198020127e-05
6.487261490480278759e-05
3.546039403279586255e-05
1.104597231695546289e-04
2.551499361794511600e-04
9.472031126427508442e-05
5.177561541598347806e-05
3.887706611772187348e-05
8.980179068124878974e-05
2.321795423562884614e-04
1.168818038741832919e-04
5.487647511967757696e-04
2.079124642466699535e-04
3.869776730637141293e-04
1.948089311732413337e-04
4.189219056478292550e-05
1.587184408987653804e-05
1.922797228805151653e-04
6.429439009167920555e-05
5.934558381283380020e-04
2.425785806452657764e-04
3.204759514232122654e-04
1.071605758897941962e-04
4.530386656292469875e-05
1.851822316423180556e-05
4.428567100376993108e-06
7.676296314563585718e-07
2.183316984431879769e-06
7.180545282818071036e-06
1.257402577947480415e-05
2.179529982553347325e-06
1.660087179646971569e-06
5.459734546966208114e-06
4.337274956356037764e-06
2.370822868889411459e-06
4.779602389383064755e-06
1.104036122508016791e-05
1.231482009367063004e-05
6.731474808058379987e-06
3.634175297037550600e-06
8.394549329810776925e-06
4.058884950838153346e-04
2.043288525583098511e-04
2.626448176525876467e-04
9.950918155853960437e-05
4.269574399558937632e-05
2.149351973610544685e-05
3.615513377073468500e-05
1.369822486055771482e-05
3.361369678097806757e-04
1.123972981073310311e-04
2.840344611241071176e-04
1.161007643822836412e-04
3.535852358194206690e-05
1.182316405592029059e-05
3.909958715052322175e-05
1.598218729249180185e-05
2.898493625886492731e-04
5.024129799520137278e-05
2.207972424051588326e-04
7.261632684198394624e-04
4.232081886083493747e-04
7.335716914463939840e-05
7.771112171284135905e-05
2.555782016154851152e-04
4.896317193566756014e-04
2.676404169127706155e-04
8.337043952141870050e-04
1.925766398173070016e-03
7.149098110255601955e-04
3.907809733595485292e-04
2.934280474850112404e-04
6.777868479186718994e-04
3.392617069266798359e-04
1.707881749123916777e-04
8.018573225823677226e-04
3.038025520931391527e-04
5.654533753221279184e-04
2.846556154072197361e-04
6.121304200047265095e-05
2.319200418503110335e-05
1.653771132012354234e-03
5.529870996851487088e-04
5.104231057326415189e-03
2.086384606269495699e-03
2.756369049362767613e-03
9.216731969521649954e-04
3.896522502108148924e-04
1.592726597811861087e-04
9.646275070417975378e-05
1.672045699973985174e-05
4.755686369966604407e-05
1.564061543693420634e-04
2.738865837688570252e-04
4.747437547947085243e-05
3.615990728555486933e-05
1.189235706669468162e-04
1.629509275415999266e-04
8.907154593836031644e-05
1.795691189668917592e-04
4.147851174121986503e-04
4.626663923694384587e-04
2.529007440694023049e-04
1.365355531895004937e-04
3.153822649822558746e-04
7.799433842939530607e-04
3.926323083888339643e-04
5.046905503072378427e-04
1.912139140998863067e-04
8.204288485681699404e-05
4.130131483501464960e-05
6.947464078015898792e-05
2.632210566686978505e-05
3.801925850205414587e-03
1.271285916428356198e-03
3.212612903404330183e-03
1.313174508027939447e-03
3.999277012201682023e-04
1.337276091597887351e-04
4.422415424537790626e-04
1.807688437426935660e-04
3.080796653302718901e-04
5.340126379400303869e-05
2.346844579491654372e-04
7.718358760975290627e-04
4.498261991920513752e-04
7.797102576944455084e-05
8.259882359551459319e-05
2.716529928380627878e-04
2.978152673047310237e-04
1.627905202080322006e-04
5.070952054333180848e-04
1.171334723559025416e-03
4.348391822921411414e-04
2.376899523412998353e-04
1.784756765988765499e-04
4.122593845712179132e-04
4.464650237433832923e-04
2.247555353596955249e-04
1.055236241686753704e-03
3.998011295241088621e-04
7.441310041322461754e-04
3.746039517478987448e-04
8.055575295461241396e-05
3.052044627413349830e-05
5.428633602947109324e-04
1.815223577941034959e-04
1.675503925461037510e-03
6.848721303100814084e-04
9.047997847976898015e-04
3.025464643237486665e-04
1.279064108698314622e-04
5.228250125921599090e-05
1.025298509831704667e-04
1.777210324233013296e-05
5.054798990033805990e-05
1.662434419843320822e-04
2.911128950306178715e-04
5.046031351890856273e-05
3.843421298365023222e-05
1.264033618143574486e-04
9.911382805656009944e-05
5.417718095905204375e-05
1.092217335001599197e-04
2.522903148073059407e-04
2.814137848288509941e-04
1.538252113150551472e-04
8.304685064757750070e-05
1.918291847437302922e-04
1.026397717389749675e-03
5.167002031417730797e-04
6.641677322418206844e-04
2.516356044778167585e-04
1.079676184718680166e-04
5.435211853259014646e-05
9.142793457730323233e-05
3.463962861589518218e-05
1.248012014892529217e-03
4.173095848201580516e-04
1.054565412534480030e-03
4.310598439422242854e-04
1.312794083514682143e-04
4.389713780063636328e-05
1.451692590051699644e-04
5.933879244302535670e-05
4.490917924459094973e-04
7.784372672054185049e-05
3.421026303913972302e-04
1.125115338914382118e-03
6.557175848257429515e-04
1.136593928849785015e-04
1.204053948275574044e-04
3.959921514006981436e-04
5.927595854746627908e-05
3.240117343580691851e-05
1.009301996130631504e-04
2.331377741217287834e-04
8.654865003273667500e-05
4.730885655944443478e-05
3.552308417076891151e-05
8.205445748905455783e-05
3.199496849625790970e-04
1.610662849443334475e-04
7.562126597465104912e-04
2.865089954111273737e-04
5.332656931259292625e-04
2.684519726597141731e-04
5.772857090495335779e-05
2.187183015693298739e-05
5.136986814965314758e-05
1.717702882182912781e-05
1.585489499391406142e-04
6.480782017467779862e-05
8.561905084487372961e-05
2.862925207001879529e-05
1.210347933283169934e-05
4.947368698381036936e-06
6.609040983074453276e-04
1.145584018290145577e-04
3.258307055554031536e-04
1.071599842100771395e-03
1.876504291686341939e-03
3.252655464407074449e-04
2.477456919379031407e-04
8.147919758184398722e-04
8.723322179138064071e-05
4.768305427508857117e-05
9.612950977356483277e-05
2.220487031824042851e-04
2.476811923066694248e-04
1.353864444434002491e-04
7.309216568127798006e-05
1.688349461112553698e-04
1.727219567483666935e-03
8.695018376101553434e-04
1.117659834763367601e-03
4.234517795255633298e-04
1.816876441945639139e-04
9.146361208053371990e-05
1.538547046052810843e-04
5.829148228027697479e-05
2.773156081010497501e-04
9.272864355457698994e-05
2.343306355784703209e-04
9.578403198391927326e-05
2.917105646716748875e-05
9.754202137330658955e-06
3.225746295564649481e-05
1.318542859680449408e-05
7.513154712480310613e-04
1.302299378624049411e-04
5.723261998796403544e-04
1.882280138011341352e-03
1.096993475578404882e-03
1.901483433087411727e-04
2.014341777723920588e-04
6.624815568767516635e-04
7.358275721936149592e-04
4.022149513854323170e-04
1.252906331035142685e-03
2.894077236747576512e-03
1.074379640427521000e-03
5.872728492027054535e-04
4.409690778981694001e-04
1.018590567261539815e-03
5.411311141032606195e-04
2.724115144123186410e-04
1.278982972324163797e-03
4.845728537146788196e-04
9.019126200047112478e-04
4.540329991747281370e-04
9.763637020939755983e-05
3.699184083173174756e-05
4.481382795652723511e-04
1.498482363597340911e-04
1.383142612817601534e-03
5.653677161647873003e-04
7.469198486524120930e-04
2.497546563779794019e-04
1.055878202600691679e-04
4.315964546392412856e-05
1.105670338273705058e-03
1.916523550493386444e-04
5.451038166566384881e-04
1.792750510919718931e-03
3.139328595895202363e-03
5.441583244572038239e-04
4.144702139271763284e-04
1.363119583965403470e-03
1.082877635019239334e-03
5.919179870186098199e-04
1.193312525451654602e-03
2.756422033067791686e-03
3.074613298190630954e-03
1.680632100498882483e-03
9.073363322595680725e-04
2.095848157377375003e-03
2.921247598548829504e-03
1.470589033884645101e-03
1.890298818843044043e-03
7.161842751946344678e-04
3.072884329712661155e-04
1.546924676948389411e-04
2.602145638081227331e-04
9.858842259133972783e-05
2.419234153939342751e-03
8.089422123472995692e-04
2.044243671633436642e-03
8.355966804907679832e-04
2.544812266251867479e-04
8.509329538516204278e-05
2.814062887989236816e-04
1.150264834141414053e-04
4.293069643824069928e-05
7.441430588744190461e-06
3.270312311001688613e-05
1.075548159316657587e-04
6.268298164625413183e-05
1.086521057693890383e-05
1.151009112572675429e-05
3.785466385640258929e-05
7.252122455092979041e-05
3.964124464676775108e-05
1.234831430730526966e-04
2.852326184627939536e-04
1.058880233641067782e-04
5.788006291029181846e-05
4.346074913030704328e-05
1.003895994731713567e-04
2.358568005473834562e-04
1.187329771787922974e-04
5.574560840155212216e-04
2.112053806010685190e-04
3.931066231150529911e-04
1.978943138498768324e-04
4.255567882621150486e-05
1.612322226081683529e-05
1.149711741910074700e-03
3.844399925273716883e-04
3.548492452452856310e-03
1.450467258458922005e-03
1.916244515184952748e-03
6.407528080685984378e-04
2.708886124913381373e-04
1.107273210730529362e-04
2.865361755881911179e-04
4.966700376899641731e-05
1.412644958597549980e-04
4.645940633486996354e-04
8.135618535149498776e-04
1.410194700962010472e-04
1.074105959822842791e-04
3.532545451735952355e-04
4.840348761099067844e-04
2.645810941590716597e-04
5.333981068019096874e-04
1.232091562458838014e-03
1.374319700350199423e-03
7.512248145533597559e-04
4.055697661236435758e-04
9.368220105342837554e-04
4.770466916194175113e-04
2.401506923599920206e-04
3.086903000447921539e-04
1.169545981796174983e-04
5.018093310360912724e-05
2.526164847133310657e-05
4.249365813343596775e-05
1.609972425909364648e-05
2.325420261452297663e-03
7.775727735462613626e-04
1.964971288794569674e-03
8.031936255742166747e-04
2.446128662617586772e-04
8.179351836621039660e-05
2.704938191317884542e-04
1.105659469544499764e-04
4.563085622464857743e-05
7.909465195589623332e-06
3.476001165918463721e-05
1.143195603431842615e-04
6.662547688568833462e-05
1.154858650849195381e-05
1.223402732462553691e-05
4.023556259677332336e-05
4.411055701881196463e-05
2.411152587557217016e-05
7.510780819152857737e-05
1.734908608926240552e-04
6.440569255599863749e-05
3.520516691584350507e-05
2.643471431244762956e-05
6.106131245132494863e-05
3.103851979356557576e-04
1.562514141529933046e-04
7.336066485088790128e-04
2.779441750706196433e-04
5.173243965923736290e-04
2.604269439426016718e-04
5.600284903850480920e-05
2.121799974039257974e-05
3.774019073752498885e-04
1.261954463560702221e-04
1.164820511998504796e-03
4.761272673603454144e-04
6.290223093892061178e-04
2.103321407498077555e-04
8.892131419882656805e-05
3.634711262676693788e-05
3.045580928377136115e-04
5.279084888251184461e-05
1.501494370000977584e-04
4.938150709478348341e-04
8.647314636743548642e-04
1.498890001491804194e-04
1.141662695670977605e-04
3.754727665484972163e-04
2.944110242753187451e-04
1.609297072997887558e-04
3.244358841085004733e-04
7.494115750909627642e-04
8.359209028772090653e-04
4.569275439224168025e-04
2.466851381024267524e-04
5.698158155496943923e-04
6.277886898287500040e-04
3.160359167492651430e-04
4.062333570957224428e-04
1.539110851212145855e-04
6.603760764078766697e-05
3.324407751974259398e-05
5.592123042518281571e-05
2.118707660440914510e-05
7.633374611475376905e-04
2.552443687944653010e-04
6.450172554527818739e-04
2.636546146599769895e-04
8.029609416908544415e-05
2.684936468601777665e-05
8.879172017844575273e-05
3.629414030514780504e-05
2.634827574877447254e-04
4.567101896417127436e-05
2.007120724883715052e-04
6.601066796931618188e-04
3.847103872509540900e-04
6.668411838170938374e-05
7.064200677723702108e-05
2.323291268056902202e-04
3.477728445170101329e-05
1.900981195004431255e-05
5.921588360143856668e-05
1.367822450407990998e-04
5.077820915690385367e-05
2.775616965072000270e-05
2.084144116909188846e-05
4.814146035853240782e-05
9.135553537591576323e-04
4.598940828405675475e-04
2.159221141201238432e-03
8.180718374159559906e-04
1.522638564211304616e-03
7.665134500106556090e-04
1.648329330946316548e-04
6.245084297774537426e-05
1.466768691318025416e-04
4.904573243662574969e-05
4.527063124526446345e-04
1.850463803174622458e-04
2.444688835754289867e-04
8.174537351316691291e-05
3.455917871872558146e-05
1.412626851611086592e-05
1.761601820984436042e-05
3.053488241151452541e-06
8.684829852152480039e-06
2.856287679325602305e-05
5.001714145494699798e-05
8.669765861353457661e-06
6.603518773397547062e-06
2.171781098046038046e-05
2.325151300341152409e-06
1.270964357101330945e-06
2.562276734266473709e-06
5.918580333744456503e-06
6.601799572864138544e-06
3.608647724819461985e-06
1.948229591760497224e-06
4.500198278041848110e-06
1.597046854128334869e-03
8.039714235273312656e-04
1.033426876754804657e-03
3.915381374190813539e-04
1.679946696166991166e-04
8.457041402862179645e-05
1.422593725826533633e-04
5.389831735974368672e-05
2.564155871414163955e-04
8.574010581189485229e-05
2.166701972475356308e-04
8.856522345824606446e-05
2.697256610539782435e-05
9.019072115220881983e-06
2.982636412030092950e-05
1.219170258216723812e-05
1.126694627522470860e-04
1.952966189933778100e-05
8.582770876840670746e-05
2.822722278654514667e-04
1.645083460491337970e-04
2.851520100902200583e-05
3.020765771248652850e-05
9.934766945845909609e-05
1.103468521680095281e-04
6.031732902856365045e-05
1.878894932938444961e-04
4.340042763743522103e-04
1.611171092721436703e-04
8.806915196187452093e-05
6.612901104593184559e-05
1.527508168935034973e-04
3.949321554930674974e-04
1.988133074666600106e-04
9.334364425449115767e-04
3.536544039388694535e-04
6.582402781904908660e-04
3.313655902529392678e-04
7.125766960418838003e-05
2.699764817541889551e-05
3.270634640940182566e-04
1.093633048257718998e-04
1.009454971628432132e-03
4.126206846582190519e-04
5.451223522744308610e-04
1.822777183146110833e-04
7.706085339082229359e-05
3.149907918643823386e-05
7.532892575064547484e-06
1.305720658653877274e-06
3.713772858864248818e-06
1.221394528294500311e-05
2.138813374303683698e-05
3.707331254235491823e-06
2.823770783208404378e-06
9.286885102669901768e-06
7.377606700814468394e-06
4.032716131664792660e-06
8.129995670084687887e-06
1.877940498888618792e-05
2.094723072818975955e-05
1.145008655204533510e-05
6.181650066724001792e-06
1.427893873667661469e-05
6.904071591600626032e-04
3.475587614280302006e-04
4.467529004146592497e-04
1.692628694390250815e-04
7.262449583384498510e-05
3.655999142890465112e-05
6.149906562527820346e-05
2.330037097888292523e-05
5.717613872901366502e-04
1.911852644838450558e-04
4.831362006645686783e-04
1.974847769383853942e-04
6.014404969340584250e-05
2.011093491685613351e-05
6.650751429490424935e-05
2.718533946988265610e-05
3.268277307105190224e-04
5.665097644194592297e-05
2.489660872045139427e-04
8.188056410522656647e-04
4.772001934579818373e-04
8.271592150062946147e-05
8.762534212097483556e-05
2.881843275660721172e-04
5.520978976529193182e-04
3.017854147575190177e-04
9.400666371584729362e-04
2.171451598762707408e-03
8.061164913851007457e-04
4.406359827301223613e-04
3.308629766505484840e-04
7.642574592274436812e-04
3.825439973424529815e-04
1.925769687409139782e-04
9.041565824146153771e-04
3.425610385956846609e-04
6.375927199861008803e-04
3.209713762578794813e-04
6.902247232226833710e-05
2.615079098579809922e-05
1.864755752308596770e-03
6.235360232921425758e-04
5.755418050912329900e-03
2.352561137849202514e-03
3.108020777959862729e-03
1.039258312408590469e-03
4.393632594713701859e-04
1.795923285654729630e-04
1.087692642453173337e-04
1.885361750966911123e-05
5.362406770143430266e-05
1.763601204610446211e-04
3.088284543591314057e-04
5.353105580871883834e-05
4.077311171324779417e-05
1.340955880735559527e-04
1.837398619405516314e-04
1.004351052212804020e-04
2.024781670502618562e-04
4.677025246687011332e-04
5.216923913292321807e-04
2.851652856539396144e-04
1.539544700450457568e-04
3.556180667430964919e-04
8.794469102670962731e-04
4.427235071635120972e-04
5.690779023794099913e-04
2.156085804964584919e-04
9.250974243732200733e-05
4.657044915446414008e-05
7.833806838599906058e-05
2.968022418884711013e-05
4.286967502204734430e-03
1.433473882570453131e-03
3.622471257116667304e-03
1.480706532015954114e-03
4.509496307692783027e-04
1.507882944599186407e-04
4.986617822969413799e-04
2.038309501733662622e-04
1.173139538394649654e-04
2.033471890779541769e-05
8.936572180826430484e-05
2.939081300386344885e-04
1.712897536136508191e-04
2.969066234256766894e-05
3.145288595432063129e-05
1.034430059770179313e-04
1.134053637841385306e-04
6.198915969580237758e-05
1.930972739101221886e-04
4.460336826932526544e-04
1.655828329478466838e-04
9.051018692577098999e-05
6.796192557383481546e-05
1.569846499269157388e-04
1.700098483624922809e-04
8.558487776882408270e-05
4.018244294515803698e-04
1.522406589337094011e-04
2.833583650374968052e-04
1.426458012291147398e-04
3.067490310822587558e-05
1.162191026637599393e-05
2.067174642067907703e-04
6.912207425394085265e-05
6.380167608876731108e-04
2.607931211396256150e-04
3.445395854800162912e-04
1.152069608746165215e-04
4.870560594925650561e-05
1.990870423973016050e-05
3.904244115726449032e-05
6.767456388807168809e-06
1.924821798117981800e-05
6.330400111982778435e-05
1.108531609610885238e-04
1.921483160706516840e-05
1.463540114855177592e-05
4.813325844516759853e-05
3.774165048191334556e-05
2.063018115580268039e-05
4.159064957555014822e-05
9.606987307558645481e-05
1.071598274031136428e-04
5.857525104818120664e-05
3.162349060895822925e-05
7.304682086032149291e-05
3.908429798821965655e-04
1.967547702807115502e-04
2.529090733669497773e-04
9.582056529576404359e-05
4.111309390052467569e-05
2.069679580368875458e-05
3.481493166756390706e-05
1.319045769575508807e-05
4.752317026482228671e-04
1.589077205659632491e-04
4.015689837696343194e-04
1.641436950409337191e-04
4.999001292378747502e-05
1.671563357519160735e-05
5.527914259314938917e-05
2.259567618683288510e-05
5.507024631969312505e-04
9.545650303683618704e-05
4.195061330259850212e-04
1.379681835524589409e-03
8.040790217037252670e-04
1.393757549794551599e-04
1.476480947304804111e-04
4.855885964767042511e-04
7.268762629274855541e-05
3.973220246219257836e-05
1.237664781962507794e-04
2.858870917542978671e-04
1.061309860503360705e-04
5.801287014492542579e-05
4.356047089315390685e-05
1.006199458899102684e-04
3.923409035118279368e-04
1.975088419535224113e-04
9.273119247069402504e-04
3.513339859578706913e-04
6.539213935383578419e-04
3.291914149412693866e-04
7.079012961036376054e-05
2.682050962554309782e-05
6.299271863785593838e-05
2.106347130297491659e-05
1.944219394285368475e-04
7.947111660678471922e-05
1.049910574852785526e-04
3.510685320828733875e-05
1.484198997612804725e-05
6.066751106055863908e-06
8.104390260454246439e-04
1.404781720092127060e-04
3.995525528473481544e-04
1.314058022285979161e-03
2.301078650320129582e-03
3.988595218862031415e-04
3.038001697905981513e-04
9.991452874978860692e-04
1.069704477373712408e-04
5.847173313728952753e-05
1.178795932339195220e-04
2.722890283214484254e-04
3.037210765931868859e-04
1.660187286710100411e-04
8.962986266538395673e-05
2.070352258962472906e-04
2.118017043051968057e-03
1.066233700505323434e-03
1.370539462919698713e-03
5.192611888090533810e-04
2.227959514589550230e-04
1.121579982375322436e-04
1.886655829070168415e-04
7.148040426282163684e-05
3.400605199940210884e-04
1.137092533717733557e-04
2.873498478178244117e-04
1.174559482844060972e-04
3.577124525708358350e-05
1.196116970718352689e-05
3.955597631701961723e-05
1.616873906116212466e-05
2.354892261503044510e-04
4.081873522167316244e-05
1.793875663059616874e-04
5.899741321206563747e-04
3.438371157548133898e-04
5.959931338184224186e-05
6.313669884242754373e-05
2.076454899945120959e-04
2.306347628754301866e-04
1.260685973769450974e-04
3.927057988625922628e-04
9.071076464974158100e-04
3.367491284262334175e-04
1.840723824948014252e-04
1.382155311376138615e-04
3.192628311646102351e-04
1.696099071330855622e-04
8.538354283697647900e-05
4.008791538815565671e-04
1.518825189971934411e-04
2.826917760488745841e-04
1.423102328037395407e-04
3.060274165064443810e-05
1.159457019681674031e-05
1.404626161735403572e-04
4.696781388212918488e-05
4.335265224964323467e-04
1.772065278369038617e-04
2.341114803123655187e-04
7.828207059304544081e-05
3.309501139732624626e-05
1.352778147152740137e-05
3.465567558523806649e-04
6.007072462581135308e-05
1.708550946552675140e-04
5.619123346358934545e-04
9.839782221585931070e-04
1.705587434753747867e-04
1.299098363806223857e-04
4.272505868208941273e-04
3.394127048422881411e-04
1.855283353554709215e-04
3.740269619461961061e-04
8.639615665474483907e-04
9.636941258505256043e-04
5.267704019623299302e-04
2.843917620742342786e-04
6.569140122849999276e-04
9.156238127679872021e-04
4.609353684669335502e-04
5.924874744063772947e-04
2.244778487876016449e-04
9.631522050935379341e-05
4.848616979526104525e-05
8.156058088677944483e-05
3.090114902711665055e-05
7.582747868098762287e-04
2.535515144783864598e-04
6.407393148659012343e-04
2.619059811661636635e-04
7.976354729950937104e-05
2.667129195082923736e-05
8.820282786538092342e-05
3.605342709233871733e-05
7.054488759378877197e-05
1.222796106220011160e-05
5.373866103199232021e-05
1.767369977560265455e-04
1.030023796758079111e-04
1.785400942506606969e-05
1.891369467594722183e-05
6.220381284734672396e-05
1.191688479004537416e-04
6.513957097591199189e-05
2.029108579765966092e-04
4.687019936069881606e-04
1.739980788919972610e-04
9.511009302637078873e-05
7.141588458854746500e-05
1.649629192624057225e-04
3.875663071709457928e-04
1.951052562308965498e-04
9.160269934572758772e-04
3.470584236885101352e-04
6.459634909468461601e-04
3.251853168995927465e-04
6.992864845766505878e-05
2.649411717965617007e-05
1.889237592848821241e-03
6.317222479354639691e-04
5.830979274836871167e-03
2.383447234629785996e-03
3.148825086506714614e-03
1.052902435105620028e-03
4.451315330076199514e-04
1.819501444589186273e-04
4.708440341167552043e-04
8.161417094746108332e-05
2.321296603178991274e-04
7.634335963504511107e-04
1.336866956942349286e-03
2.317270273214285794e-04
1.765000116141284220e-04
5.804774729689311970e-04
7.953792684395166301e-04
4.347668473942473870e-04
8.764942712078322481e-04
2.024606353729960229e-03
2.258319496833845717e-03
1.234433039691525081e-03
6.664432663884386132e-04
1.539411398172895124e-03
7.838960936888944965e-04
3.946221469404245807e-04
5.072482937536336878e-04
1.921829755086068873e-04
8.245867360288762298e-05
4.151062758573384974e-05
6.982673436906804360e-05
2.645550462435728109e-05
3.821193797507233068e-03
1.277728722261080047e-03
3.228894245693158908e-03
1.319829602897137823e-03
4.019545124140876092e-04
1.344053331942935108e-04
4.444827978255044506e-04
1.816849701197655433e-04
2.532190175171576896e-05
4.389194443455312086e-06
1.928935095561307947e-05
6.343928023304908710e-05
3.697243311751164773e-05
6.408649697466325627e-06
6.789020929540091641e-06
2.232789492234320942e-05
2.447824308938693951e-05
1.338019357557854247e-05
4.167952778377315235e-05
9.627517206154392263e-05
3.574060962444210697e-05
1.953638067642043036e-05
1.466939904346773130e-05
3.388471491990235413e-05
1.722418586366128261e-04
8.670849694929689590e-05
4.070998665134161008e-04
1.542393826438464839e-04
2.870784953012047456e-04
1.445185568192773194e-04
3.107762506553995063e-05
1.177449097490147786e-05
2.094313981841091602e-04
7.002955803437671317e-05
6.463930989591363391e-04
2.642169988232436297e-04
3.490629463443408083e-04
1.167194798421887747e-04
4.934504780473194358e-05
2.017007987670361128e-05
1.690082269453602420e-04
2.929519188093942443e-05
8.332233068504497952e-05
2.740324803132471914e-04
4.798648760167554313e-04
8.317780663055455309e-05
6.335421468108144141e-05
2.083608613035439121e-04
1.633773207020079233e-04
8.930461916198703220e-05
1.800389968945791065e-04
4.158704842755351879e-04
4.638770500087245011e-04
2.535625086212227037e-04
1.368928253260317499e-04
3.162075247259789660e-04
3.483783746335870554e-04
1.753776084003329596e-04
2.254308160689520398e-04
8.540977966208156775e-05
3.664620721482545227e-05
1.844811459677640102e-05
3.103233250084479330e-05
1.175733081890149616e-05
4.235983672850960192e-04
1.416425937193102169e-04
3.579390114953399341e-04
1.463096860584459319e-04
4.455865999064447506e-05
1.489950070908547680e-05
4.927313227819576929e-05
2.014068398027343414e-05
4.441928816285030770e-05
7.699456964104695698e-06
3.383708091805041922e-05
1.112842035778249946e-04
6.485646997730656037e-05
1.124195411694271982e-05
1.190919544549728599e-05
3.916724771899106463e-05
5.862934767765107740e-06
3.204772574045529334e-06
9.982920410389455463e-06
2.305945943468978981e-05
8.560453543298396329e-06
4.679278863512113911e-06
3.513558116082961602e-06
8.115936771860865167e-06
1.540118939784138790e-04
7.753132684986072131e-05
3.640126852809234619e-04
1.379147881651495409e-04
2.566942967974534411e-04
1.292228081312209761e-04
2.778838973627647730e-05
1.052828661993343149e-05
2.472754642054049367e-05
8.268383643137880407e-06
7.631957528344407698e-05
3.119607737973542237e-05
4.121383080216309508e-05
1.378105852801423818e-05
5.826165373458703786e-06
2.381479523995470737e-06
2.969799605127825822e-06
5.147728655143211186e-07
1.464133606033134685e-06
4.815277732542486051e-06
8.432148807584401737e-06
1.461594040429053837e-06
1.113255402672718438e-06
3.661301078694890889e-06
3.919860510678147018e-07
2.142657552284865873e-07
4.319618850870851713e-07
9.977849323662172116e-07
1.112965570940914284e-06
6.083645271339073723e-07
3.284426368880206877e-07
7.586667378475468568e-07
2.692384317649311942e-04
1.355376673481889711e-04
1.742204562890274991e-04
6.600752747007665672e-05
2.832141165774036169e-05
1.425731849251515656e-05
2.398282196856498815e-05
9.086457547061954114e-06
4.322786797618360097e-05
1.445451119263080343e-05
3.652738425696623668e-05
1.493078416025778726e-05
4.547174918582375093e-06
1.520481898198435543e-06
5.028282971311202395e-06
2.055340377323330129e-06
2.351471883282189900e-05
4.075944779046560692e-06
1.791270136960119161e-05
5.891172204456035077e-05
3.433377073523675933e-05
5.951274798061277269e-06
6.304499554322035385e-06
2.073438939838382613e-05
2.302997759493583205e-05
1.258854882420385703e-05
3.921354108310074095e-05
9.057901122353300923e-05
3.362600150159978133e-05
1.838050253938254425e-05
1.380147791116229484e-05
3.187991158378856787e-05
8.242445084592868725e-05
4.149339946336649603e-05
1.948131726075471042e-04
7.380956356291741322e-05
1.373782628228531466e-04
6.915776906475513248e-05
1.487185635303112193e-05
5.634553413895294032e-06
6.825989235052241152e-05
2.282470600983611413e-05
2.106786457696441977e-04
8.611614138677500926e-05
1.137699473317501151e-04
3.804233366303955962e-05
1.608301181383201884e-05
6.574026115582193744e-06
1.572154926219898152e-06
2.725108775034128577e-07
7.750842371298720612e-07
2.549115635702230488e-06
4.463817782039360627e-06
7.737398398284445878e-07
5.893360489478204639e-07
1.938222537744813268e-06
1.539745934621802255e-06
8.416494021738958348e-07
1.696773532278941416e-06
3.919362153455768464e-06
4.371798967238845897e-06
2.389694237513805445e-06
1.290143395478386332e-06
2.980090802086860631e-06
1.440916627384238459e-04
7.253737040386266553e-05
9.323971717251201645e-05
3.532606516858478933e-05
1.515712028967006947e-05
7.630265539399011873e-06
1.283518356557387408e-05
4.862911909624311943e-06
1.193296562632594154e-04
3.990138613869129662e-05
1.008331063188510230e-04
4.121612804420750662e-05
1.255238450118109044e-05
4.197259563356007512e-06
1.388047356144303766e-05
5.673725589823643784e-06
2.597669062603028380e-04
4.502692857474824062e-05
1.978814652485296009e-04
6.507973106878882277e-04
3.792848839720816458e-04
6.574368392784923378e-05
6.964575491584390900e-05
2.290526297808268149e-04
4.388145476956012642e-04
2.398629497430217238e-04
7.471771183011294368e-04
1.725897807625729422e-03
6.407118104613698621e-04
3.502231765093247184e-04
2.629741719092796920e-04
6.074417104640224795e-04
3.040509153922299436e-04
1.530626647808016206e-04
7.186353424727123188e-04
2.722719427995379119e-04
5.067669379364273842e-04
2.551122000185201857e-04
5.485995346421182397e-05
2.078498680596184439e-05
1.482131983278239026e-03
4.955944936505930851e-04
4.574480684579435366e-03
1.869846011043016856e-03
2.470295101116975426e-03
8.260159443410227363e-04
3.492115996069215019e-04
1.427423048776051053e-04
8.645121761176820761e-05
1.498509897447999217e-05
4.262110236977601738e-05
1.401733040836654213e-04
2.454608486850798116e-04
4.254717531479942531e-05
3.240699638714961443e-05
1.065809072605186783e-04
1.460388180318386922e-04
7.982712025855735077e-05
1.609322652198388447e-04
3.717360140132417454e-04
4.146478581254984240e-04
2.266530562327686313e-04
1.223650034273509712e-04
2.826498375988352853e-04
6.989957755531208544e-04
3.518823679207314006e-04
4.523104750041459727e-04
1.713684876034843123e-04
7.352793944270760208e-05
3.701479514516155516e-05
6.226410966657932396e-05
2.359022595141396756e-05
3.407337201360496719e-03
1.139343576723878416e-03
2.879186993809703960e-03
1.176884697222624039e-03
3.584205973265996688e-04
1.198484861335542102e-04
3.963428322802230327e-04
1.620074747376053291e-04
3.471687846998018482e-04
6.017681119240004384e-05
2.644612002119627460e-04
8.697663404860774905e-04
5.069001056341080301e-04
8.786398228898361479e-05
9.307895467409950429e-05
3.061202993795495288e-04
3.356020408045763009e-04
1.834453663168070909e-04
5.714353980768330189e-04
1.319953564668806300e-03
4.900115374196514729e-04
2.678480314538780774e-04
2.011206538960704816e-04
4.645668170576743093e-04
5.031124645561875757e-04
2.532724968450288474e-04
1.189124518182147101e-03
4.505278597654157539e-04
8.385462769348535393e-04
4.221336664094410226e-04
9.077665941972926967e-05
3.439287766729920784e-05
6.117418131103342276e-04
2.045538977188355255e-04
1.888091708157603249e-03
7.717686426970822274e-04
1.019600697592652977e-03
3.409335316626529999e-04
1.441351644205050582e-04
5.891610017093969529e-05
1.155388289685391754e-04
2.002702605374748394e-05
5.696151417168490309e-05
1.873363944879018412e-04
3.280492721578204393e-04
5.686271341910966186e-05
4.331074236309259917e-05
1.424414086402470885e-04
1.116893813697610824e-04
6.105117665540130785e-05
1.230797769187601796e-04
2.843008865557103805e-04
3.171195397530313163e-04
1.733425398628232771e-04
9.358382735698355748e-05
2.161684539161007595e-04
1.156626964596474318e-03
5.822590770038855914e-04
7.484372725217955120e-04
2.835631066403254447e-04
1.216665398919699947e-04
6.124831029204834258e-05
1.030283024385527209e-04
3.903470148262057284e-05
1.406359663616582080e-03
4.702577862459056965e-04
1.188368574289237235e-03
4.857526769703473407e-04
1.479361275098409981e-04
4.946680257429248963e-05
1.635883211265080006e-04
6.686769292583585953e-05
9.284027402010826572e-05
1.609255177014170019e-05
7.072251705059282977e-05
2.325939109243893186e-04
1.355558068061505468e-04
2.349668677516856109e-05
2.489128066315337212e-05
8.186304106254852885e-05
1.225405658023504461e-05
6.698260513669216282e-06
2.086519403515845213e-05
4.819632689347439744e-05
1.789211141300810608e-05
9.780110169984522180e-06
7.343649837133859716e-06
1.696303171421839951e-05
6.614286193651791905e-05
3.329706372096259172e-05
1.563310479712161426e-04
5.922970334934094596e-05
1.102414559965427616e-04
5.549679402339183524e-05
1.193416676001854212e-05
4.521540449518454800e-06
1.061963882576422749e-05
3.550989106223731943e-06
3.277665770238530346e-05
1.339765251752552051e-05
1.769993635040003214e-05
5.918495175997747351e-06
2.502139555338576603e-06
1.022764328723561971e-06
1.366280092844628677e-04
2.368253794883678031e-05
6.735863913961935025e-05
2.215307085411120686e-04
3.879277590250157330e-04
6.724180439011846744e-05
5.121620638298920894e-05
1.684410883850219530e-04
1.803363221282675241e-05
9.857467670260559083e-06
1.987275247269490423e-05
4.590389491864753954e-05
5.120287244204738006e-05
2.798829729725542788e-05
1.511026655289034999e-05
3.490307087504184591e-05
3.570662849675445834e-04
1.797512005843156170e-04
2.310526423909155095e-04
8.753974111025609366e-05
3.756009563484260784e-05
1.890817634893291599e-05
3.180622130064316848e-05
1.205053683672257360e-05
5.732916405782539579e-05
1.916969497534687578e-05
4.844292588810030127e-05
1.980133221252077026e-05
6.030501829298236779e-06
2.016475951041515405e-06
6.668551397221131258e-06
2.725809788980593261e-06
4.914785964019146431e-05
8.519088122037801595e-06
3.743914349768882763e-05
1.231307534141824907e-04
7.176064306831553448e-05
1.243869512260818141e-05
1.317696636733652860e-05
4.333672314441833575e-05
4.813470721890105315e-05
2.631118981623056669e-05
8.195979832244647159e-05
1.893182122062095330e-04
7.028134224402152088e-05
3.841688966575441651e-05
2.884631978921289999e-05
6.663185858190108404e-05
3.539849378944516007e-05
1.782000156667706776e-05
8.366562118249155932e-05
3.169869317379437202e-05
5.899928399195074650e-05
2.970090590359740346e-05
6.386955683021040585e-06
2.419848746106891015e-06
2.931529844165791515e-05
9.802433691009589979e-06
9.047930143672696442e-05
3.698394911661470277e-05
4.886031672296406821e-05
1.633788636850375716e-05
6.907105694543148037e-06
2.823320267660372371e-06
7.232824648683352370e-05
1.253708116782204863e-05
3.565837107795794919e-05
1.172741063540222033e-04
2.053615120412723800e-04
3.559652100340600882e-05
2.711287691879322642e-05
8.916948013095161139e-05
7.083724487267777136e-05
3.872075480646046668e-05
7.806142526302200515e-05
1.803133948051280496e-04
2.011281127704254198e-04
1.099397972530912550e-04
5.935408015791774635e-05
1.371014640425682472e-04
1.910955816059944164e-04
9.619967402735250524e-05
1.236553013771858156e-04
4.684972635437447943e-05
2.010150110131350915e-05
1.011932268216381675e-05
1.702212898282411005e-05
6.449234896784702729e-06
1.582559992236813313e-04
5.291755571521547085e-05
1.337257182750355709e-04
5.466117754816274011e-05
1.664707847219273480e-05
5.566441126207883143e-06
1.840840141463136317e-05
7.524542855948608124e-06
5.606998880688776382e-05
9.718941560110819241e-06
4.271218263059845655e-05
1.404728510307508814e-04
8.186762318994540190e-05
1.419059754387735610e-05
1.503284908303725224e-05
4.944039474808884546e-05
9.471694116777444497e-05
5.177377326810617700e-05
1.612761735627953399e-04
3.725304048485532133e-04
1.382959229033238892e-04
7.559473171348850078e-05
5.676226848033718127e-05
1.311146612048610103e-04
3.080427121825207639e-04
1.550721803686668291e-04
7.280700986541613785e-04
2.758465226226289855e-04
5.134201349303274368e-04
2.584614945269227528e-04
5.558019397350759156e-05
2.105786690405740493e-05
1.501590466690483480e-03
5.021010108452154822e-04
4.634537722363371581e-03
1.894394680122308714e-03
2.502726893150849542e-03
8.368604694795051110e-04
3.537962979974689577e-04
1.446163274363403291e-04
3.742329263423589984e-04
6.486799834252593184e-05
1.844996554635836071e-04
6.067868935968190455e-04
1.062559143104445641e-03
1.841796375519330945e-04
1.402844913809329192e-04
4.613710011054599869e-04
6.321777268316305150e-04
3.455583118562892062e-04
6.966489798511132404e-04
1.609183308160629100e-03
1.794941536216990282e-03
9.811433412001120766e-04
5.296977252553670273e-04
1.223544083899701226e-03
6.230507510620695178e-04
3.136507848635055750e-04
4.031675026098323453e-04
1.527495138654206034e-04
6.553921997250159608e-05
3.299318353870212732e-05
5.549919133813870439e-05
2.102717714584444487e-05
3.037134238400060471e-03
1.015555309520765372e-03
2.566366896168674472e-03
1.049017633815853279e-03
3.194786437496609927e-04
1.068270966874938256e-04
3.532806748865598102e-04
1.444055634428699541e-04
7.493544944756285288e-05
1.298900302031158447e-05
5.708323954430872101e-05
1.877367278139490888e-04
1.094130259249965424e-04
1.896520451506320188e-05
2.009084229345161593e-05
6.607524417514869448e-05
7.243879885386654777e-05
3.959618946130035897e-05
1.233427954133657330e-04
2.849084306467780073e-04
1.057676738500095971e-04
5.781427796855941726e-05
4.341135279752117909e-05
1.002754993215851755e-04
5.097176830229036698e-04
2.565976384209741907e-04
1.204736191078485371e-03
4.564427101194368772e-04
8.495553091966403982e-04
4.276757375868066010e-04
9.196844000436440298e-05
3.484441184046255816e-05
6.197731949692258805e-04
2.072394268556322064e-04
1.912879919732876806e-03
7.819009706553490440e-04
1.032986741133348112e-03
3.454095496862721122e-04
1.460274734305259459e-04
5.968959266069399640e-05
5.001483526263240378e-04
8.669366115450010356e-05
2.465769103807234760e-04
8.109480589905613797e-04
1.420070676799702709e-03
2.461492183738033922e-04
1.874849921650352112e-04
6.166051405678651780e-04
4.834847349296752844e-04
2.642803783169045883e-04
5.327918606851678998e-04
1.230691199923452045e-03
1.372757685092038061e-03
7.503709923878600259e-04
4.051088063027426158e-04
9.357572435268228994e-04
1.030960878726669373e-03
5.189973500954424279e-04
6.671204906761464114e-04
2.527543266280039944e-04
1.084476211588410654e-04
5.459375730639638914e-05
9.183440509950837000e-05
3.479362955660974188e-05
1.253560429583913281e-03
4.191648607338848017e-04
1.059253801875375796e-03
4.329762507896381439e-04
1.318630506476012874e-04
4.409229579701489716e-05
1.458146528313431802e-04
5.960260098319253557e-05
3.619393080733524512e-05
6.273707304610233863e-06
2.757128752221619757e-05
9.067711192215443215e-05
5.284665026959810518e-05
9.160221297471436990e-06
9.703905977625682422e-06
3.191443880544967858e-05
4.777263753854667360e-06
2.611327682086980682e-06
8.134329601683227260e-06
1.878941589909892182e-05
6.975268538514741030e-06
3.812791749234463143e-06
2.862933752446195548e-06
6.613065317042006610e-06
1.254926871796062653e-04
6.317443604942012505e-05
2.966065078699051875e-04
1.123763686139497034e-04
2.091608398329730320e-04
1.052939290491063600e-04
2.264266486384677225e-05
8.578707430984011491e-06
2.014861428888740406e-05
6.737282785151044165e-06
6.218707100678886094e-05
2.541933274578543202e-05
3.358204514421452290e-05
1.122914615349338124e-05
4.747303145110228771e-06
1.940488213016125612e-06
2.419865915580910052e-06
4.194496185443478456e-07
1.193012149028033165e-06
3.923606979715304097e-06
6.870722677499127843e-06
1.190942848380580059e-06
9.071079407555043334e-07
2.983318359836620039e-06
3.193998957789393905e-07
1.745890184167156874e-07
3.519731906312662054e-07
8.130197555229614983e-07
9.068717787168822697e-07
4.957104112068449612e-07
2.676231557363378312e-07
6.181803570289104706e-07
2.193821101826063736e-04
1.104394319828556729e-04
1.419591218353015460e-04
5.378456028508162755e-05
2.307698426296743546e-05
1.161721451105582555e-05
1.954179445002571149e-05
7.403869565320970417e-06
3.522313227403631305e-05
1.177789198336314564e-05
2.976341299127986280e-05
1.216597093619319688e-05
3.705150198909893894e-06
1.238926126313425503e-06
4.097168898252365810e-06
1.674741997882331369e-06
7.460359441742792151e-05
1.293148063243634206e-05
5.683044383388287070e-05
1.869053272161621659e-04
1.089284853866642365e-04
1.888121624833150861e-05
2.000186908886177002e-05
6.578262696515569698e-05
7.306568792720966933e-05
3.993885691178347057e-05
1.244102102786538472e-04
2.873740427897417647e-04
1.066829927136374686e-04
5.831460568954808160e-05
4.378703686680992434e-05
1.011432886257057368e-04
2.615026079923130618e-04
1.316433662921169989e-04
6.180708780621083434e-04
2.341707244438461552e-04
4.358509355043402767e-04
2.194122834639046580e-04
4.718295581094290181e-05
1.787637524403828848e-05
2.165636493508752553e-04
7.241443633500153833e-05
6.684062162577566807e-04
2.732149905975233650e-04
3.609503931547309577e-04
1.206943978989214600e-04
5.102550869947343460e-05
2.085697819749847122e-05
4.987872034997890483e-06
8.645772515563709550e-07
2.459058535944198986e-06
8.087410713310716316e-06
1.416205967556547310e-05
2.454793255473501134e-06
1.869747534888827801e-06
6.149270553675563780e-06
4.885050169176243849e-06
2.670245435969639308e-06
5.383241250738515218e-06
1.243470128434197826e-05
1.387011766311972366e-05
7.581624979002566139e-06
4.093152688785196522e-06
9.454737141729000841e-06
4.571500957462288424e-04
2.301345212838802406e-04
2.958154887152870428e-04
1.120766723573219200e-04
4.808799385040378455e-05
2.420803921346688454e-05
4.072133865631248455e-05
1.542823923911469300e-05
3.785893142557703625e-04
1.265924908287272411e-04
3.199065326335523993e-04
1.307636855846611395e-04
3.982412075413035171e-05
1.331636803125256560e-05
4.403766114584912615e-05
1.800065421782417462e-05
4.225582109781928175e-05
7.324450469192073752e-06
3.218902636403312150e-05
1.058640422187290161e-04
6.169759817738818583e-05
1.069440825377112759e-05
1.132915120834313805e-05
3.725958431481211518e-05
7.138118280534585245e-05
3.901807985571428372e-05
1.215419742793524198e-04
2.807487298596520885e-04
1.042234518163983627e-04
5.697018186011156303e-05
4.277754130239585161e-05
9.881146376282500378e-05
4.945942218123746081e-05
2.489843172421627018e-05
1.168991343172399408e-04
4.428999317320331502e-05
8.243487739070707546e-05
4.149864830376607334e-05
8.923971157032185457e-06
3.381056873784989751e-06
2.410957763265018710e-04
8.061747572948662439e-05
7.441226452045482647e-04
3.041645283480793140e-04
4.018385149762633037e-04
1.343665460335602391e-04
5.680563044272739681e-05
2.321963711556975296e-05
1.406286596580904326e-05
2.437599425248679233e-06
6.933098995005897478e-06
2.280174232091838863e-05
3.992868013049389046e-05
6.921073412323515986e-06
5.271588522830774292e-06
1.733732681533647492e-05
2.375587505325501016e-05
1.298533581879589261e-05
2.617856564524026784e-05
6.046963691371665925e-05
6.745003035139349016e-05
3.686924994921667438e-05
1.990489769423856270e-05
4.597814688117283241e-05
1.137044008612341748e-04
5.724007957901956301e-05
7.357654132159803539e-05
2.787620739772155059e-05
1.196065926761643950e-05
6.021130959842354793e-06
1.012839209106000179e-05
3.837380141337947250e-06
5.542654885236092269e-04
1.853349952851596791e-04
4.683522326576794220e-04
1.914417426551155580e-04
5.830364173960525688e-05
1.949554029730483690e-05
6.447238432078700231e-05
2.635346806710568734e-05
1.291929570061603591e-04
2.239377652535823657e-05
9.841473650439395429e-05
3.236687466846652618e-04
1.886342506577402204e-04
3.269708622008254197e-05
3.463774947332167494e-05
1.139174615328762620e-04
1.248885900451465595e-04
6.826607220473451451e-05
2.126499618316075001e-04
4.911982633399544253e-04
1.823494573140282515e-04
9.967508813249969461e-05
7.484362977597141847e-05
1.728806375104240470e-04
1.872247444679551055e-04
9.425105089455749206e-05
4.425124594232132257e-04
1.676562783923125888e-04
3.120507311663905307e-04
1.570898623919942826e-04
3.378098946227822989e-05
1.279872431397215788e-05
2.276493084721712432e-04
7.612125305644488365e-05
7.026212079712717759e-04
2.872005706414071076e-04
3.794270536201635371e-04
1.268726136658239001e-04
5.363744933507208154e-05
2.192462436660767307e-05
4.299580959267942644e-05
7.452717035491379786e-06
2.119725843944080104e-05
6.971405214236823990e-05
1.220779556849705631e-04
2.116049142022084171e-05
1.611735594505799615e-05
5.300714693652254928e-05
4.156330315764251868e-05
2.271915675724421298e-05
4.580204508173994250e-05
1.057977382539315828e-04
1.180106417129446537e-04
6.450647721453729114e-05
3.482562925309456959e-05
8.044341255225445912e-05
4.304190477219577604e-04
2.166778098061319002e-04
2.785181981563432277e-04
1.055231860099250862e-04
4.527613296495935354e-05
2.279251668638020563e-05
3.834022998027110987e-05
1.452610007767032228e-05
5.233528230768927066e-04
1.749984348760319887e-04
4.422311477639860665e-04
1.807645948518170613e-04
5.505191308476431103e-05
1.840822902248803055e-05
6.087661065577064438e-05
2.488367433362039853e-05
1.334038070174559438e-05
2.312366797083586721e-06
1.016224167365401844e-05
3.342182423941577826e-05
1.947825001824801642e-05
3.376279853962177598e-06
3.576671479109851679e-06
1.176304297572942624e-05
1.760806736585670152e-06
9.624847215817509626e-07
2.998156078088669594e-06
6.925414169344976880e-06
2.570948657000711959e-06
1.405321067281089782e-06
1.055221837738857088e-06
2.437447576624394519e-06
9.504183052551463688e-06
4.784513089564068080e-06
2.246348061173511048e-05
8.510819252434849628e-06
1.584078685280576230e-05
7.974431008659613437e-06
1.714841211070560353e-06
6.497080237166641881e-07
1.525954402289345458e-06
5.102478104977987250e-07
4.709735042207193411e-06
1.925132028959540660e-06
2.543334687485518868e-06
8.504388818601923994e-07
3.595367914347538032e-07
1.469627880501777445e-07
1.963231666013388280e-05
3.402985132859385365e-06
9.678880196749505932e-06
3.183213341685947227e-05
5.574201546462326408e-05
9.662092008067541576e-06
7.359345913824695838e-06
2.420359341449034553e-05
2.591284027255945666e-06
1.416436701252551284e-06
2.855550421144664190e-06
6.596010625464644091e-06
7.357429936623033627e-06
4.021687194268250141e-06
2.171220523075480033e-06
5.015283055198850426e-06
5.130747649660449768e-05
2.582876313862703292e-05
3.320035667895048827e-05
1.257873789439838414e-05
5.397075571472866273e-06
2.716948797629292186e-06
4.570291345140248691e-06
1.731562630108884431e-06
8.237727450896738715e-06
2.754526864624271000e-06
6.960848408458324200e-06
2.845287919546119415e-06
8.665333129885766142e-07
2.897509421071068262e-07
9.582157668860322570e-07
3.916763569404158288e-07
2.749743752743790228e-05
4.766292879108582537e-06
2.094659903697223353e-05
6.888967748544774414e-05
4.014892640586390269e-05
6.959249997065232759e-06
7.372300892441772547e-06
2.424620005899554497e-05
2.693059503187123649e-05
1.472068780901120251e-05
4.585518984208000433e-05
1.059204968651244588e-04
3.932128137110336280e-05
2.149363230293544963e-05
1.613905228238514980e-05
3.727945391938463054e-05
1.980488832406201329e-05
9.970004460129916986e-06
4.680957031501125948e-05
1.773490934557485642e-05
3.300915111276883185e-05
1.661717947783451793e-05
3.573399048709852464e-06
1.353866479823452528e-06
1.640143830065161632e-05
5.484304098056112112e-06
5.062171490267830423e-05
2.069192509698664729e-05
2.733656188685452257e-05
9.140784828418646273e-06
3.864414619915498189e-06
1.579602311235824245e-06
4.046649139557700203e-05
7.014295408028107288e-06
1.995028549004228887e-05
6.561297758771067359e-05
1.148964652628985534e-04
1.991568136743125542e-05
1.516921885757882554e-05
4.988889093452706172e-05
3.963229995695270481e-05
2.166363996521211273e-05
4.367411277290667016e-05
1.008824462613960827e-04
1.125279464132267882e-04
6.150954952825465752e-05
3.320765386507737346e-05
7.670606553429365655e-05
1.069149064770905197e-04
5.382217142501611001e-05
6.918315363981993331e-05
2.621166889134451120e-05
1.124646677978790973e-05
5.661598395329447041e-06
9.523607573470569169e-06
3.608243267812402814e-06
8.854168795657619206e-05
2.960652189203213770e-05
7.481739003487611296e-05
3.058205028276874559e-05
9.313772840865318091e-06
3.114334342098035848e-06
1.029920471785683192e-05
4.209860787808865088e-06
1.479413334117328862e-05
2.564354308515352017e-06
1.126966026881026340e-05
3.706392908550773410e-05
2.160086990508193152e-05
3.744206066780212065e-06
3.966435138736246152e-06
1.304490705112499971e-05
2.499117776053465346e-05
1.366057175331458427e-05
4.255291051795440408e-05
9.829259110345582844e-05
3.648954400577770379e-05
1.994576001631354821e-05
1.497679215770468032e-05
3.459475955181917390e-05
8.127743657129208514e-05
4.091597952305480010e-05
1.921021628577121909e-04
7.278243360157116094e-05
1.354665142231914466e-04
6.819537322826272848e-05
1.466490039090820981e-05
5.556143268233285457e-06
3.961964334354340007e-04
1.324799498492056267e-04
1.222828299029706835e-03
4.998382930851590685e-04
6.603474721804420289e-04
2.208066317986461012e-04
9.334957469342432224e-05
3.815719027112019006e-05
9.874180342775864367e-05
1.711549863795316099e-05
4.868045388290655504e-05
1.601014447223311494e-04
2.803574957025666264e-04
4.859601677568994117e-05
3.701423016751612458e-05
1.217332882589466822e-04
1.668008463186652023e-04
9.117597223641119096e-05
1.838116632305027229e-04
4.245849328294185130e-04
4.735974625902288982e-04
2.588758393819343378e-04
1.397613758214524284e-04
3.228335641078688869e-04
1.643926828891773017e-04
8.275713322889671297e-05
1.063762258448140545e-04
4.030314119925116099e-05
1.729260126462819411e-05
8.705290780464767313e-06
1.464352774907014643e-05
5.548045738969019850e-06
8.013514868476977410e-04
2.679554782172722648e-04
6.771389627890991858e-04
2.767845523451825836e-04
8.429482073856022016e-05
2.818645672087335106e-05
9.321352692136479349e-05
3.810157994036627151e-05
4.523158663193605633e-05
7.840257444333115534e-06
3.445586186130404621e-05
1.133192651904353838e-04
6.604250454588691112e-05
1.144753647758851950e-05
1.212697969257829027e-05
3.988350177609789658e-05
4.372459003084846297e-05
2.390055023512786844e-05
7.445061552701829179e-05
1.719728173777946526e-04
6.384214330965970160e-05
3.489712201336208893e-05
2.620341079350770668e-05
6.052702650163980245e-05
3.076693301694747120e-04
1.548842156462967889e-04
7.271875967532139169e-04
2.755121659706606641e-04
5.127978126485879112e-04
2.581482104617435552e-04
5.551282459942215086e-05
2.103234242831381084e-05
3.740996439878439242e-04
1.250912373046182018e-04
1.154628342710267925e-03
4.719611579368803876e-04
6.235183696857636527e-04
2.084917363585755349e-04
8.814325347761552435e-05
3.602907570930655076e-05
3.018932121901545169e-04
5.232892941669031544e-05
1.488356307400990871e-04
4.894941933977410044e-04
8.571650709332854058e-04
1.485774727093485499e-04
1.131673157072983938e-04
3.721873831264461020e-04
2.918349303888975277e-04
1.595215737689911740e-04
3.215970729612452990e-04
7.428542303659916224e-04
8.286066022910328717e-04
4.529294319110431445e-04
2.445266453024344359e-04
5.648299321493127981e-04
6.222955442856677828e-04
3.132706052429067240e-04
4.026788187755268259e-04
1.525643644730691282e-04
6.545977915173546507e-05
3.295319213231825538e-05
5.543192014825261416e-05
2.100168986949966517e-05
7.566582650414177460e-04
2.530109828008078230e-04
6.393733601112329802e-04
2.613476390885828256e-04
7.959350404766713872e-05
2.661443297993715130e-05
8.801479340377915976e-05
3.597656689503809645e-05
1.131355285739750016e-04
1.961044783457560630e-05
8.618274162857161988e-05
2.834398684542805162e-04
1.651888473634170686e-04
2.863315631177542833e-05
3.033261399141371837e-05
9.975862866667622813e-05
1.493284227144800008e-05
8.162527003916616707e-06
2.542640875289662225e-05
5.873223637013726199e-05
2.180339839988725613e-05
1.191808129899805638e-05
8.949001010126012516e-06
2.067121816970873504e-05
3.922669126989621990e-04
1.974715941426684481e-04
9.271370447429221192e-04
3.512677285603480609e-04
6.537980717663349848e-04
3.291293333684283478e-04
7.077677943660963002e-05
2.681545159745858938e-05
6.298083896277003409e-05
2.105949898362322899e-05
1.943852737706651716e-04
7.945612930246735337e-05
1.049712574246235641e-04
3.510023247467841629e-05
1.483919095391790489e-05
6.065606989187670148e-06
7.564052959451095297e-06
1.311121871696499802e-06
3.729135163404419457e-06
1.226446919870515189e-05
2.147660738873171665e-05
3.722666912587057985e-06
2.835451526315711969e-06
9.325301010857788104e-06
9.983849565214797535e-07
5.457329569128618396e-07
1.100203047243117097e-06
2.541349274048254556e-06
2.834713327494179670e-06
1.549498994459672394e-06
8.365404504981146021e-07
1.932317377153750398e-06
6.857478710257430745e-04
3.452132231588870160e-04
4.437379396625036609e-04
1.681205804741807224e-04
7.213438149014203180e-05
3.631326233289882842e-05
6.108403246269023716e-05
2.314312587997748442e-05
1.101009920438517087e-04
3.681551037155991393e-05
9.303492010465821255e-05
3.802857334862578783e-05
1.158161373604343676e-05
3.872653758186713556e-06
1.280699163149999103e-05
5.234933507610425465e-06
1.892719359276398572e-04
3.280761996556346436e-05
1.441808294635364490e-04
4.741853712765339455e-04
2.763553883401531587e-04
4.790230792358814036e-05
5.074544348945870821e-05
1.668928320857444912e-04
1.853702132163908005e-04
1.013262809313695829e-04
3.156330674478165428e-04
7.290780268552387103e-04
2.706584946629253768e-04
1.479462001517092352e-04
1.110892484609293682e-04
2.566040710741316721e-04
6.634412892747887673e-04
3.339838379733584450e-04
1.568067497884301957e-03
5.940993419843956140e-04
1.105769111836629303e-03
5.566566595324253007e-04
1.197048139417695658e-04
4.535299104861434437e-05
5.494295748653541455e-04
1.837179650828290982e-04
1.695770016513046229e-03
6.931560147826457043e-04
9.157438085889217346e-04
3.062059210998713298e-04
1.294535054062470407e-04
5.291488529296540930e-05
1.265440631373717685e-05
2.193462814210530296e-06
6.238717762757266021e-06
2.051804466398026003e-05
3.592964216333873400e-05
6.227896596588698965e-06
4.743615081657105038e-06
1.560091509431497673e-05
1.239354363343703194e-05
6.774506335982287914e-06
1.365747188254493734e-05
3.154727333378340388e-05
3.518897503723429068e-05
1.923484851445635558e-05
1.038447194808108196e-05
2.398699977495943197e-05
1.159805828486752373e-03
5.838593529885632329e-04
7.504942712712478568e-04
2.843424491145244695e-04
1.220009271941479271e-04
6.141664463655833583e-05
1.033114645645652301e-04
3.914198413018893879e-05
9.604943701475043318e-04
3.211695897518026242e-04
8.116140947400038181e-04
3.317520571617429406e-04
1.010351912747721416e-04
3.378409279716046600e-05
1.117250910480680159e-04
4.566829116447658650e-05
6.762981281986498925e-05
1.172267397415207571e-05
5.151805766154206914e-05
1.694338241122573879e-04
9.874608770499890937e-05
1.711624125697290910e-05
1.813213790957986921e-05
5.963341020219259007e-05
1.142445207918404651e-04
6.244785614563960578e-05
1.945261210577601575e-04
4.493341640639183935e-04
1.668080835884408085e-04
9.117992824216710672e-05
6.846481824309827771e-05
1.581462772493989082e-04
7.915906915055525553e-05
3.984956943846573843e-05
1.870953247927111148e-04
7.088547495415774594e-05
1.319357944756575874e-04
6.641796903115785818e-05
1.428268303112224340e-05
5.411331209919320640e-06
3.858702020456735034e-04
1.290270701632765659e-04
1.190957219685965466e-03
4.868108010729135251e-04
6.431365630961482583e-04
2.150516572962871532e-04
9.091656614748262213e-05
3.716268365099201931e-05
2.250740769601558861e-05
3.901341603982850086e-06
1.109632176377329812e-05
3.649384925122393469e-05
6.390525833395587657e-05
1.107707499765374515e-05
8.437098979501140135e-06
2.774813355546279021e-05
3.802092449001421762e-05
2.078283673142434639e-05
4.189840472823083299e-05
9.678075397689783462e-05
1.079527697923344761e-04
5.900868585897676435e-05
3.185749253679485439e-05
7.358733984081665988e-05
1.819822014400997016e-04
9.161189552468661994e-05
1.177581594259810766e-04
4.461545508893064328e-05
1.914285716040265125e-05
9.636730495317424508e-06
1.621034081195357483e-05
6.141669808677454154e-06
8.870936658546488014e-04
2.966259018157564164e-04
7.495907783943019879e-04
3.063996601013250598e-04
9.331411093487101157e-05
3.120232211502108868e-05
1.031870916333997340e-04
4.217833345154488800e-05
7.188344288154342612e-05
1.245998073784996456e-05
5.475832625983177298e-05
1.800904972222166524e-04
1.049568002535296237e-04
1.819278066049784557e-05
1.927257292897168484e-05
6.338410025647498499e-05
6.948847705868912495e-05
3.798349705582138714e-05
1.183192314760304990e-04
2.733045448029127822e-04
1.014599178087421526e-04
5.545959060402725103e-05
4.164327460816525539e-05
9.619143117231076059e-05
1.041725457551998939e-04
5.244163606520211072e-05
2.462155820135231371e-04
9.328457828371615674e-05
1.736261900784072181e-04
8.740538503183255595e-05
1.879586846501166212e-05
7.121257919161716627e-06
1.266649238611503882e-04
4.235414896412310871e-05
3.909410593346478819e-04
1.597994681262991917e-04
2.111146270559996116e-04
7.059239519724361397e-05
2.984407675880878266e-05
1.219894272782368267e-05
2.392302873641721493e-05
4.146719540659673266e-06
1.179423361448566058e-05
3.878915849087587056e-05
6.792462962325204962e-05
1.177377630793220249e-05
8.967756929836630394e-06
2.949337415462522426e-05
2.312597681588946975e-05
1.264102351181823470e-05
2.548442862356758287e-05
5.886625595550332857e-05
6.566156096715275513e-05
3.589164438832115767e-05
1.937710993881238146e-05
4.475901461966447041e-05
2.394867626613294252e-04
1.205603411039993190e-04
1.549685637096086255e-04
5.871349406346691475e-05
2.519180916130459350e-05
1.268184124985939993e-05
2.133264688508244535e-05
8.082376233365474788e-06
2.911954617057681337e-04
9.736978152122415550e-05
2.460590591576602938e-04
1.005780944267444302e-04
3.063108966195153413e-05
1.024240724999654094e-05
3.387197310366835877e-05
1.384536916016588671e-05
4.169956090439801670e-05
7.228030612025753780e-06
3.176528654390635127e-05
1.044704365314882787e-04
6.088540433038344853e-05
1.055362590830451387e-05
1.118001303805736168e-05
3.676909512209771872e-05
5.503955951086222166e-06
3.008549093497689636e-06
9.371680971802430834e-06
2.164756286940101922e-05
8.036309645245232744e-06
4.392773545634527378e-06
3.298428153904524461e-06
7.619009977685761585e-06
2.970831709432089439e-05
1.495550235309702060e-05
7.021668262969753944e-05
2.660324571672768507e-05
4.951536773277598184e-05
2.492659534671374911e-05
5.360276226078885979e-06
2.030867027768108365e-06
4.769851022862683847e-06
1.594940213917926473e-06
1.472176001771809879e-05
6.017606400100813988e-06
7.949993487606617782e-06
2.658314537077408785e-06
1.123845463408970166e-06
4.593784741223040382e-07
6.136698813674475942e-05
1.063710166726072732e-05
3.025438803241319301e-05
9.950135725583648103e-05
1.742392230603136247e-04
3.020191126191694591e-05
2.300395318627675839e-05
7.565595317386723448e-05
8.099874248792162914e-06
4.427518960038128046e-06
8.925922083057215504e-06
2.061790836048845704e-05
2.299796419617232632e-05
1.257104979574402093e-05
6.786833484221168658e-06
1.567684655248964166e-05
1.603776750345044081e-04
8.073593292907422223e-05
1.037781699288745823e-04
3.931880646099477126e-05
1.687025929243704889e-05
8.492679061703902358e-06
1.428588483030184709e-05
5.412544287027499440e-06
2.574961129164413839e-05
8.610141143810869519e-06
2.175832374235081950e-05
8.893843402545198662e-06
2.708622749868659006e-06
9.057078150641538950e-07
2.995205131259120730e-06
1.224307796471839897e-06
6.976196354222445422e-05
1.209225222285352624e-05
5.314225650636496343e-05
1.747755282425837687e-04
1.018592346065165885e-04
1.765586135406437790e-05
1.870378596433355383e-05
6.151346004024292537e-05
6.832386424768305191e-05
3.734690133304191913e-05
1.163362251043554359e-04
2.687240159489730695e-04
9.975947012179853734e-05
5.453009909054868146e-05
4.094534175434903816e-05
9.457928225504978075e-05
5.024569637961371390e-05
2.529425103591479533e-05
1.187575218412461334e-04
4.499408710197471106e-05
8.374537424408945907e-05
4.215836722060210356e-05
9.065838731669766400e-06
3.434806749255801352e-06
4.161102428647698247e-05
1.391387187119873597e-05
1.284290663797926671e-04
5.249613978735427915e-05
6.935381639898571208e-05
2.319049174350015723e-05
9.804155443851038062e-06
4.007506471746304246e-06
1.026649081247324815e-04
1.779551349252008198e-05
5.061457408984171887e-05
1.664624256643290135e-04
2.914963626266171316e-04
5.052678221695927954e-05
3.848484033650388653e-05
1.265698662671268116e-04
1.005485351837820298e-04
5.496141449314971420e-05
1.108027560736275617e-04
2.559423048462392859e-04
2.854873472238182329e-04
1.560518847404240850e-04
8.424898268963142015e-05
1.946059789000809603e-04
2.712468680157080828e-04
1.365487368402498747e-04
1.755200875405691675e-04
6.649992341119845935e-05
2.853268071570398944e-05
1.436367372238159552e-05
2.416172647607470932e-05
9.154239737773113228e-06
2.246333681467669663e-04
7.511278455612742985e-05
1.898143429084731102e-04
7.758773430230158199e-05
2.362936839902504815e-05
7.901175468257692197e-06
2.612944363721519367e-05
1.068056448910594360e-05
2.367779024763308216e-05
4.104210908296791657e-06
1.803692354619612425e-05
5.932026691941382575e-05
3.457187082094915521e-05
5.992546088955700617e-06
6.348220411428976533e-06
2.087817960223354962e-05
3.999800808935543087e-05
2.186354179582321615e-05
6.810530001553418442e-05
1.573158292798931216e-04
5.840097214725118450e-05
3.192289207516659519e-05
2.397013296518007104e-05
5.536839782669635885e-05
1.300833276691103723e-04
6.548541631885199229e-05
3.074566528072690758e-04
1.164872018379152214e-04
2.168121400141676967e-04
1.091456799746403684e-04
2.347095483396654950e-05
8.892524614800637265e-06
6.341064955549830656e-04
2.120321881793763702e-04
1.957118494580168365e-03
7.999837495358638100e-04
1.056876301995207483e-03
3.533977281699999151e-04
1.494046050771476555e-04
6.107001517717540364e-05
1.580347869198038264e-04
2.739310085878707813e-05
7.791234198161032956e-05
2.562399796632991705e-04
4.487079996178134494e-04
7.777720164809530021e-05
5.924072454078292254e-05
1.948323162349839804e-04
2.669622722183610623e-04
1.459257866920474797e-04
2.941878315323638061e-04
6.795418663600508429e-04
7.579856908423238592e-04
4.143269283646504168e-04
2.236860020864540422e-04
5.166903149756050476e-04
2.631080424875295695e-04
1.324515601488987374e-04
1.702535663835374666e-04
6.450457770180714550e-05
2.767655097715567174e-05
1.393268834280709014e-05
2.343674823877039878e-05
8.879564639719856692e-06
1.282551129061533859e-03
4.288587551982691063e-04
1.083750832824963584e-03
4.429895569465305849e-04
1.349126061243928628e-04
4.511200451353356721e-05
1.491868626426166454e-04
6.098101167039151856e-05
2.516702341555136647e-05
4.362348468805783916e-06
1.917136998360751915e-05
6.305126158159467221e-05
3.674629572146075041e-05
6.369451970062740374e-06
6.747496707699950972e-06
2.219132906526291089e-05
2.432852488894982776e-05
1.329835524689128628e-05
4.142460001497587770e-05
9.568631666635926388e-05
3.552200652715459982e-05
1.941688877713473226e-05
1.457967544613839291e-05
3.367746317713606611e-05
1.711883622308109267e-04
8.617815496035392960e-05
4.046098896310883078e-04
1.532959961956589930e-04
2.853226145566702728e-04
1.436346266214384541e-04
3.088754254688529793e-05
1.170247373112349135e-05
2.081504364771496346e-04
6.960123074928416850e-05
6.424395140879621616e-04
2.626009476448868101e-04
3.469279452343711559e-04
1.160055793218730912e-04
4.904323481387188992e-05
2.004671203323603313e-05
1.679745086550024104e-04
2.911601139834279385e-05
8.281269977073319995e-05
2.723563939346621454e-04
4.769298407927057091e-04
8.266905968006646205e-05
6.296671632274255680e-05
2.070864474053742664e-04
1.623780431656905818e-04
8.875839830688608291e-05
1.789378102397556035e-04
4.133268629750491067e-04
4.610398023803809436e-04
2.520116243379651806e-04
1.360555369885590581e-04
3.142734798113269593e-04
3.462475606233300337e-04
1.743049325620067735e-04
2.240519958659798361e-04
8.488738111966816202e-05
3.642206513988104267e-05
1.833527894477307202e-05
3.084252700866031092e-05
1.168541853313321050e-05
4.210074793269027028e-04
1.407762540004235674e-04
3.557497210110668624e-04
1.454148006361876246e-04
4.428612235943758032e-05
1.480836972286927987e-05
4.897175914991806094e-05
2.001749593323559772e-05
5.480278629775521331e-04
9.499289882035718722e-05
4.174687148729797634e-04
1.372981125819123681e-03
8.001738459117697195e-04
1.386988478476436338e-04
1.469310112726280877e-04
4.832302351955052359e-04
7.233460382740467833e-05
3.953923481718715402e-05
1.231653807400785207e-04
2.844986220643588447e-04
1.056155390030770323e-04
5.773111866279896762e-05
4.334891047206782108e-05
1.001312643470880364e-04
1.900138714980692490e-03
9.565512894211317379e-04
4.491046621005190254e-03
1.701538898013236090e-03
3.166994175968960989e-03
1.594300636437012133e-03
3.428423208162850451e-04
1.298938964529105860e-04
3.050788290853478153e-04
1.020120944220154522e-04
9.416011709282738401e-04
3.848850426648015542e-04
5.084801795297056197e-04
1.700253283435685877e-04
7.188095737294458915e-05
2.938176608042898094e-05
3.664022991775347084e-05
6.351066959298649583e-06
1.806390972062053005e-05
5.940901969734124468e-05
1.040325651862645525e-04
1.803257755010502365e-05
1.373491121780721554e-05
4.517170555544116418e-05
4.836171104231390516e-06
2.643527368485499740e-06
5.329377362017586945e-06
1.231028156487168938e-05
1.373133538687491343e-05
7.505764398885193493e-06
4.052197228927949619e-06
9.360134487757686876e-06
3.321758823568114489e-03
1.672210907961205499e-03
2.149464079591029749e-03
8.143751445821675221e-04
3.494185375145154220e-04
1.759012381422648142e-04
2.958907090860589005e-04
1.121051713682635041e-04
5.333285851229972686e-04
1.783341248117439382e-04
4.506606288042003033e-04
1.842101950379410112e-04
5.610127168359191433e-05
1.875911298512513946e-05
6.203699530508798151e-05
2.535798841589770430e-05
2.343455241006229335e-04
4.062049060597834913e-05
1.785163335509626576e-04
5.871088009324904999e-04
3.421671998080245557e-04
5.930985701057316176e-05
6.283006242828382182e-05
2.066370167985354838e-04
2.295146375289732962e-04
1.254563192036393774e-04
3.907985420660783113e-04
9.027020909162073066e-04
3.351136367534052673e-04
1.831783969626790231e-04
1.375442588724486745e-04
3.177122653049345934e-04
8.214344925627666254e-04
4.135194008948403239e-04
1.941490151806423694e-03
7.355793186285949567e-04
1.369099125961830083e-03
6.892199627106908181e-04
1.482115519295800908e-04
5.615344084017642512e-05
6.802718059978445087e-04
2.274689198006365739e-04
2.099603997424105348e-03
8.582255407893096041e-04
1.133820826177393869e-03
3.791263966904052170e-04
1.602818158033096098e-04
6.551613933639416235e-05
1.566795132749477471e-05
2.715818329178558571e-06
7.724418185209230167e-06
2.540425185981454159e-05
4.448599726234357205e-05
7.711020045412517038e-06
5.873268834041744723e-06
1.931614745898875470e-05
1.534496629945236078e-05
8.387800494816635336e-06
1.690988888827193486e-05
3.906000256782635188e-05
4.356894622146762782e-05
2.381547287517391879e-05
1.285745036238042735e-05
2.969931071034978445e-05
1.436004251763952190e-03
7.229007586706604274e-04
9.292184415697740110e-04
3.520563148214048989e-04
1.510544660725870124e-04
7.604252424066937691e-05
1.279142583411936476e-04
4.846333261384405336e-05
1.189228373793182678e-03
3.976535425956784393e-04
1.004893459070514651e-03
4.107561394455796718e-04
1.250959088881783499e-04
4.182950258321149360e-05
1.383315222540915904e-04
5.654382714091661541e-05
7.644901428072844784e-06
1.325135813173561523e-06
5.823622100467738097e-06
1.915286809043434337e-05
1.116229774172631636e-05
1.934826842966453000e-06
2.049664211967836284e-06
6.740984838001594727e-06
1.291424689400437664e-05
7.059130947167996725e-06
2.198931149836221553e-05
5.079291586513406221e-05
1.885605331831984561e-05
1.030701601210663193e-05
7.739290779253330050e-06
1.787691922212756353e-05
8.948173232504372154e-06
4.504611466538475698e-06
2.114933127943566013e-05
8.012922794124392154e-06
1.491407563536257318e-05
7.507914115457258242e-06
1.614520273657563236e-06
6.116990713056648852e-07
4.361892389865134478e-05
1.458527226119353856e-05
1.346262863953476719e-04
5.502929008891837914e-05
7.270041753265672909e-05
2.430952642664876696e-05
1.027724545427415108e-05
4.200884809059204362e-06
2.544246480406432426e-06
4.410092347753452439e-07
1.254332705668955654e-06
4.125279497662727657e-06
7.223876280715078684e-06
1.252157043432760122e-06
9.537330852738113660e-07
3.136660253807530820e-06
4.297900701049725777e-06
2.349300280198349556e-06
4.736212637376117000e-06
1.094013562123340757e-05
1.220302481315494181e-05
6.670365745260299422e-06
3.601183857155752126e-06
8.318342695041397062e-06
2.057134174508033769e-05
1.035584576864921266e-05
1.331143002806715978e-05
5.043349110428110053e-06
2.163916325374931908e-06
1.089339917616415048e-06
1.832423489814100515e-06
6.942568422623036608e-07
1.002774272197093862e-04
3.353071206088838760e-05
8.473404513894488785e-05
3.463554165540465459e-05
1.054826488793418467e-05
3.527123127365027375e-06
1.166431062419190279e-05
4.767855893617595125e-06
2.744117248834577335e-06
4.756540128333169917e-07
2.090373827176506376e-06
6.874871597247420244e-06
4.006677399033505205e-06
6.945010034787073576e-07
7.357215748689803304e-07
2.419658767628556816e-06
2.652690534122346071e-06
1.450002465987879527e-06
4.516782042524992264e-06
1.043327483373946590e-05
3.873185525950838041e-06
2.117144269795269485e-06
1.589712784605116314e-06
3.672063480668309887e-06
3.976738845590967011e-06
2.001935248437793438e-06
9.399166184187175525e-06
3.561095713521124843e-06
6.628099656115945823e-06
3.336660225110929331e-06
7.175236020158326064e-07
2.718507337158850901e-07
4.835374996749713776e-06
1.616850084986689956e-06
1.492399447207494296e-05
6.100270928349744412e-06
8.059203432149362843e-06
2.694832099465852969e-06
1.139283853506376435e-06
4.656890073021408684e-07
9.132505785532318213e-07
1.582991042367736214e-07
4.502394237241599243e-07
1.480758219357915496e-06
2.592991380185044151e-06
4.494584754900783636e-07
3.423399810589614514e-07
1.125895943484632115e-06
8.828234894258900887e-07
4.825652371557506644e-07
9.728562984645388173e-07
2.247192146987206679e-06
2.506599778926703279e-06
1.370146956056790058e-06
7.397122269627896072e-07
1.708654721241742584e-06
9.142296611605983678e-06
4.602335368021279522e-06
5.915853382307089317e-06
2.241360532277370069e-06
9.616856855730024315e-07
4.841234354629986279e-07
8.143639471626130331e-07
3.085409816847190349e-07
1.111625232761792001e-05
3.717046461282525750e-06
9.393190996419419447e-06
3.839522325414475908e-06
1.169327707779304189e-06
3.909991686210725554e-07
1.293046937095196188e-06
5.285405763257975829e-07
2.798418637114878757e-04
4.850663924424298109e-05
2.131738750956165896e-04
7.010913551044363479e-04
4.085962693876947710e-04
7.082439908335562092e-05
7.502802468499688573e-05
2.467539677346476256e-04
3.693653500738554817e-05
2.019009234466793821e-05
6.289247686015985968e-05
1.452747752445964695e-04
5.393092444411908091e-05
2.947949352970849151e-05
2.213544368064874329e-05
5.113046529866775291e-05
1.993697449828490053e-04
1.003649813202422731e-04
4.712176076813362523e-04
1.785319005927121696e-04
3.322930143189652824e-04
1.672800563487654001e-04
3.597231377455797246e-05
1.362895919464938318e-05
3.201002530756286922e-05
1.070349500788430100e-05
9.879635830978236472e-05
4.038359526008296780e-05
5.335166476132810823e-05
1.783970090458731269e-05
7.542022078484212102e-06
3.082846091402527376e-06
4.118281333925555071e-04
7.138459711552661295e-05
2.030343761137324925e-04
6.677443275753798622e-04
1.169303173830235588e-03
2.026822094016920940e-04
1.543773841441230081e-04
5.077200449564229405e-04
5.435750056954728060e-05
2.971266676489971105e-05
5.990103053585897857e-05
1.383648598760958692e-04
1.543371925901539717e-04
8.436314261716591203e-05
4.554580647211734369e-05
1.052058549591350026e-04
1.076279617962057691e-03
5.418113152595550137e-04
6.964456185053202741e-04
2.638648427061874311e-04
1.132147365415953099e-04
5.699357703021018870e-05
9.587124058319993185e-05
3.632307985629154638e-05
1.728032395885510577e-04
5.778185410697862545e-05
1.460180811317651078e-04
5.968575350307513599e-05
1.817731462814123737e-05
6.078120667186226961e-06
2.010054225874022025e-05
8.216215425065771840e-06
1.196648795564066826e-04
2.074221871546991824e-05
9.115657589455313436e-05
2.997979339256604155e-04
1.747223332313320259e-04
3.028565159465350365e-05
3.208318947783183928e-05
1.055159633280412470e-04
1.171980628251475214e-04
6.406230878404776713e-05
1.995551681502427492e-04
4.609507153992930921e-04
1.711205414897832980e-04
9.353718571754179119e-05
7.023482626695935868e-05
1.622348031063036873e-04
8.618801564917265409e-05
4.338802049128423905e-05
2.037084942276398605e-04
7.717976588416122720e-05
1.436510616026393688e-04
7.231556681592868070e-05
1.555091692977420627e-05
5.891831523641802122e-06
7.137669234963747592e-05
2.386689991348228630e-05
2.202983972860464109e-04
9.004827166350900581e-05
1.189647719869373153e-04
3.977937633105937325e-05
1.681737469488826738e-05
6.874201282662897690e-06
1.761043302340502086e-04
3.052520127874432614e-05
8.682076313109753833e-05
2.855382088798652301e-04
5.000128344112906957e-04
8.667017098372843242e-05
6.601425117324661175e-05
2.171092531413469661e-04
1.724740494876949909e-04
9.427703452744286782e-05
1.900634355287781621e-04
4.390258462876653312e-04
4.897053822136000724e-04
2.676806821916707328e-04
1.445149169318101217e-04
3.338137266153597561e-04
4.652782425125709647e-04
2.342263221659162352e-04
3.010750997935921045e-04
1.140694000204683640e-04
4.894300028122823570e-05
2.463845910724648625e-05
4.144536566669763266e-05
1.570255394242250026e-05
3.853206472229365174e-04
1.288433103178779067e-04
3.255944834246653837e-04
1.330886690813942491e-04
4.053219519476175260e-05
1.355313358103543270e-05
4.482065250114046148e-05
1.832070656110066411e-05
7.667151919928603379e-05
1.328992622041040466e-05
5.840571757351691013e-05
1.920861252866813424e-04
1.119478561842827095e-04
1.940458158074538411e-05
2.055629761332274384e-05
6.760604479883041969e-05
1.295183382014617249e-04
7.079676553560240260e-05
2.205331140745344027e-04
5.094074868828038461e-04
1.891093387691676880e-04
1.033701459063537389e-04
7.761815991392859008e-05
1.792895001013712142e-04
4.212253867687767344e-04
2.120496170484492172e-04
9.955814462465396603e-04
3.771995037872938827e-04
7.020636631155341119e-04
3.534267771685874063e-04
7.600176137035980428e-05
2.879505919273723038e-05
2.053312739063388893e-03
6.865856068847799249e-04
6.337383964598691105e-03
2.590443143983302277e-03
3.422291980468754411e-03
1.144344147700978665e-03
4.837899958920097404e-04
1.977520196009658292e-04
5.117355577844962498e-04
8.870213970378522112e-05
2.522894899240661019e-04
8.297357276548737032e-04
1.452970215876014156e-03
2.518518893470134438e-04
1.918285575429614319e-04
6.308903625981401517e-04
8.644557944726785929e-04
4.725251655250501076e-04
9.526154145986963839e-04
2.200437908624161554e-03
2.454448402507105036e-03
1.341640191532107729e-03
7.243220513492602472e-04
1.673105090906756333e-03
8.519753372291888425e-04
4.288940070303578263e-04
5.513014283512879515e-04
2.088735441940293210e-04
8.961998511778913835e-05
4.511571268268954658e-05
7.589099632037435384e-05
2.875309324203674586e-05
4.153054085177450803e-03
1.388695986368615378e-03
3.509314928342508692e-03
1.434453213973562206e-03
4.368631685013816927e-04
1.460780707998467589e-04
4.830849198238865985e-04
1.974638155917312124e-04
2.752104004330498534e-05
4.770384042264934564e-06
2.096457861909287678e-05
6.894880916651098112e-05
4.018338836878664527e-05
6.965223492170544914e-06
7.378628931140549008e-06
2.426701186449698786e-05
2.660411192090361389e-05
1.454222699350447022e-05
4.529928140352021090e-05
1.046364088867178250e-04
3.884458435590267878e-05
2.123306219923176244e-05
1.594339644964225917e-05
3.682751024430536943e-05
1.872005955615204525e-04
9.423889406231885008e-05
4.424553826088788969e-04
1.676346534954988997e-04
3.120104817648959236e-04
1.570696003887023468e-04
3.377663227137318001e-05
1.279707348946806079e-05
2.276199454632066169e-04
7.611143466933492586e-05
7.025305814151583525e-04
2.871635265010713122e-04
3.793781137834838679e-04
1.268562491896151024e-04
5.363053098809250472e-05
2.192179645139834165e-05
1.836861317533575080e-04
3.183939961290655851e-05
9.055864846838548453e-05
2.978314558603819152e-04
5.215398352668305362e-04
9.040157289286787396e-05
6.885635590273316692e-05
2.264564353664235644e-04
1.775661966188293590e-04
9.706048242773130373e-05
1.956748940689828403e-04
4.519877046675664254e-04
5.041635100568727865e-04
2.755837228052075401e-04
1.487815948572504098e-04
3.436692881642810712e-04
3.786340888816855203e-04
1.906086766629834462e-04
2.450088692729476326e-04
9.282738671121857320e-05
3.982883063378627971e-05
2.005028317065328332e-05
3.372740617062997074e-05
1.277842302059509188e-05
4.603867332966736199e-04
1.539438677161198766e-04
3.890250410499589877e-04
1.590162843304230808e-04
4.842845841132160207e-05
1.619348181904260942e-05
5.355236979368684032e-05
2.188984760132001267e-05
9.238937606003757446e-05
1.601439496974366126e-05
7.037903854403144944e-05
2.314642705709156532e-04
1.348974520413704335e-04
2.338257026434214381e-05
2.477039101915973069e-05
8.146545630087182290e-05
1.219454222428406833e-05
6.665729028454284344e-06
2.076385791216409077e-05
4.796225148052956928e-05
1.780521467963854066e-05
9.732611045585587694e-06
7.307983885412088352e-06
1.688064724823869989e-05
3.203352277578971116e-04
1.612603715418439330e-04
7.571239040964701690e-04
2.868542418175663118e-04
5.339082839945498123e-04
2.687754601604440516e-04
5.779813445085593698e-05
2.189818594640160658e-05
5.143176939066812899e-05
1.719772732543290797e-05
1.587400031210226881e-04
6.488591429173102860e-05
8.572222271766077796e-05
2.866375062522828114e-05
1.211806415499084755e-05
4.953330330622261940e-06
6.176999764948495524e-06
1.070695768089362902e-06
3.045307476202791863e-06
1.001548029392926678e-05
1.753834875340611884e-05
3.040025336588928575e-06
2.315502483320264755e-06
7.615280123094562505e-06
8.153067773085528950e-07
4.456595379020217402e-07
8.984540431760168379e-07
2.075331036495976531e-06
2.314899651218012054e-06
1.265360644071943329e-06
6.831404002321713964e-07
1.577979959747766201e-06
5.599993100058004792e-04
2.819099773283844550e-04
3.623677892906926952e-04
1.372915805374502491e-04
5.890678712826549545e-05
2.965434193775217877e-05
4.988278852446383760e-05
1.889927052165539994e-05
8.991129565343774013e-05
3.006449057544502190e-05
7.597470333684426546e-05
3.105510893366806874e-05
9.457842998822158781e-06
3.162508443857081753e-06
1.045851803544399624e-05
4.274981047776422701e-06
4.890916291199350855e-05
8.477713411585552819e-06
3.725731256700624627e-05
1.225327434866762893e-04
7.141212268840095611e-05
1.237828403145273479e-05
1.311296970944573985e-05
4.312624940047253699e-05
4.790093107462877858e-05
2.618340409025779629e-05
8.156174363915901350e-05
1.883987492189555333e-04
6.994000639400027662e-05
3.823031010892547534e-05
2.870622168108273722e-05
6.630824720281585088e-05
1.714377672561499496e-04
8.630370826690746133e-05
4.051993674347244322e-04
1.535193337597161181e-04
2.857383022411950240e-04
1.438438884966340388e-04
3.093254273399603853e-05
1.171952311298220095e-05
1.419763603835614099e-04
4.747397885511799834e-05
4.381985717661735186e-04
1.791162555836776731e-04
2.366344640604715530e-04
7.912570453876577336e-05
3.345167129195179015e-05
1.367356831100684548e-05
3.269985150834761296e-06
5.668057950368126582e-07
1.612127344316362648e-06
5.302003089828505688e-06
9.284465302918390735e-06
1.609331080958869538e-06
1.225782584636606999e-06
4.031383174607255083e-06
3.202576449877971313e-06
1.750578776568133694e-06
3.529184155038880757e-06
8.152031220841336021e-06
9.093071851181047237e-06
4.970416427402750896e-06
2.683418583819508795e-06
6.198404819042796797e-06
2.997017594485039578e-04
1.508732505590579210e-04
1.939328532686235762e-04
7.347603382603028709e-05
3.152587410441058490e-05
1.587048107959245508e-05
2.669638912023766583e-05
1.011455644039042974e-05
2.481983152724582435e-04
8.299241887373296162e-05
2.097266337281234491e-04
8.572700083923631492e-05
2.610818453186555509e-05
8.730040670593313328e-06
2.887052775492474955e-05
1.180099881965417479e-05
6.076266503818850355e-06
1.053235078353000252e-06
4.628690145046317854e-06
1.522294720539046822e-05
8.871938573942085904e-06
1.537825392154240161e-06
1.629099617886891972e-06
5.357821910363753048e-06
1.026441041292360007e-05
5.610688551567185114e-06
1.747738910130312419e-05
4.037086628341317567e-05
1.498703498669066929e-05
8.192149596423982139e-06
6.151288380594017926e-06
1.420880654680614078e-05
7.112123785321445027e-06
3.580323438355423017e-06
1.680976196233287744e-05
6.368774644083047177e-06
1.185390015439594094e-05
5.967387216502247372e-06
1.283241589294749508e-06
4.861863311596244902e-07
3.466888470853849211e-05
1.159256298116968532e-05
1.070027131486227050e-04
4.373799129291262855e-05
5.778323187336164245e-05
1.932152592674836274e-05
8.168487572124590113e-06
3.338917563796829931e-06
2.022199999804274710e-06
3.505198420610270834e-07
9.969598530222044371e-07
3.278825484720146951e-06
5.741630272832118309e-06
9.952306085455034925e-07
7.580393879707520918e-07
2.493058126829915513e-06
3.416027049169059054e-06
1.867254239219139301e-06
3.764403043546714490e-06
8.695361248011970095e-06
9.699121906943329236e-06
5.301692942346153157e-06
2.862267493074099109e-06
6.611526330419633402e-06
1.635036840700662680e-05
8.230960118294124579e-06
1.058009670346559214e-05
4.008519083611515131e-06
1.719908674905832447e-06
8.658214517167399331e-07
1.456433882990566941e-06
5.518043149902190329e-07
7.970179574412779148e-05
2.665064349902687867e-05
6.734771468997670526e-05
2.752877634622556840e-05
8.383897322286347665e-06
2.803403067429150015e-06
9.270944903966168532e-06
3.789553512755618217e-06
8.120703626231210608e-06
1.407609411911026945e-06
6.186071796218059018e-06
2.034490134608916655e-05
1.185701511015553485e-05
2.055246298155075058e-06
2.177230897649311998e-06
7.160529214583818919e-06
7.850143301590077746e-06
4.291012087254222104e-06
1.336657474355603015e-05
3.087533260898299057e-05
1.146197078824283421e-05
6.265293932423183144e-06
4.704458739906819873e-06
1.086678757472143311e-05
1.176841754035118785e-05
5.924354303145482481e-06
2.781508076883190705e-05
1.053839914691294974e-05
1.961462577275148688e-05
9.874224142961609356e-06
2.123377388218773788e-06
8.044915865084759515e-07
1.430939122115485708e-05
4.784766523296310042e-06
4.416478052412089393e-05
1.805261501485825381e-05
2.384971070889385438e-05
7.974853411059856599e-06
3.371498256645236090e-06
1.378119835040066397e-06
2.702594901170730713e-06
4.684566996365296863e-07
1.332399671501589318e-06
4.382028007957171147e-06
7.673474780568432678e-06
1.330088600734078269e-06
1.013091378209189765e-06
3.331879231799483447e-06
2.612551601046800544e-06
1.428061892372902203e-06
2.878986921604056227e-06
6.650146390292740525e-06
7.417814935890704288e-06
4.054694586845902118e-06
2.189040488855003570e-06
5.056445236316995061e-06
2.705492313693244776e-05
1.361975386733031582e-05
1.750686565392067470e-05
6.632888813291951531e-06
2.845929574417434417e-06
1.432673089889856139e-06
2.409958343290183733e-06
9.130695380717230718e-07
3.289647722790499851e-05
1.099990632318150358e-05
2.779739831412133202e-05
1.136235081945968843e-05
3.460407444634102675e-06
1.157089176063096565e-06
3.826531448470595688e-06
1.564117341050968615e-06
4.717719103424759011e-05
8.177500520130506003e-06
3.593795615678601550e-05
1.181936124693687716e-04
6.888327572266966911e-05
1.193994408529981701e-05
1.264861306504026516e-05
4.159906212702282489e-05
6.226952411892000346e-06
3.403750357114267862e-06
1.060273954760313037e-05
2.449117416984369143e-05
9.091954618258682021e-06
4.969805730274054625e-06
3.731707762732874277e-06
8.619838708450510835e-06
3.361078439358240689e-05
1.692004846628451418e-05
7.944030532616457756e-05
3.009783264112788354e-05
5.601967771353235422e-05
2.820093845115939412e-05
6.064399001558502175e-06
2.297640542398746405e-06
5.396415886162497279e-06
1.804450635169007652e-06
1.665560187332771594e-05
6.808075685912676179e-06
8.994300020225980851e-06
3.007509192539033870e-06
1.271473151522454724e-06
5.197221639905409839e-07
6.942812009846050056e-05
1.203438517152696040e-05
3.422858689331841341e-05
1.125717978227061376e-04
1.971271863226819858e-04
3.416921680469236740e-05
2.602573913188148885e-05
8.559407529361249818e-05
9.163869031252741548e-06
5.009115282157367063e-06
1.009842602982388357e-05
2.332626484195868673e-05
2.601896343151123970e-05
1.422237560425497259e-05
7.678347993562702366e-06
1.773614802124656359e-05
1.814447933894981486e-04
9.134135824248963340e-05
1.174104101274301749e-04
4.448370206827090414e-05
1.908632676639650673e-05
9.608272456516495292e-06
1.616247037415032055e-05
6.123532964671827193e-06
2.913206529317172950e-05
9.741164289587487187e-06
2.461648452681010877e-05
1.006213351244914281e-05
3.064425862977979843e-06
1.024681068236044839e-06
3.388653539737075761e-06
1.385132158376728977e-06
2.497469969409506747e-05
4.329011864871466694e-06
1.902486440923813708e-05
6.256943053349408603e-05
3.646548443018510438e-05
6.320777294226318431e-06
6.695933054108041136e-06
2.202174528416087437e-05
2.445986186287887646e-05
1.337014610738663388e-05
4.164822975155144775e-05
9.620287701412961123e-05
3.571377125051780464e-05
1.952171039812269403e-05
1.465838348383093724e-05
3.385927017626493474e-05
1.798789934061994925e-05
9.055311684664227111e-06
4.251505109377953215e-05
1.610782948650276973e-05
2.998074403754156356e-05
1.509264515312330590e-05
3.245559446753618298e-06
1.229656717130574433e-06
1.489669703590630532e-05
4.981149525055707262e-06
4.597745249654491015e-05
1.879355539490887368e-05
2.482858350389894310e-05
8.302168368608964520e-06
3.509875948606354516e-06
1.434682534321553361e-06
3.675391458821452775e-05
6.370772593132408250e-06
1.811995712066241665e-05
5.959334973134671013e-05
1.043553499481769897e-04
1.808852773494144380e-05
1.377752691260807735e-05
4.531186107498244201e-05
3.599625560103659160e-05
1.967612079752148379e-05
3.966725444220027183e-05
9.162703969306220048e-05
1.022041296051420610e-04
5.586638850454230177e-05
3.016103526003857996e-05
6.966870820319155005e-05
9.710605504324571987e-05
4.888428483136290388e-05
6.283598187361477997e-05
2.380689322011084384e-05
1.021466564528241646e-05
5.142178050985037775e-06
8.649869243797812178e-06
3.277206901440736319e-06
8.041847771877834190e-05
2.689028723139531686e-05
6.795330823654078839e-05
2.777631628691730061e-05
8.459285687530881194e-06
2.828611388362803403e-06
9.354309639209792569e-06
3.823629340899874497e-06
6.093951482445281057e-05
1.056300519909517626e-05
4.642161951497214713e-05
1.526725360567581099e-04
8.897760358413944141e-05
1.542301234215206153e-05
1.633841113656465491e-05
5.373415855413637721e-05
1.029428498782109430e-04
5.627018465182999477e-05
1.752825705656942395e-04
4.048836572273235954e-04
1.503065476427063913e-04
8.215992854521075677e-05
6.169191710454130560e-05
1.425016128987566320e-04
3.347953838597053969e-04
1.685397774375109274e-04
7.913010063723392934e-04
2.998030428101403229e-04
5.580092771467757336e-04
2.809081723115808174e-04
6.040718264203504033e-05
2.288668536729799015e-05
1.631999514397993031e-03
5.457071179228779358e-04
5.037034717612687285e-03
2.058917705339306879e-03
2.720081916406368386e-03
9.095395249941649017e-04
3.845225441529745132e-04
1.571758621179213350e-04
4.067340380820096721e-04
7.050160755768407523e-05
2.005229487017185723e-04
6.594846848459626036e-04
1.154839514523266393e-03
2.001751381048895852e-04
1.524678178836914801e-04
5.014398176228101762e-04
6.870806428841765186e-04
3.755691113227472666e-04
7.571510488666579686e-04
1.748936501497399794e-03
1.950827326398262831e-03
1.066352971674440573e-03
5.757005319165157779e-04
1.329805559547712727e-03
6.771610140943941803e-04
3.408905023990818064e-04
4.381815035962946547e-04
1.660153936661082992e-04
7.123112296050094887e-05
3.585855178761236813e-05
6.031914514811144217e-05
2.285333028706034906e-05
3.300901086003032569e-03
1.103753525843223634e-03
2.789248880585547437e-03
1.140121961985851454e-03
3.472244949777294120e-04
1.161047394652071506e-04
3.839621405773771664e-04
1.569467938448958905e-04
8.144338940773655148e-05
1.411706260255049389e-05
6.204076363237779961e-05
2.040411519808797247e-04
1.189152496232620250e-04
2.061228094185923890e-05
2.183567729956705799e-05
7.181369940716266333e-05
7.872991150086482875e-05
4.303501081441878844e-05
1.340547817027370602e-04
3.096519528978058889e-04
1.149533086359164611e-04
6.283529075535088429e-05
4.718151070914995221e-05
1.089841536884075666e-04
5.539852773618577676e-04
2.788824453725173937e-04
1.309364252392423728e-03
4.960835179695975792e-04
9.233368770107821090e-04
4.648182121186447864e-04
9.995564886467913745e-05
3.787055423204156940e-05
6.735988111698359157e-04
2.252376073870112770e-04
2.079008337730219903e-03
8.498069431869124035e-04
1.122698829877882658e-03
3.754074295628970995e-04
1.587095623033862684e-04
6.487347142764327457e-05
5.435848766489043528e-04
9.422276981909730978e-05
2.679914443583410600e-04
8.813766921359866661e-04
1.543399952488944691e-03
2.675266084639418558e-04
2.037675537755784152e-04
6.701556198608220371e-04
5.254740690803248520e-04
2.872324103313644850e-04
5.790633845923496073e-04
1.337573383157978323e-03
1.491977956142758735e-03
8.155386720684012396e-04
4.402914042345901268e-04
1.017025214868366115e-03
1.120497026831527264e-03
5.640708582789614230e-04
7.250580907243062102e-04
2.747053524041319513e-04
1.178660020790659498e-04
5.933507663349195155e-05
9.980997339291114814e-05
3.781536164496391065e-05
1.362428743210168701e-03
4.555681887606230713e-04
1.151247113398976398e-03
4.705790604757516802e-04
1.433149979289803264e-04
4.792159175598543754e-05
1.584782588140363471e-04
6.477892475956807076e-05
