1.177991513846864145e-05
9.252616825255685030e-06
9.257064298234344096e-06
1.172044549681581165e-05
9.378091515224240828e-06
7.366087643465956045e-06
8.348799177685834412e-06
1.057048353273200231e-05
2.126493707596386782e-05
1.309455931213074605e-05
2.532576075401015380e-05
2.542567116924021882e-05
1.692919886261581746e-05
1.042469102172648729e-05
2.284090114807534830e-05
2.293100876379906467e-05
3.692673093252623446e-05
5.379979148130546062e-05
1.003853547208631244e-04
6.494797129044748027e-06
3.562725489543525358e-05
5.190654130548587542e-05
1.591426193546946962e-05
1.029631294492720202e-06
2.053951437551785792e-05
1.160645139351737443e-05
2.146339289371526060e-05
4.178357791659635608e-05
1.981671530637628992e-05
1.119801270748540728e-05
3.402628376263426249e-06
6.624022053962161534e-06
7.520020508240843761e-05
5.906652761325601603e-05
5.375362393166609347e-07
6.805790683203891313e-07
5.570228322869282130e-05
4.375174837413645302e-05
7.534693855101451983e-06
9.539738065852419044e-06
1.357503522206931698e-04
8.359258400090679227e-05
1.470608149080339983e-06
1.476409715013243726e-06
1.005529780072467302e-04
6.191868472611456592e-05
2.061364680867631499e-05
2.069496788061034358e-05
3.217303922169049700e-07
4.687397876106539199e-07
3.959800703311818011e-07
2.561937676165222145e-08
5.415271845609595947e-07
7.889690984038843811e-07
6.379470698740326258e-08
4.127431545589055002e-09
1.789539948189515885e-07
1.011231718807156457e-07
8.466449962977303942e-08
1.648195014911232612e-07
3.012101291161496311e-07
1.702075647410986835e-07
1.363994642861491486e-08
2.655338637280933616e-08
4.580136035859800052e-05
3.597499918226519086e-05
3.599229135374403839e-05
4.557013708952342094e-05
3.646285596421823067e-05
2.864000552004472157e-05
3.246087558390211252e-05
4.109898244226417043e-05
1.682887545914272924e-04
1.036291370479955039e-04
2.004257393825197887e-04
2.012164212119423794e-04
1.339761214737141774e-04
8.250004515789356447e-05
1.807607891913441353e-04
1.814738925678167241e-04
4.846632159725640290e-04
7.061220774085736913e-04
1.317557434056664759e-03
8.524418989062289178e-05
4.676075974731468414e-04
6.812731753887877294e-04
2.088746329472801792e-04
1.351390718465358092e-05
6.342347199911745493e-04
3.583928185971570397e-04
6.627629423523237863e-04
1.290225044061869050e-03
6.119155815322194995e-04
3.457807387332913489e-04
1.050689425269845647e-04
2.045415824250291364e-04
2.923851022298289181e-04
2.296559257469748150e-04
2.089988825331087724e-06
2.646152098232623042e-06
2.165754436229075256e-04
1.701106985956631523e-04
2.929556150385627931e-05
3.709135216550817521e-05
1.074315791716611707e-03
6.615440151239778289e-04
1.163825752301299623e-05
1.168417058177450044e-05
7.957670120936259726e-04
4.900187713358065836e-04
1.631345033670854273e-04
1.637780708448037677e-04
4.222710286834806526e-06
6.152208093719123953e-06
5.197237055682774023e-06
3.362542315268438577e-07
7.107542427339578036e-06
1.035521669205179391e-05
8.373053089112710769e-07
5.417252478284705226e-08
5.525877327001714737e-06
3.122558081452597924e-06
2.614334703058342251e-06
5.089421710082274121e-06
9.300995067643614991e-06
5.255798418127337552e-06
4.211846222692931097e-07
8.199356256957069448e-07
1.912497259904308831e-04
1.502184363574828117e-04
1.502906421398267985e-04
1.902842222039297993e-04
1.522555478131380714e-04
1.195901860815525632e-04
1.355447417330986088e-04
1.716143160165549658e-04
2.283676324622255129e-04
1.406246111881308952e-04
2.719774811953398286e-04
2.730504354628696443e-04
1.818054316326980877e-04
1.119524595477313316e-04
2.452921680349372377e-04
2.462598484374765536e-04
1.107187005247377791e-04
1.613097842913898316e-04
3.009888973577886880e-04
1.947357592020771460e-05
1.068224363671375752e-04
1.556331865005375261e-04
4.771628456700040450e-05
3.087179289012644933e-06
5.574161297863790493e-04
3.149842346827668501e-04
5.824890102153441407e-04
1.133952822110455803e-03
5.378002882251818476e-04
3.038997315411372897e-04
9.234297880279118296e-05
1.797674798650693404e-04
6.205371216931339752e-04
4.874052270651602937e-04
4.435642035627137744e-06
5.616002983998819151e-06
4.596441521481253083e-04
3.610307176074442018e-04
6.217479370647821827e-05
7.872001937499094250e-05
7.409714842837233570e-04
4.562766875298163703e-04
8.027078274185816525e-06
8.058745189594514579e-06
5.488522728990805673e-04
3.379731910515904394e-04
1.125162787606897208e-04
1.129601567646048535e-04
3.652862925199564306e-05
5.321978380502243912e-05
4.495879012435702006e-05
2.908773115729332204e-06
6.148392018049739899e-05
8.957798325576542232e-05
7.243124231208718731e-06
4.686203738879844491e-07
1.839043183088979094e-04
1.039204964872181942e-04
8.700653542341845186e-05
1.693788288794736063e-04
3.095423688020083539e-04
1.749159396882847735e-04
1.401726210282209840e-05
2.728792070065110342e-05
1.401482104055651096e-05
1.100803931425076536e-05
1.101333056950565866e-05
1.394406871549190014e-05
1.115731927971384977e-05
8.763594548750732461e-06
9.932747817232826404e-06
1.257593397592564041e-05
2.290920232125751401e-04
1.410706777629684727e-04
2.728402040320092748e-04
2.739165617509763812e-04
1.823821253244358094e-04
1.123075769752795728e-04
2.460702440509729872e-04
2.470409939722760886e-04
3.077577038418236109e-04
4.483825097788788228e-04
8.366396236019656629e-04
5.412945584069161912e-05
2.969275070907668903e-04
4.326036332795476082e-04
1.326339101218228515e-04
8.581235191811924665e-06
3.925256377996235130e-04
2.218080550755899640e-04
4.101816542942034747e-04
7.985157424564833049e-04
3.787124014967269939e-04
2.140024832005394512e-04
6.502679903571110165e-05
1.265900660547975834e-04
4.547309369732872793e-05
3.571715983473782222e-05
3.250448020636354740e-07
4.115419061458571908e-07
3.368282229599963665e-05
2.645640861030666084e-05
4.556182250809655377e-06
5.768619945133096783e-06
7.433218738012776659e-04
4.577240144057098713e-04
8.052540469469180584e-06
8.084307833528884594e-06
5.505932530262105983e-04
3.390452547710598842e-04
1.128731846440638885e-04
1.133184706457624765e-04
1.015362988348266063e-04
1.479316356240333236e-04
1.249690788512019374e-04
8.085330940943197777e-06
1.709029279450049728e-04
2.489942016201330188e-04
2.013325004243359515e-05
1.302594137735925562e-06
1.295031772151439774e-04
7.317954573673988192e-05
6.126894071562155369e-05
1.192745047782313363e-04
2.179759595162394654e-04
1.231736706538739013e-04
9.870784954183770422e-06
1.921582082914165097e-05
3.618127480764154541e-05
2.841883562905728408e-05
2.843249576498771536e-05
3.599861751155233923e-05
2.880422331528353268e-05
2.262447888228681406e-05
2.564281608236877193e-05
3.246658104509438054e-05
6.531392824725164965e-05
4.021912241201036728e-05
7.778649496048439956e-05
7.809336357091943635e-05
5.199697868121838418e-05
3.201878843847697924e-05
7.015440362502655563e-05
7.043116354803437209e-05
3.197173069511924793e-05
4.658068562410367237e-05
8.691518165347343584e-05
5.623295089637837291e-06
3.084662438721053008e-05
4.494148054877776776e-05
1.377881236609126047e-05
8.914705859811729817e-07
1.778342695492060200e-05
1.004904384733042943e-05
1.858333516322601485e-05
3.617686339657144210e-05
1.715761642142109059e-05
9.695411360903637702e-06
2.946047899562138546e-06
5.735180014033278528e-06
8.000788687590178312e-07
6.284275494002898502e-07
5.719018795203488162e-09
7.240896889657842208e-09
5.926342847611772734e-07
4.654887484289183526e-07
8.016400127405108390e-08
1.014963035223160626e-07
1.444291117548797040e-06
8.893680538609867104e-07
1.564626722779022696e-08
1.570799193058248505e-08
1.069815073060327011e-06
6.587725548943329767e-07
2.193151361969062213e-07
2.201803369123556830e-07
2.821716356052134599e-05
4.111053097345176852e-05
3.472918531025432986e-05
2.246931473961557903e-06
4.749430426493084651e-05
6.919604312312061347e-05
5.595075022149266091e-06
3.619938116639707918e-07
1.569504859898567358e-05
8.868944774086332046e-06
7.425447180670419514e-06
1.445539166969084417e-05
2.641744667263535646e-05
1.492794839941531271e-05
1.196283001680165494e-06
2.328848204872546422e-06
1.406760223837809516e-04
1.104949667563924856e-04
1.105480785828312002e-04
1.399658345308151181e-04
1.119933884417043628e-04
8.796599109862659170e-05
9.970155524825819219e-05
1.262329618319562240e-04
5.168884160314691101e-04
3.182904326167913930e-04
6.155951609059206716e-04
6.180236908417879524e-04
4.114993029850104651e-04
2.533937443872470783e-04
5.551954926076308741e-04
5.573857451626901011e-04
4.196288549673995181e-04
6.113713379621011062e-04
1.140761459062907815e-03
7.380572863291234951e-05
4.048618385613589267e-04
5.898567770090161954e-04
1.808468647234098164e-04
1.170054836254153011e-05
5.491301599945060292e-04
3.103020058880997796e-04
5.738303329994694701e-04
1.117096656084156769e-03
5.298059071799074210e-04
2.993822734685242480e-04
9.097030389805754822e-05
1.770952430421163508e-04
3.110777976970633348e-06
2.443382342828576395e-06
2.223605498492253136e-08
2.815325270719930048e-08
2.304214938575121055e-06
1.809861756986919379e-06
3.116847843962672504e-07
3.946266775310194569e-07
1.142998695794310327e-05
7.038376912332472634e-06
1.238231186089758339e-07
1.243116022251430189e-07
8.466418012210308607e-06
5.213465359720793225e-06
1.735639800004142532e-06
1.742486918824878825e-06
3.703501742912212427e-04
5.395755770620484651e-04
4.558204372688965029e-04
2.949096783655311930e-05
6.233625794680139635e-04
9.081978270404542607e-04
7.343534034457549747e-05
4.751167528038316680e-06
4.846436274701154592e-04
2.738620106868040228e-04
2.292885959881912710e-04
4.463645595689980550e-04
8.157379764183560807e-04
4.609565250691163830e-04
3.693973483156862717e-05
7.191194310221121777e-05
3.836112608933518004e-04
3.013101508098630786e-04
3.014549821347986091e-04
3.816746404719687869e-04
3.053962162410015467e-04
2.398755963473137509e-04
2.718774576769815042e-04
3.442262926837068543e-04
4.580628546387937282e-04
2.820667278405165684e-04
5.455360730878249659e-04
5.476882191226307983e-04
3.646677688279089942e-04
2.245557422098789320e-04
4.920103146806826351e-04
4.939513009876560917e-04
1.636693081202648790e-05
2.384552985437368372e-05
4.449351767041735862e-05
2.878670615155682421e-06
1.579096771283373778e-05
2.300638991820885178e-05
7.053633436933009606e-06
4.563605749355930039e-07
8.239973181118444073e-05
4.656237068804927902e-05
8.610611652572863317e-05
1.676259502290429883e-04
7.950003085614970166e-05
4.492381012741294472e-05
1.365054988794803678e-05
2.657402851785251835e-05
3.480710856478706674e-04
2.733948713207086097e-04
2.488036065712702419e-06
3.150122993945261239e-06
2.578231558707783761e-04
2.025090029859584267e-04
3.487502550419252213e-05
4.415555757778557151e-05
4.156250125134188281e-04
2.559342808549252331e-04
4.502541027445526992e-06
4.520303603188537879e-06
3.078616891879623271e-04
1.895755973602761670e-04
6.311252289699247119e-05
6.336150252015568761e-05
1.083068595863576049e-05
1.577958924224338329e-05
1.333021651477719450e-05
8.624470391170162808e-07
1.822989377419396908e-05
2.655974301028895000e-05
2.147575901806414459e-06
1.389452658731219454e-07
5.452736548913466593e-05
3.081227752495203703e-05
2.579731243182307229e-05
5.022057879532562929e-05
9.177886649561607744e-05
5.186232417467422513e-05
4.156098023504629230e-06
8.090829183160811941e-06
2.811111567726669097e-05
2.208007263505627993e-05
2.209068590568726232e-05
2.796919971640131409e-05
2.237950038838165348e-05
1.757813527519814435e-05
1.992323855405168424e-05
2.522497673883077076e-05
4.595158473041793682e-04
2.829614541483826680e-04
5.472665341039772199e-04
5.494255068272424795e-04
3.658245087557236925e-04
2.252680415004609034e-04
4.935709899707337858e-04
4.955181331595394064e-04
4.549411275398631177e-05
6.628189709681456981e-05
1.236757907128235433e-04
8.001656941767478295e-06
4.389314489521366729e-05
6.394939338486607108e-05
1.960653457820697260e-05
1.268516357223071579e-06
5.802488581752817374e-05
3.278865335094157746e-05
6.063487671349450885e-05
1.180401490187212466e-04
5.598295178300465117e-05
3.163479899551850590e-05
9.612550686568443949e-06
1.871310666390826470e-05
2.550672399390104759e-05
2.003443495211814387e-05
1.823238178399193891e-07
2.308416902939451394e-07
1.889333629592367849e-05
1.483990327960907062e-05
2.555649367312335959e-06
3.235728753042066416e-06
4.169433907416839318e-04
2.567461140545330414e-04
4.516823257541733135e-06
4.534642176845483153e-06
3.088382380869034096e-04
1.901769383110017491e-04
6.331271820192637680e-05
6.356248759785250121e-05
3.010536635513421473e-05
4.386151688688694233e-05
3.705315187821927621e-05
2.397288978157115658e-06
5.067247197299581360e-05
7.382642213768711849e-05
5.969479638340805631e-06
3.862172856269166375e-07
3.839750551236878636e-05
2.169762990564315800e-05
1.816615267250730844e-05
3.536471886785208160e-05
6.462955803149154704e-05
3.652081593375571634e-05
2.926673521376406462e-06
5.697463198033222107e-06
2.013978701550645696e-05
1.581893672461255992e-05
1.582654044310242435e-05
2.003811345481456061e-05
1.603345724552455873e-05
1.259359125538178840e-05
1.427370531089295422e-05
1.807205608000802741e-05
3.635606017308993561e-05
2.238739689618112689e-05
4.329873531310876649e-05
4.346954931810897147e-05
2.894337144440238714e-05
1.782279875636921657e-05
3.905044127714103546e-05
3.920449571368145374e-05
6.313258520270385941e-05
9.197997856315668892e-05
1.716259955856583861e-04
1.110397055923852653e-05
6.091090785519039531e-05
8.874314240093682737e-05
2.720816254802002461e-05
1.760331439728800190e-06
3.511582554393831613e-05
1.984322096752006844e-05
3.669535445955291630e-05
7.143619882608627655e-05
3.388007646286217937e-05
1.914492492303375019e-05
5.817377288829303038e-06
1.132490275054375598e-05
1.285676591112519366e-04
1.009843680445350280e-04
9.190104721213802317e-07
1.163566742380309769e-06
9.523261477833753022e-05
7.480112407037988300e-05
1.288185251634293609e-05
1.630981977133015305e-05
2.320885294051579001e-04
1.429158714697626419e-04
2.514257068714031749e-06
2.524175841546574521e-06
1.719125763671769435e-04
1.058606202171971325e-04
3.524256766365674152e-05
3.538159999533080900e-05
5.500533322607748113e-07
8.013911286460693714e-07
6.769959023568986008e-07
4.380072227895234175e-08
9.258336780838955169e-07
1.348878104544308557e-06
1.090680023022615515e-07
7.056552723184753012e-09
3.059525725663465269e-07
1.728874206707415348e-07
1.447484952374382268e-07
2.817872299600189806e-07
5.149704200756287129e-07
2.909990489761183194e-07
2.331982979046599075e-08
4.539757203703859001e-08
4.596903544873941623e-05
3.610670075583190464e-05
3.612405623255734928e-05
4.573696568990599461e-05
3.659634354215796439e-05
2.874485427278100841e-05
3.257971223410170757e-05
4.124944250571583736e-05
1.689048461632709015e-04
1.040085149695191464e-04
2.011594818664657995e-04
2.019530583183620981e-04
1.344665972602196034e-04
8.280207117633964079e-05
1.814225398770091314e-04
1.821382538674895676e-04
4.864375289578152031e-04
7.087071334430086397e-04
1.322380905669565771e-03
8.555626200184477217e-05
4.693194712132114053e-04
6.837672615949587493e-04
2.096393061498549686e-04
1.356338051006593754e-05
6.365566022019367902e-04
3.597048658309906412e-04
6.651892640866835689e-04
1.294948453997119388e-03
6.141557551752953618e-04
3.470466141588754460e-04
1.054535914603643227e-04
2.052903926787478974e-04
2.934555005321620789e-04
2.304966775881786914e-04
2.097640106034066867e-06
2.655839447868642130e-06
2.173683088729256457e-04
1.707334601577155950e-04
2.940281019423235582e-05
3.722714061740404063e-05
1.078248775274437713e-03
6.639658744639613964e-04
1.168086424613173347e-05
1.172694538890223261e-05
7.986802510114155004e-04
4.918126905777552450e-04
1.637317256404652722e-04
1.643776491668684557e-04
4.238169288978903176e-06
6.174730831878131835e-06
5.216263721811793348e-06
3.374852311770782711e-07
7.133562567524440484e-06
1.039312630606062214e-05
8.403706161870456914e-07
5.437084603149629959e-08
5.546107118686089829e-06
3.133989515010032002e-06
2.623905571774097451e-06
5.108053672917533970e-06
9.335045261222183681e-06
5.275039472686084335e-06
4.227265452373502665e-07
8.229373439606729315e-07
3.312533801896773422e-06
2.601852868155944426e-06
2.603103505737086818e-06
3.295810829290766571e-06
2.637136581741117566e-06
2.071357392637984584e-06
2.347697683408564805e-06
2.972439410044837408e-06
3.955433127408041033e-06
2.435683374325890705e-06
4.710775898624740469e-06
4.729359963311241108e-06
3.148954250956041113e-06
1.939068432839983980e-06
4.248573919509448192e-06
4.265334592112999879e-06
1.917699155336988966e-06
2.793960149614236553e-06
5.213267058710451701e-06
3.372913511139812022e-07
1.850214056174989005e-06
2.695638847638035260e-06
8.264681411204885256e-07
5.347137463549468384e-08
9.654705449001510937e-06
5.455672780955811527e-06
1.008897934665937590e-05
1.964058789388836780e-05
9.314949991117254911e-06
5.263684054468872616e-06
1.599423147238328699e-06
3.113655982778425958e-06
1.074799025355511866e-05
8.442084199144414875e-06
7.682737373890029119e-08
9.727177186638185542e-08
7.961249528331510263e-06
6.253219184520794646e-06
1.076896213639400544e-06
1.363467182581341702e-06
1.283396917417945542e-05
7.902923482021786131e-06
1.390327122091780545e-07
1.395811978456927137e-07
9.506375482687197775e-06
5.853852149044780023e-06
1.948834042654122371e-06
1.956522215195404612e-06
6.326927712317094918e-07
9.217912960178360658e-07
7.787070606666752197e-07
5.038129711299096420e-08
1.064929964298151596e-06
1.551532144183636127e-06
1.254542652177025698e-07
8.116721844815206111e-09
3.185307939962688435e-06
1.799951113869983234e-06
1.506993477158880812e-06
2.933719737810336396e-06
5.361417144342230498e-06
3.029625060675755293e-06
2.427854695486888788e-07
4.726394207169123707e-07
6.319556177201018050e-06
4.963739647187297560e-06
4.966125577391788853e-06
6.287652573750107570e-06
5.031052895436746184e-06
3.951675722777813016e-06
4.478869736782674456e-06
5.670733933144621489e-06
1.033020618851241220e-04
6.361152029690855531e-05
1.230289699589915862e-04
1.235143206496705764e-04
8.223965781437627678e-05
5.064167710502739332e-05
1.109578728345958883e-04
1.113956029093457391e-04
1.387739517163016543e-04
2.021844197098282537e-04
3.772571255904519751e-04
2.440802747581777787e-05
1.338904047498164337e-04
1.950694165169882704e-04
5.980721720178360266e-05
3.869446331672631611e-06
1.769974666025331408e-04
1.000175785726784700e-04
1.849589088343103673e-04
3.600663239459206844e-04
1.707688089156105633e-04
9.649789396045144901e-05
2.932185208362955166e-05
5.708193002206998740e-05
2.050470493628103586e-05
1.610556406054047910e-05
1.465690415028490602e-07
1.855722729269941509e-07
1.518824158298322481e-05
1.192971069526968411e-05
2.054471448778090141e-06
2.601183254691297259e-06
3.351783319698364893e-04
2.063966863593992410e-04
3.631047568765417741e-06
3.645372092867148130e-06
2.482732375403079255e-04
1.528821187183752905e-04
5.089672063550092055e-05
5.109750877931754049e-05
4.578469768931686331e-05
6.670526002479640543e-05
5.635099527334915611e-05
3.645833431956770442e-06
7.706346380529378989e-05
1.122763423366028389e-04
9.078475158876632805e-06
5.873651048196349510e-07
5.839550866677520379e-05
3.299808459680589052e-05
2.762736046714401998e-05
5.378320074673841565e-05
9.828961193695491874e-05
5.554141069633687232e-05
4.450929473199888447e-06
8.664788431431018321e-06
6.185809999562841201e-05
4.858687775507219059e-05
4.861023210228164590e-05
6.154581599384883312e-05
4.924576415856155590e-05
3.868043026372036599e-05
4.384079582120373642e-05
5.550719336123173910e-05
1.116653718285375328e-04
6.876149359372801177e-05
1.329893656085010174e-04
1.335140101737002571e-04
8.889776061881737369e-05
5.474161503419080902e-05
1.199409953806833341e-04
1.204141639764063222e-04
5.466116174420401926e-05
7.963767790161392277e-05
1.485964224987246978e-04
9.613988224822797045e-06
5.273759938023693078e-05
7.683517544690670990e-05
2.355724494767278646e-05
1.524121992493702780e-06
3.040382100108037286e-05
1.718056542986523330e-05
3.177140139175885859e-05
6.185055793116143465e-05
2.933389047029226533e-05
1.657596999138523765e-05
5.036774589394430884e-06
9.805274708730623626e-06
1.367872164018718469e-06
1.074404768695455948e-06
9.777644330980272111e-09
1.237955617207524592e-08
1.013210038686976633e-06
7.958329191063924740e-07
1.370541207633908155e-07
1.735253532621265717e-07
2.469263585849727946e-06
1.520527352923207679e-06
2.674997959249795303e-08
2.685550856730116783e-08
1.829032506953557662e-06
1.126284764472220995e-06
3.749568719606816299e-07
3.764360811001357314e-07
4.824208473580614363e-05
7.028550954462412751e-05
5.937550374081072884e-05
3.841515052705761776e-06
8.119966579570054709e-05
1.183025135948995534e-04
9.565741175323515472e-06
6.188905592397562438e-07
2.683337972014338547e-05
1.516298349375101803e-05
1.269507657361917457e-05
2.471397340568158202e-05
4.516515978480469635e-05
2.552189025207002524e-05
2.045251139834721776e-06
3.981565765649041888e-06
1.411910259677194406e-04
1.108994799273112811e-04
1.109527861918674580e-04
1.404782381742424328e-04
1.124033872136879944e-04
8.828802750478048210e-05
1.000665546092510352e-04
1.266950905348653228e-04
5.187807028778109028e-04
3.194556682465263752e-04
6.178488051926268182e-04
6.202862257809271069e-04
4.130057687794961522e-04
2.543213984699805967e-04
5.572280185749871415e-04
5.594262894681857699e-04
4.211650823967096643e-04
6.136095191733155442e-04
1.144937694855483433e-03
7.407592545904555020e-05
4.063440051333579834e-04
5.920161951459700263e-04
1.815089305246627869e-04
1.174338312740512270e-05
5.511404812678382835e-04
3.114379965311939559e-04
5.759310796161254452e-04
1.121186256939656761e-03
5.317454839206050025e-04
3.004782878510131182e-04
9.130333885131818289e-05
1.777435744586553770e-04
3.122166284514659367e-06
2.452327368726847838e-06
2.231745939070425822e-08
2.825631949710454291e-08
2.312650483818883029e-06
1.816487515062013844e-06
3.128258372800719362e-07
3.960713740031145735e-07
1.147183121930309535e-05
7.064143843139432379e-06
1.242764250700022442e-07
1.247666969853319908e-07
8.497412886429275134e-06
5.232551436363410282e-06
1.741993837474649516e-06
1.748866023045728757e-06
3.717059964408686796e-04
5.415509197770603054e-04
4.574891591651231897e-04
2.959893189376967091e-05
6.256446596482691290e-04
9.115226661134200698e-04
7.370418120902660930e-05
4.768561169565631269e-06
4.864178687434373783e-04
2.748645974433696682e-04
2.301280030647432999e-04
4.479986642588080765e-04
8.187243274275145212e-04
4.626440497689745428e-04
3.707496822462046505e-05
7.217520693209535294e-05
6.644324648920280658e-06
5.218831317239248592e-06
5.221339862843369804e-06
6.610781486575587956e-06
5.289603862336046734e-06
4.154756390032058505e-06
4.709043444976344999e-06
5.962158764470300839e-06
7.933860723336420631e-06
4.885526321793941070e-06
9.448937366571009142e-06
9.486213532327550474e-06
6.316214595597212738e-06
3.889409423349763160e-06
8.521846448779623755e-06
8.555465230284126985e-06
2.834828194779020272e-07
4.130156174482763164e-07
7.706483263454364979e-07
4.985990786573618706e-08
2.735068719316207780e-07
3.984813252359747972e-07
1.221721969274820852e-07
7.904376450729321073e-09
1.427201505666127596e-06
8.064818184802422004e-07
1.491397804961089641e-06
2.903359068010134518e-06
1.376977342576735501e-06
7.781011909240262187e-07
2.364338442010031696e-07
4.602744775820473379e-07
6.028752358731056309e-06
4.735325751841228367e-06
4.309393660738607925e-08
5.456158874757315754e-08
4.465616430615884175e-06
3.507549692452715532e-06
6.040515887088382538e-07
7.647947010670871412e-07
7.198817649199432609e-06
4.432900240800871736e-06
7.798609525111995862e-08
7.829375128697969537e-08
5.332306995280030607e-06
3.283537118908646714e-06
1.093138117383404651e-06
1.097450559733010864e-06
1.875924953612995467e-07
2.733097915528163043e-07
2.308855218648074074e-07
1.493798202651463467e-08
3.157502005259161818e-07
4.600270459769221129e-07
3.719700893704096587e-08
2.406596335940787513e-09
9.444392161909587804e-07
5.336829126747859654e-07
4.468213953560459631e-07
8.698436766317777939e-07
1.589652460896655446e-06
8.982794667226465718e-07
7.198554202134800937e-08
1.401369074690022616e-07
1.267585038811375575e-05
9.956335440183134973e-06
9.961121170930766963e-06
1.261185771317806806e-05
1.009135325472938992e-05
7.926324070823986974e-06
8.983776882327368135e-06
1.137443404438220428e-05
2.072046587644171790e-04
1.275928390593411251e-04
2.467731550880259079e-04
2.477466780013928447e-04
1.649574066902933936e-04
1.015777539413862985e-04
2.225607868648827778e-04
2.234387917092616371e-04
2.051418283892103635e-05
2.988780028104760412e-05
5.576782642516060122e-05
3.608103193601829890e-06
1.979227520327382135e-05
2.883602886002607993e-05
8.840968882060954313e-06
5.719987688727041512e-07
2.616455283577299833e-05
1.478504336419394606e-05
2.734144864067208244e-05
5.322660565770359734e-05
2.524380495009055628e-05
1.426474792850462431e-05
4.334486604871359594e-06
8.438104808495444200e-06
1.150147937739332648e-05
9.033917507187999070e-06
8.221336583227486418e-08
1.040910209007347917e-07
8.519373865090718576e-06
6.691601852662344150e-06
1.152392149655107323e-06
1.459053210159432594e-06
1.880079076914219075e-04
1.157718308603713077e-04
2.036723710985725011e-06
2.044758609271704013e-06
1.392611856840712619e-04
8.575449103392508818e-05
2.854893960119260547e-05
2.866156549376254673e-05
1.357509691817894491e-05
1.977801351739033481e-05
1.670798893251297166e-05
1.080984361242128206e-06
2.284920601870741157e-05
3.328977378382167747e-05
2.691754808283613494e-06
1.741529075585308168e-07
1.731418420881704085e-05
9.783884553647066062e-06
8.191472585008598465e-06
1.594664155393578611e-05
2.914272836633137652e-05
1.646794827152660610e-05
1.319694177838071119e-06
2.569097289456118675e-06
1.155133913881746741e-05
9.073080205903007937e-06
9.077441380672377589e-06
1.149302343865147296e-05
9.196120200684600337e-06
7.223157000347395759e-06
8.186800122896843070e-06
1.036537519265574549e-05
2.085231489723655805e-05
1.284047412139897514e-05
2.483434286065282906e-05
2.493231462668480034e-05
1.660070680576905102e-05
1.022241162129478638e-05
2.239769915964967924e-05
2.248605833847056409e-05
3.621020926513420667e-05
5.275586705788531402e-05
9.843748985630843636e-05
6.368772898067481060e-06
3.493594809849937097e-05
5.089935327162719029e-05
1.560546358778600176e-05
1.009652457663730846e-06
2.014096820811788055e-05
1.138124126267250217e-05
2.104691990312760458e-05
4.097281459792864841e-05
1.943219424169003690e-05
1.098072786980764077e-05
3.336604200927391752e-06
6.495490358708145663e-06
7.374102971071562897e-05
5.792040810081283529e-05
5.271059533760348739e-07
6.673731972207760967e-07
5.462144309341265976e-05
4.290279492213349945e-05
7.388491598145359199e-06
9.354630181866758099e-06
1.331162693688978647e-04
8.197056395858618653e-05
1.442072652532195916e-06
1.447761645605527363e-06
9.860186060141313104e-05
6.071722231386519447e-05
2.021366218481747843e-05
2.029340531284515948e-05
3.154875759355728439e-07
4.596444194123298626e-07
3.882965225845332407e-07
2.512226158001468004e-08
5.310194588180899826e-07
7.736600407203842568e-07
6.255684247389073220e-08
4.047343380230042616e-09
1.754815938910591410e-07
9.916099050429386374e-08
8.302168027068915564e-08
1.616213645035049302e-07
2.953654854528903691e-07
1.669048784482375062e-07
1.337527861450412082e-08
2.603814778552374248e-08
1.179772050849990275e-05
9.266602177815074491e-06
9.271056373159824193e-06
1.173816097834084798e-05
9.392266523078955813e-06
7.377221502634968649e-06
8.361418407699636155e-06
1.058646084398571906e-05
4.334857471150369381e-05
2.669325945467850936e-05
5.162656387127429510e-05
5.183023125498610454e-05
3.451017226528717215e-05
2.125073288415406508e-05
4.656117750823563270e-05
4.674486188493148520e-05
1.248417321674954615e-04
1.818861022669129011e-04
3.393823729075944495e-04
2.195758203313431147e-05
1.204484692036815463e-04
1.754854102639405412e-04
5.380286789592964112e-05
3.480973025562598525e-06
1.633690332483307250e-04
9.231643499141238530e-05
1.707174611418701851e-04
3.323419728962575832e-04
1.576199691273600777e-04
8.906775870538511796e-05
2.706413102911923302e-05
5.268674124356634032e-05
7.531387037304765732e-05
5.915580681164186099e-05
5.383487266337378062e-07
6.816077652171438501e-07
5.578647736360931866e-05
4.381787924691093956e-05
7.546082562964403451e-06
9.554157402856735070e-06
2.767270960798237254e-04
1.704034843811880879e-04
2.997834745244162387e-06
3.009661237529928434e-06
2.049772479476642307e-04
1.262212402181001687e-04
4.202091948687096846e-05
4.218669249385230597e-05
1.087704717990814292e-06
1.584713445879207927e-06
1.338727708506892383e-06
8.661387810961414133e-08
1.830792762562916826e-06
2.667343314287523281e-06
2.156768693653868598e-07
1.395400271135914488e-08
1.423380348483132210e-06
8.043225622144617224e-07
6.734120973890333683e-07
1.310956146615210594e-06
2.395792164247289525e-06
1.353812207773041850e-06
1.084906303460574246e-07
2.112027081986882421e-07
1.961105600381562216e-04
1.540364124944999021e-04
1.541104534707164080e-04
1.951205168508569150e-04
1.561252995052383053e-04
1.226297096430561452e-04
1.389897688681406029e-04
1.759760933004194435e-04
2.341718612396636017e-04
1.441987491089643440e-04
2.788901049597003901e-04
2.799903296068777421e-04
1.864262279635950294e-04
1.147978614131616321e-04
2.515265535528765140e-04
2.525188286774402227e-04
1.135327449707804274e-04
1.654096599260040761e-04
3.086388799796579031e-04
1.996851948351847391e-05
1.095374527315549413e-04
1.595887848052150954e-04
4.892904939295279336e-05
3.165643538421378972e-06
5.715835085284143302e-04
3.229899250674907966e-04
5.972936453520357424e-04
1.162773550912464711e-03
5.514691075573061214e-04
3.116236963966145497e-04
9.468998292584777108e-05
1.843364792833776663e-04
6.363087938008074552e-04
4.997931973510689758e-04
4.548379032862768812e-06
5.758740226498786827e-06
4.713265424523668725e-04
3.702067328688139606e-04
6.375503834522800936e-05
8.072078015221004525e-05
7.598041356799407984e-04
4.678734898072703157e-04
8.231095797227241741e-06
8.263567564092890328e-06
5.628019912658028742e-04
3.465631724791410316e-04
1.153760107466622419e-04
1.158311704259015773e-04
3.745704681633620542e-05
5.457242646002409911e-05
4.610147002441578935e-05
2.982702964908581325e-06
6.304660546568281807e-05
9.185471180364307810e-05
7.427216651172370528e-06
4.805309052994986504e-07
1.885784602839004676e-04
1.065617566770856660e-04
8.921790763621805192e-05
1.736837886597682938e-04
3.174097478410854950e-04
1.793616315747621672e-04
1.437352710938580538e-05
2.798147491803069855e-05
1.823732340222708175e-05
1.432463335903213519e-05
1.433151880787290224e-05
1.814525422560836195e-05
1.451888963956152294e-05
1.140396352468978364e-05
1.292536905690285362e-05
1.636491642242933080e-05
2.981147817804987755e-04
1.835736300513231517e-04
3.550437799856336800e-04
3.564444317499681114e-04
2.373317356462775047e-04
1.461445419739269347e-04
3.202083428276398061e-04
3.214715683947918308e-04
4.004815158358446909e-04
5.834749380727698035e-04
1.088709398613962572e-03
7.043803048904740891e-05
3.863883069331266345e-04
5.629420698463855977e-04
1.725949625752447260e-04
1.116666141727856147e-05
5.107890410802510628e-04
2.886362388735790041e-04
5.337646097211135986e-04
1.039099236073448042e-03
4.928140375494671722e-04
2.784789390969582635e-04
8.461861627730068438e-05
1.647301786779688812e-04
5.917360724465071953e-05
4.647832412773238972e-05
4.229770154248090636e-07
5.355346896140566882e-07
4.383106438064782721e-05
3.442741641091040636e-05
5.928906901275929074e-06
7.506637952742079502e-06
9.672760975851197674e-04
5.956309292516734268e-04
1.047867713231958955e-05
1.052001563320494167e-05
7.164805879051394178e-04
4.411956414824661789e-04
1.468805606461989299e-04
1.474600061343690012e-04
1.321280031730162586e-04
1.925017146126029304e-04
1.626208069080906766e-04
1.052134699096798836e-05
2.223939897841751493e-04
3.240132547597185863e-04
2.619916380660280457e-05
1.695050581308877623e-06
1.685209763045766992e-04
9.522769061173815409e-05
7.972855900971954261e-05
1.552105239864488210e-04
2.836495775511210988e-04
1.602844631303908208e-04
1.284473750484211647e-05
2.500532385580799398e-05
1.733909374281996459e-04
1.361911258389229113e-04
1.362565890871629928e-04
1.725155918256638722e-04
1.380380130075846152e-04
1.084229238212385557e-04
1.228876523135050960e-04
1.555890706567528321e-04
3.130028808027876357e-04
1.927414491234330138e-04
3.727749603118942737e-04
3.742455617849905353e-04
2.491842790201083467e-04
1.534431213985356886e-04
3.361998125806931327e-04
3.375261246785395131e-04
1.532176073369823077e-04
2.232278655009079990e-04
4.165222177427299415e-04
2.694842600796831217e-05
1.478257785948542541e-04
2.153723295597644309e-04
6.603197940110298902e-05
4.272180054869044165e-06
8.522322905406195257e-05
4.815787011953776161e-05
8.905661620893618141e-05
1.733697966943561434e-04
8.222416736724146231e-05
4.646316288070778764e-05
1.411829764786430695e-05
2.748461031955348784e-05
3.834205008202761076e-06
3.011603169748158846e-06
2.740716117223135520e-08
3.470043292265487594e-08
2.840071687168097948e-06
2.230754192091737639e-06
3.841686453227861904e-07
4.863990919831996338e-07
6.921452937255747611e-06
4.262104124232819241e-06
7.498135309775465456e-08
7.527715539152474012e-08
5.126857452617199258e-06
3.157025048243296056e-06
1.051020376135100258e-06
1.055166663514771313e-06
1.352246560502701038e-04
1.970133319391043558e-04
1.664321124415124218e-04
1.076793332126697708e-05
2.276061853204032991e-04
3.316070770647920867e-04
2.681318743547067720e-05
1.734777082380929751e-06
7.521512727308649667e-05
4.250250043851347154e-05
3.558485029411132206e-05
6.927433944284683797e-05
1.265999019487367523e-04
7.153896540725936169e-05
5.732927659224874809e-06
1.116050154444937534e-05
1.770892356203567061e-04
1.390959800484256018e-04
1.391628395784795134e-04
1.761952195549502053e-04
1.409822599303298910e-04
1.107355031815209482e-04
1.255087534456081008e-04
1.589076684293009927e-04
6.506821343463237541e-04
4.006781572456434961e-04
7.749385762345008428e-04
7.779957177625051058e-04
5.180136301062117843e-04
3.189833188636646984e-04
6.989047866133604693e-04
7.016619739734981150e-04
5.282474718235279738e-04
7.696214399959163928e-04
1.436041276881485284e-03
9.290993480288248240e-05
5.096580945904644402e-04
7.425379534903393461e-04
2.276580791489530653e-04
1.472917083345391386e-05
6.912694760747157803e-04
3.906219702763116201e-04
7.223631527583400033e-04
1.406250970050229761e-03
6.669432469001672229e-04
3.768757252901835833e-04
1.145174657946252436e-04
2.229353708677612306e-04
3.915985715202327613e-06
3.075838398667122307e-06
2.799173529195657193e-08
3.544056703951472603e-08
2.900648278667290250e-06
2.278334500025512697e-06
3.923626733818883604e-07
4.967736185255293789e-07
1.438857610013119089e-05
8.860221993002757881e-06
1.558740505668464716e-07
1.564889754754006905e-07
1.065790366274675526e-05
6.562942140682873155e-06
2.184900598457917323e-06
2.193520056256190788e-06
4.662132761912650522e-04
6.792417419981566264e-04
5.738070457797663339e-04
3.712454235898158389e-05
7.847165482911166914e-04
1.143279830189497092e-03
9.244367354703490075e-05
5.980981062637517773e-06
6.100909599421169881e-04
3.447496831099739032e-04
2.886386856264641556e-04
5.619035662413254112e-04
1.026887256709060892e-03
5.802725816060398624e-04
4.650138164622547396e-05
9.052595332275624473e-05
1.018398160755662257e-03
7.999079659110540320e-04
8.002924591988441793e-04
1.013256886564113711e-03
8.107555137909260631e-04
6.368135949955519223e-04
7.217710507360182090e-04
9.138402833546815885e-04
1.216049725934206273e-03
7.488211794778633357e-04
1.448270658595089905e-03
1.453984102873080459e-03
9.681076207104890360e-04
5.961429659835790684e-04
1.306172291128133945e-03
1.311325155724628409e-03
4.345037264382301098e-05
6.330430365726329059e-05
1.181198811932162673e-04
7.642197085322123012e-06
4.192132534861316341e-05
6.107658342398141762e-05
1.872574674186711373e-05
1.211530571530881291e-06
2.187520124613849060e-04
1.236122019950706486e-04
2.285915968561560725e-04
4.450076856728061073e-04
2.110539847432418652e-04
1.192622070096451816e-04
3.623901672441913469e-05
7.054782934011240042e-05
9.240473092748078014e-04
7.257994289965480914e-04
6.605153736401906739e-06
8.362839651049388531e-06
6.844601671169854139e-04
5.376140306650135578e-04
9.258503451401678907e-05
1.172226762051679200e-04
1.103387182435682174e-03
6.794456458081937983e-04
1.195319316330554855e-05
1.200034864676252423e-05
8.173007677251577230e-04
5.032788641977195858e-04
1.675489845873308575e-04
1.682099672438477076e-04
2.875293763355733250e-05
4.189111817092384097e-05
3.538860655317931331e-05
2.289595139466245378e-06
4.839610351160049086e-05
7.050990465929276153e-05
5.701311643953198298e-06
3.688671778856691610e-07
1.447573999670062617e-04
8.179938901435934782e-05
6.848582982633475542e-05
1.333238887673404011e-04
2.436514210185291240e-04
1.376823387014327325e-04
1.103346803011097548e-05
2.147925882032417690e-05
9.470605053761833143e-05
7.438753050064812148e-05
7.442328649682725431e-05
9.422793717078814838e-05
7.539629942552331055e-05
5.922055128805456633e-05
6.712117935962717678e-05
8.498267906776433450e-05
1.548104015409806477e-03
9.532941376085701931e-04
1.843735148452777190e-03
1.851008704656889386e-03
1.232458889639048922e-03
7.589256423609627364e-04
1.662835429825091629e-03
1.669395334574519081e-03
1.532691833048608319e-04
2.233030082565010056e-04
4.166624270626401237e-04
2.695749736196163978e-05
1.478755395703775031e-04
2.154448279921859018e-04
6.605420702433598948e-05
4.273618152128954660e-06
1.954852248400223221e-04
1.104646253448399754e-04
2.042782564839427657e-04
3.976760099733610775e-04
1.886059707368329861e-04
1.065773022605370269e-04
3.238458130118889317e-05
6.304425785779620628e-05
8.593188258155798202e-05
6.749579884523512286e-05
6.142470083648367148e-07
7.777032060256285355e-07
6.365144957633163837e-05
4.999547673977903372e-05
8.609955610294300177e-06
1.090113584710711391e-05
1.404677860823604464e-03
8.649749349026895689e-04
1.521712964399249690e-05
1.527716139411871120e-05
1.040472748218267043e-03
6.407040879326103815e-04
2.132998760541773809e-04
2.141413464997085864e-04
1.014246599180186105e-04
1.477689851458081091e-04
1.248316756490216463e-04
8.076441138984301647e-06
1.707150205860206483e-04
2.487204330932186948e-04
2.011111358234636952e-05
1.301161938608657258e-06
1.293607887826976545e-04
7.309908500188642890e-05
6.120157566239471853e-05
1.191433627465731705e-04
2.177362954720521025e-04
1.230382414986962679e-04
9.859932049823703896e-06
1.919469308027193876e-05
2.729536115217696648e-05
2.143933253163437879e-05
2.144963781649765003e-05
2.715756344078228593e-05
2.173007121165805098e-05
1.706803658121502982e-05
1.934508746992189525e-05
2.449297488034086416e-05
4.927320193260805288e-05
3.034153653501400148e-05
5.868257776975811449e-05
5.891408120883323584e-05
3.922681883022398954e-05
2.415515757058937698e-05
5.292488430939046795e-05
5.313367358204902554e-05
8.556330373561557784e-05
1.246600439080027109e-04
2.326039261987037602e-04
1.504916047047553003e-05
8.255227459626566643e-05
1.202731746739739259e-04
3.687509815588120452e-05
2.385769142341695387e-06
4.759231761689681432e-05
2.689342654487304917e-05
4.973304592593066746e-05
9.681715326956808984e-05
4.591751254395966785e-05
2.594702911223310227e-05
7.884264810487368448e-06
1.534858885803370082e-05
1.742471598746124506e-04
1.368636517544933998e-04
1.245530686092756153e-06
1.576976679717581008e-06
1.290683268814847215e-04
1.013776210502032369e-04
1.745871574867883611e-05
2.210462407783203207e-05
3.145485215168311826e-04
1.936932264051144273e-04
3.407561096208422310e-06
3.421003963625153114e-06
2.329923278200714439e-04
1.434724140030425529e-04
4.776409063158873979e-05
4.795252051428566277e-05
7.454847633421553545e-07
1.086121728283585263e-06
9.175294475134147176e-07
5.936291840671897707e-08
1.254778145900506413e-06
1.828128320595100301e-06
1.478193642611286691e-07
9.563713604339828067e-09
4.146561211002983819e-07
2.343135298423395923e-07
1.961769730086041127e-07
3.819049428828749667e-07
6.979370530497687626e-07
3.943896790282637160e-07
3.160525856842374049e-08
6.152712157426845397e-08
1.037131792698271167e-05
8.146224282881461262e-06
8.150139944046346424e-06
1.031895943769520900e-05
8.256695189178896207e-06
6.485279047463122350e-06
7.350481693840781580e-06
9.306505528370944848e-06
3.810751828632128325e-05
2.346591276784782949e-05
4.538465773967945117e-05
4.556370073246013221e-05
3.033772227612670596e-05
1.868141449563565264e-05
4.093170156427023142e-05
4.109317759411512840e-05
1.097477511805331185e-04
1.598951756613280531e-04
2.983493706010856804e-04
1.930280209718203115e-05
1.058856553712854594e-04
1.542683588819600054e-04
4.729783587686372186e-05
3.060106222837710136e-06
1.436169115908041464e-04
8.115492280833067496e-05
1.500768783184865357e-04
2.921601896658278241e-04
1.385629376694658685e-04
7.829902750381288377e-05
2.379194414025015555e-05
4.631665444015325517e-05
6.620805208834021967e-05
5.200357808346806770e-05
4.732597111011519875e-07
5.991980255401084953e-07
4.904161717914639907e-05
3.852008158935739190e-05
6.633723972980913110e-06
8.399012663342199039e-06
2.432694256815778010e-04
1.498008628963232245e-04
2.635381742861423452e-06
2.645778353915933863e-06
1.801944879717700364e-04
1.109604699057602125e-04
3.694038312473095107e-05
3.708611335777696531e-05
9.561958543461201561e-07
1.393113776388942757e-06
1.176868927568062595e-06
7.614183317163163666e-08
1.609440890321049300e-06
2.344848355490087067e-06
1.896004724025425038e-07
1.226689497934936276e-08
1.251286645967091327e-06
7.070759985000016867e-07
5.919932543635039717e-07
1.152455084444724371e-06
2.106129078450428686e-06
1.190129636494491250e-06
9.537357819309702438e-08
1.856672593820307097e-07
5.404959149358146055e-04
4.245363007909750156e-04
4.247403634644746117e-04
5.377672791181350477e-04
4.302934354187428856e-04
3.379769916466558808e-04
3.830665838519185210e-04
4.850037628607790138e-04
6.453958133020921192e-04
3.974229374342998135e-04
7.686427616004467070e-04
7.716750660678623223e-04
5.138051445654490124e-04
3.163918104415659217e-04
6.932266914477386039e-04
6.959614786576409076e-04
3.129050513966060332e-04
4.558818528871305437e-04
8.506326930427068108e-04
5.503478857057997125e-05
3.018937160872989592e-04
4.398390695534547669e-04
1.348522553473827535e-04
8.724759137533486114e-06
1.575328484831105789e-03
8.901852864549340350e-04
1.646187616144098760e-03
3.204694097764647191e-03
1.519891635565315431e-03
8.588590786074847905e-04
2.609729376470345001e-04
5.080456351097613777e-04
1.753716391509752134e-03
1.377468818754090316e-03
1.253568541318592418e-05
1.587153474546982264e-05
1.299012509814671161e-03
1.020318471164412700e-03
1.757138308894094162e-04
2.224727312706301573e-04
2.094079132742485833e-03
1.289495628886026465e-03
2.268553846861220163e-05
2.277503317679220336e-05
1.551125942110018674e-03
9.551549847990172329e-04
3.179852348493037535e-04
3.192396902301077944e-04
1.032345264112765698e-04
1.504058402772357524e-04
1.270592272842652789e-04
8.220560727001977885e-06
1.737613349232264466e-04
2.531587105141918249e-04
2.046998518856338252e-05
1.324380447765048507e-06
5.197368637798126766e-04
2.936924669489643239e-04
2.458914737029682706e-04
4.786859934667224230e-04
8.748058851881022717e-04
4.943345689468207817e-04
3.961455560746282616e-05
7.711911527931986760e-05
3.643226277716985563e-05
2.861597588707243868e-05
2.862973078278673833e-05
3.624833839516096201e-05
2.900403699134051792e-05
2.278142393318650946e-05
2.582069921047076933e-05
3.269180034146680196e-05
5.955367368360353544e-04
3.667206300773309799e-04
7.092624287320966996e-04
7.120604771086094928e-04
4.741119059922525077e-04
2.919494401241489378e-04
6.396725129036239616e-04
6.421960282679291645e-04
8.000323019193194066e-04
1.165593864786330577e-03
2.174888607471576335e-03
1.407123611116036497e-04
7.718786371082498763e-04
1.124575847268404578e-03
3.447888098419770678e-04
2.230737121480755533e-05
1.020390994769650259e-03
5.766016794093842658e-04
1.066288736215447635e-03
2.075783577734952642e-03
9.844827620969706650e-04
5.563106856924473391e-04
1.690405766275249926e-04
3.290775200155205468e-04
1.182096934436603961e-04
9.284863138728126017e-05
8.449710209546346886e-07
1.069824782288327490e-06
8.756026419555666229e-05
6.877482258543327022e-05
1.184403486436408003e-05
1.499583027814152014e-05
1.932304219652817992e-03
1.189877596295565868e-03
2.093300153876573856e-05
2.101558246875492102e-05
1.431296055764058606e-03
8.813659324957934206e-04
2.934197669416161759e-04
2.945773112711464132e-04
2.639489373333273980e-04
3.845560500926178613e-04
3.248636787121656757e-04
2.101824209016997727e-05
4.442711299888923602e-04
6.472734940507013585e-04
5.233744005590815977e-05
3.386161819738212470e-06
3.366503053536795405e-04
1.902340695239416795e-04
1.592718267162210885e-04
3.100603345645556075e-04
5.666399458987336551e-04
3.201964208821831315e-04
2.565962349623251439e-05
4.995253467028954093e-05
4.097159819083738943e-04
3.218142867092324381e-04
3.219689737962821681e-04
4.076475745949834323e-04
3.261784086235944811e-04
2.561991148654511668e-04
2.903787007489470320e-04
3.676508692084343600e-04
7.396135262338514923e-04
4.554404817999846639e-04
8.808526048732413403e-04
8.843275784530747925e-04
5.888126742329359477e-04
3.625800753105695089e-04
7.944269658611776991e-04
7.975609893086899830e-04
3.620471944314765053e-04
5.274786875230321652e-04
9.842256576978473861e-04
6.367807329787353093e-05
3.493065146697238508e-04
5.089163643169826055e-04
1.560309764683030884e-04
1.009499384473231252e-05
2.013791464028871390e-04
1.137951575514890303e-04
2.104372898415810249e-04
4.096660271837877635e-04
1.942924813092845448e-04
1.097906308403281267e-04
3.336098339086920287e-05
6.494505578821246493e-05
9.060075994019675552e-06
7.116300125678085748e-06
6.476204649191522049e-08
8.199576147651046304e-08
6.710977962617566735e-06
5.271184629171063034e-06
9.077754355069093592e-07
1.149341969811780114e-06
1.635512171790778153e-05
1.007118481598206006e-05
1.771779953723733738e-07
1.778769645863379381e-07
1.211456300115540848e-05
7.459926318732538976e-06
2.483519910561753982e-06
2.493317424954567606e-06
3.195305565194315025e-04
4.655347732801554898e-04
3.932725515040037725e-04
2.544420394332143446e-05
5.378244854670351759e-04
7.835745120394659383e-04
6.335850985733499350e-05
4.099210179275784866e-06
1.777303945762278051e-04
1.004317408915196178e-04
8.408560502391702603e-05
1.636925460284402944e-04
2.991506009817245979e-04
1.690437683265993518e-04
1.354668311936229092e-05
2.637182725174149300e-05
1.556782738446652286e-04
1.222785902080075727e-04
1.223373660912078901e-04
1.548923487297686479e-04
1.239368095513464782e-04
9.734703483376461782e-05
1.103341262971825148e-04
1.396949477764319566e-04
5.720114559292499568e-04
3.522341923762461612e-04
6.812446813111756741e-04
6.839321993543324638e-04
4.553832280118208639e-04
2.804166627744448300e-04
6.144037517616052430e-04
6.168275815748001673e-04
4.643797478046261720e-04
6.765704130614989950e-04
1.262416805693750144e-03
8.167666556617326904e-05
4.480379179392879828e-04
6.527614536173325733e-04
2.001330948464895927e-04
1.294834145329445882e-05
6.076915879151677680e-04
3.433938479964162476e-04
6.350258857714645303e-04
1.236228293848032518e-03
5.863065197952615007e-04
3.313095918089086910e-04
1.006717395188948911e-04
1.959813852831594544e-04
3.442523733345352783e-06
2.703954369966195907e-06
2.460739647389200165e-08
3.115562773457228498e-08
2.549945599299400587e-06
2.002872624991715628e-06
3.449240915134936714e-07
4.367112385612026736e-07
1.264892630263032131e-05
7.788977466186830569e-06
1.370281092716698032e-07
1.375686867267164484e-07
9.369310558074492093e-06
5.769450075408619537e-06
1.920735342826251176e-06
1.928312665676008015e-06
4.098457923016705505e-04
5.971180661946519710e-04
5.044309446250287449e-04
3.263600213459302987e-05
6.898404483330553005e-04
1.005051661450976101e-03
8.126677759519228771e-05
5.257850961224702991e-06
5.363279546569216195e-04
3.030677465349374011e-04
2.537408453185259179e-04
4.939666544563001138e-04
9.027315240112402566e-04
5.101147652897299045e-04
4.087913531681772758e-05
7.958091920189769687e-05
2.806784323901202402e-03
2.204608399544736533e-03
2.205668092869411852e-03
2.792614573442296372e-03
2.234505082900292011e-03
1.755107662757771948e-03
1.989257000570728278e-03
2.518614703669663953e-03
3.351527368533207835e-03
2.063809253547878222e-03
3.991546271346865446e-03
4.007292966944828866e-03
2.668179694711201016e-03
1.643016254551277157e-03
3.599912148635702955e-03
3.614113843149657692e-03
1.197525972688870323e-04
1.744715711277861677e-04
3.255475546304874030e-04
2.106248794020745724e-05
1.155384243215261755e-04
1.683318013699799758e-04
5.160961049793843706e-05
3.339072228465859211e-06
6.028975140163928426e-04
3.406848167766038772e-04
6.300161718235260631e-04
1.226475699087265165e-03
5.816811525215839209e-04
3.286958931859707109e-04
9.987754100048593868e-05
1.944352897595154448e-04
2.546746058821568615e-03
2.000359523521093828e-03
1.820431603149598327e-05
2.304863474856223772e-05
1.886425311268484029e-03
1.481705968970163049e-03
2.551715365520403197e-04
3.230747880910119006e-04
3.041020659892005370e-03
1.872604901586143785e-03
3.294392751694931904e-05
3.307389168700910841e-05
2.252544310430831635e-03
1.387075586951964663e-03
4.617779975921560928e-04
4.635997170631589361e-04
7.924532636242680693e-05
1.154551709967707913e-04
9.753374460581163633e-05
6.310301798626371041e-06
1.333834151600071685e-04
1.943307663975187081e-04
1.571325711748076590e-05
1.016626553727224168e-06
3.989626225312588488e-04
2.254454609578629247e-04
1.887522591589215479e-04
3.674509788156429726e-04
6.715222153421953818e-04
3.794632049006168954e-04
3.040909371065788223e-05
5.919850336450772075e-05
1.891920016811838114e-04
1.486021823911617013e-04
1.486736112856286332e-04
1.882368860957735700e-04
1.506173758349544376e-04
1.183034724312558543e-04
1.340863673034862677e-04
1.697678561167915566e-04
3.092610195688824497e-03
1.904372794148605913e-03
3.683185407115887287e-03
3.697715615584985186e-03
2.462053511860496768e-03
1.516087521234095979e-03
3.321806385644177680e-03
3.334910949748971266e-03
3.061821649290384748e-04
4.460870543503056822e-04
8.323565195025137316e-04
5.385234477916403230e-05
2.954074124323460599e-04
4.303889564427510351e-04
1.319549023051438410e-04
8.537304301388428789e-06
3.905161367899038800e-04
2.206725279463636190e-04
4.080817648370633371e-04
7.944278102650004962e-04
3.767736161540240756e-04
2.129069160205594106e-04
6.469389996941416279e-05
1.259419991744185430e-04
1.716640571700294815e-04
1.348347356489996605e-04
1.227066490256207417e-06
1.553599009003326239e-06
1.271549714816981559e-04
9.987476265464942089e-05
1.719990145350518775e-05
2.177693716299034473e-05
2.806091212735143010e-03
1.727939644925741451e-03
3.039889427176001947e-05
3.051881825661980458e-05
2.078527409945635750e-03
1.279919162431331428e-03
4.261040374923977074e-04
4.277850227836423481e-04
2.026136062141171328e-04
2.951945512185393796e-04
2.493732391456203522e-04
1.613411241278361216e-05
3.410332948989847610e-04
4.968628332487147513e-04
4.017548839892144457e-05
2.599299942076669865e-06
2.584209396329334007e-04
1.460282857754326743e-04
1.222609172263141729e-04
2.380098331320239452e-04
4.349665659707825107e-04
2.457905388338944039e-04
1.969694935389200026e-05
3.834477718052608185e-05
3.203804648807892251e-07
2.516450793570476772e-07
2.517660380773523837e-07
3.187630583702100488e-07
2.550576370054149890e-07
2.003368068297517151e-07
2.270637886862616200e-07
2.874873365744511406e-07
5.783463077598782181e-07
3.561350782680499264e-07
6.887892576859601764e-07
6.915065391690252870e-07
4.604264579081900625e-07
2.835221915031125242e-07
6.212080852959202547e-07
6.236587582825695115e-07
1.004302924395134390e-06
1.463202578512874910e-06
2.730198497582213261e-06
1.766401624333153520e-07
9.689608415387740425e-07
1.411711513905463519e-06
4.328230362602733546e-07
2.800306699223549468e-08
5.586168564631533662e-07
3.156627402966820733e-07
5.837437462305388574e-07
1.136395462950851752e-06
5.389587605375929173e-07
3.045543600946128366e-07
9.254189424878626396e-08
1.801547158942333944e-07
2.045233465626195020e-06
1.606442945741710137e-06
1.461946951384665192e-08
1.850983099059623430e-08
1.514944987799794684e-06
1.189924147898008726e-06
2.049224202090167635e-07
2.594539672359707277e-07
3.692026677693907677e-06
2.273482500339850334e-06
3.999639360059813365e-08
4.015417982985121239e-08
2.734757378167103748e-06
1.684013574306481293e-06
5.606330495442470515e-07
5.628447533234826890e-07
8.750159183076280119e-09
1.274840007738341750e-08
1.076954099626252908e-08
6.967747849091244688e-10
1.472801196747662328e-08
2.145773407974423169e-08
1.735036088232376648e-09
1.122544960465103472e-10
4.867043894496446211e-09
2.750265043214501705e-09
2.302635581958212353e-09
4.482625544279642489e-09
8.192065906985772874e-09
4.629165666898779938e-09
3.709680694963642050e-10
7.221772118288603126e-10
1.245667812660299360e-06
9.784185052795243920e-07
9.788888035687798695e-07
1.239379191938791975e-06
9.916868336808852718e-07
7.789273670347605697e-07
8.828442554773760820e-07
1.117776397045565026e-06
4.576979443098052155e-06
2.818420227341962220e-06
5.451014782589938577e-06
5.472519098122397261e-06
3.643772605840143390e-06
2.243768525467328065e-06
4.916183605111234240e-06
4.935578005544246155e-06
1.318147241458769688e-05
1.920452879019266456e-05
3.583384585273748931e-05
2.318401521956492917e-06
1.271760769914263874e-05
1.852870874503136225e-05
5.680800856274518748e-06
3.675401575717962165e-07
1.724939543670810126e-05
9.747273769157227815e-06
1.802528261712081482e-05
3.509048193967841616e-05
1.664237782485217541e-05
9.404260770981739666e-06
2.857578875199284080e-06
5.562954104039664321e-06
7.952050067890989601e-06
6.245993403905678859e-06
5.684180094545854248e-08
7.196787323268034982e-08
5.890241185446292930e-06
4.626531180967340116e-06
7.967566407077992430e-07
1.008780157595208250e-06
2.921835927789925765e-05
1.799213123466322561e-05
3.165277773053603262e-07
3.177764829995188634e-07
2.164261815764617497e-05
1.332712841438070298e-05
4.436798348076880060e-06
4.454301568199428441e-06
1.148458090614815855e-07
1.673227069923796860e-07
1.413501883861422289e-07
9.145166645802109196e-09
1.933051062137792411e-07
2.816326856979499739e-07
2.277234266655493923e-08
1.473339872968797997e-09
1.502882767905208653e-07
8.492477220706862027e-08
7.110252982931887798e-08
1.384179150939543753e-07
2.529608310924523824e-07
1.429428922641839549e-07
1.145503371604232739e-08
2.229993627669380148e-08
2.040221672385991551e-04
1.602506397649985654e-04
1.603276677456907571e-04
2.029921831485362782e-04
1.624237978803213557e-04
1.275769092921289101e-04
1.445969756190219945e-04
1.830754240380938003e-04
2.436189597700251714e-04
1.500160995949523430e-04
2.901412530982918898e-04
2.912858636532909872e-04
1.939471441611787677e-04
1.194291040488213687e-04
2.616737852562807084e-04
2.627060913257297766e-04
1.181129495371337727e-04
1.720827134129696197e-04
3.210901706429888924e-04
2.077410120485592552e-05
1.139564768757954757e-04
1.660270091350483099e-04
5.090297379260162394e-05
3.293353786190480301e-06
5.946426655715024694e-04
3.360201740063408827e-04
6.213900158097332817e-04
1.209682843283532315e-03
5.737167976425484135e-04
3.241954022739543771e-04
9.851002173752724156e-05
1.917730896144017368e-04
6.619791362533511978e-04
5.199561475671397349e-04
4.731872406701174322e-06
5.991062701293534422e-06
4.903410741853876913e-04
3.851418299530683792e-04
6.632708148425367446e-05
8.397726519489893103e-05
7.904565996247796614e-04
4.867487164658213048e-04
8.563159490096243940e-06
8.596941252020268593e-06
5.855068791905316443e-04
3.605444271869998811e-04
1.200305774217258996e-04
1.205040994196232606e-04
3.896816096154999377e-05
5.677401928624804979e-05
4.796132255925738408e-05
3.103032916795730865e-06
6.559006859009963784e-05
9.556036844527888443e-05
7.726849780185067405e-06
4.999167648353807451e-07
1.961862030996890257e-04
1.108607335463284354e-04
9.281718877806891736e-05
1.806906418995605568e-04
3.302148779983891144e-04
1.865975436825751592e-04
1.495339236780051284e-05
2.911031998582016989e-05
1.495078828138307766e-05
1.174320133694474523e-05
1.174884596393140001e-05
1.487531082580976127e-05
1.190245083087920888e-05
9.348863342820986451e-06
1.059609746268447840e-05
1.341580643595933606e-05
2.443917283062861006e-04
1.504919563255163284e-04
2.910615921050642625e-04
2.922098334079494030e-04
1.945623518233693592e-04
1.198079376749475210e-04
2.625038243804984125e-04
2.635394049637661057e-04
3.283110257910929158e-04
4.783273331411016897e-04
8.925138497374863729e-04
5.774444295212489135e-05
3.167575440732598368e-04
4.614946785408810450e-04
1.414917467319028654e-04
9.154325279949437189e-06
4.187401101144562010e-04
2.366213068967464972e-04
4.375752678192306030e-04
8.518438994169441570e-04
4.040043692264568258e-04
2.282944469117855531e-04
6.936955542889735303e-05
1.350442699649644085e-04
4.850997343461338539e-05
3.810249828778976852e-05
3.467526273474635079e-07
4.390263628695762721e-07
3.593229934293497551e-05
2.822327610704535977e-05
4.860462791934849625e-06
6.153872049159173798e-06
7.929639577961075528e-04
4.882927017677256157e-04
8.590322155231902955e-06
8.624211074179907776e-06
5.873641291124173137e-04
3.616880877194860637e-04
1.204113189440946826e-04
1.208863429716433487e-04
1.083173093942308432e-04
1.578111170976326130e-04
1.333150265862828782e-04
8.625302508904351265e-06
1.823165265528624496e-04
2.656230558308147853e-04
2.147783107108578766e-05
1.389586717768552162e-06
1.381519306387923602e-04
7.806677599889940984e-05
6.536073191466849148e-05
1.272401454963809021e-04
2.325332882758821061e-04
1.313997136643958968e-04
1.052999646545633240e-05
2.049913217144297100e-05
7.205832612888239739e-05
5.659871679063145715e-05
5.662592220379263351e-05
7.169454737643678795e-05
5.736625170275903076e-05
4.505872406274412319e-05
5.107001933873333682e-05
6.466017291195883389e-05
1.300786765369826284e-04
8.010006985077258170e-05
1.549189367175484540e-04
1.555300936910660240e-04
1.035567504862058098e-04
6.376835287915764712e-05
1.397189270600754276e-04
1.402701198220089606e-04
6.367463306868143490e-05
9.276970625976127809e-05
1.730995532477561105e-04
1.119930775359209142e-05
6.143388069895490498e-05
8.950507905859348432e-05
2.744176816386757796e-05
1.775445408169258516e-06
3.541732528827822994e-05
2.001359218778660714e-05
3.701041582623427171e-05
7.204954039926761238e-05
3.417096623217682892e-05
1.930930066759596129e-05
5.867324506021057543e-06
1.142213683890915635e-05
1.593430423896737258e-06
1.251571083213919694e-06
1.138995028983733389e-08
1.442091005125051263e-08
1.180285514911118106e-06
9.270635217234549747e-07
1.596539585272355667e-07
2.021391943476361620e-07
2.876438183195214221e-06
1.771258022677224088e-06
3.116097574211605054e-08
3.128390614707440754e-08
2.130634806043203582e-06
1.312005943895243264e-06
4.367862020643673796e-07
4.385093286167693944e-07
5.619706837545233798e-05
8.187539173138405006e-05
6.916635675722957431e-05
4.474970044609280648e-06
9.458926154984315625e-05
1.378102642514119139e-04
1.114310490177767702e-05
7.209438660246022214e-07
3.125812831546521177e-05
1.766331668377768170e-05
1.478845887664888765e-05
2.878923788045517664e-05
5.261276718273825298e-05
2.973037793497012186e-05
2.382507281343820097e-06
4.638114724910851112e-06
2.801691967277924566e-04
2.200608572379694696e-04
2.201666343099816750e-04
2.787547925036777891e-04
2.230451014099296106e-04
1.751923366032548033e-04
1.985647886049176736e-04
2.514045173991698344e-04
1.029430672430884210e-03
6.339045796241488291e-04
1.226014204965271632e-03
1.230850844996969010e-03
8.195385909962224187e-04
5.046568748378804431e-04
1.105722727689980277e-03
1.110084816470880385e-03
8.357293391426910429e-04
1.217602074303360043e-03
2.271931038622599080e-03
1.469908755920052053e-04
8.063194720278847724e-04
1.174753853561572503e-03
3.601731123877664471e-04
2.330271485118345746e-05
1.093643061679307107e-03
6.179948953597577633e-04
1.142835720901352317e-03
2.224800413737639069e-03
1.055157040417910698e-03
5.962472470495960028e-04
1.811757009994935050e-04
3.527014138348527486e-04
6.195399558772662919e-06
4.866219961932045388e-06
4.428514225775433750e-08
5.606978405127252800e-08
4.589055316531337774e-06
3.604505629680343587e-06
6.207488255414689044e-07
7.859352104056251232e-07
2.276386700698521009e-05
1.401757294797511329e-05
2.466050936695138966e-07
2.475779535786665821e-07
1.686164773106461600e-05
1.038309427043872868e-05
3.456685797166889120e-06
3.470322462089586439e-06
7.375863283658803124e-04
1.074614233739085590e-03
9.078081935906487940e-04
5.873396638235388171e-05
1.241483731202325073e-03
1.808759242407945124e-03
1.462532133560229502e-04
9.462385751981125789e-06
9.652122195857635407e-04
5.454213038456383550e-04
4.566492616744707725e-04
8.889759461710469669e-04
1.624616972535580664e-03
9.180371833568317990e-04
7.356886880739284761e-05
1.432192280722611219e-04
1.688138038839272995e-03
1.325959842487363979e-03
1.326597194134106249e-03
1.679615654505413596e-03
1.343941177204773614e-03
1.055608007544215233e-03
1.196436927160553134e-03
1.514818666414329126e-03
2.015773278642179426e-03
1.241276316158196986e-03
2.400712102126196113e-03
2.410182938769604450e-03
1.604774402772774769e-03
9.881907256358438488e-04
2.165164092887908974e-03
2.173705689946446497e-03
7.202509753881758783e-05
1.049357777185715607e-04
1.958002992046697097e-04
1.266801541596084051e-05
6.949048681219100918e-05
1.012430184318652933e-04
3.104055623702254137e-05
2.008282145266623346e-06
3.626121958377204473e-04
2.049045926180031476e-04
3.789226894572860372e-04
7.376627636509779963e-04
3.498516333035209887e-04
1.976938647449206414e-04
6.007126188958448283e-05
1.169429392706441246e-04
1.531738245988587292e-03
1.203114530124199015e-03
1.094897035804511886e-05
1.386258172066453697e-05
1.134588895293273938e-03
8.911707918893811567e-04
1.534727031266289524e-04
1.943130558775246070e-04
1.829019283435511043e-03
1.126276621671668194e-03
1.981409712051804227e-05
1.989226395980662389e-05
1.354790855224655664e-03
8.342554292965141368e-04
2.777359829881209511e-04
2.788316546109478595e-04
4.766203398439466992e-05
6.944041417098997023e-05
5.866158754608357632e-05
3.795325637279720389e-06
8.022334133922037844e-05
1.168800737836768737e-04
9.450725097827266459e-06
6.114491740696407798e-07
2.399557292075711189e-04
1.355939803018577159e-04
1.135248853606751198e-04
2.210030779583495449e-04
4.038864639478729058e-04
2.282278210967879828e-04
1.828952348865856350e-05
3.560488938212334753e-05
1.237071184471773592e-04
9.716662234776065818e-05
9.721332761346883008e-05
1.230825962908221644e-04
9.848429842196038890e-05
7.735518175566341071e-05
8.767515526431377904e-05
1.110062375710463728e-04
2.022167387571306707e-03
1.245213691487433725e-03
2.408327251533677171e-03
2.417828130028413722e-03
1.609864807753693923e-03
9.913253039187373307e-04
2.172032075118869848e-03
2.180600766445695525e-03
2.002035657253517444e-04
2.916832824849491614e-04
5.442535922945335907e-04
3.521247375711254778e-05
1.931582700918001042e-04
2.814187552322708948e-04
8.628145262005349370e-05
5.582293675454529669e-06
2.553470842325118143e-04
1.442913141682451619e-04
2.668327348420487517e-04
5.194531182549366743e-04
2.463612517820977835e-04
1.392136075750291708e-04
4.230144971885518705e-05
8.234979106357017938e-05
1.122461080000714467e-04
8.816449144521932256e-05
8.023429019398333591e-07
1.015852969038628995e-06
8.314291819133665432e-05
6.530518723736954232e-05
1.124651268278304286e-05
1.423930251331927413e-05
1.834821001642450650e-03
1.129849213629107070e-03
1.987694818450587062e-05
1.995536297195923942e-05
1.359088302956638124e-03
8.369017190088327536e-04
2.786169720098429252e-04
2.797161191444156908e-04
1.324831132405760944e-04
1.930190863675665576e-04
1.630578700918288348e-04
1.054962438978624481e-05
2.229917006618136095e-04
3.248840797629341066e-04
2.626957724361805342e-05
1.699606235765092103e-06
1.689738969106832254e-04
9.548362660437113977e-05
7.994283920238480392e-05
1.556276711341784025e-04
2.844119202659776643e-04
1.607152471062637774e-04
1.287925929805471921e-05
2.507252870285441845e-05
5.477453997573393616e-07
4.302304594029526106e-07
4.304372590985336931e-07
5.449801656909088038e-07
4.360648124868570023e-07
3.425101601744105549e-07
3.882045234894411980e-07
4.915089506338617947e-07
9.887822893945462352e-07
6.088740488160810849e-07
1.177603470424266995e-06
1.182249129555664313e-06
7.871780644915960091e-07
4.847298544957613694e-07
1.062061855548884948e-06
1.066251701690865150e-06
1.717028243294940997e-06
2.501595974622616135e-06
4.667742984989744736e-06
3.019966789212287429e-07
1.656604885991875564e-06
2.413563160955864236e-06
7.399852769075140250e-07
4.787604990148488090e-08
9.550514057355235811e-07
5.396796397578078067e-07
9.980101369597143141e-07
1.942863112356277391e-06
9.214425163320425723e-07
5.206879569886884968e-07
1.582162535361322667e-07
3.080054113548226769e-07
3.496677684899891890e-06
2.746489970385873187e-06
2.499449264511738219e-08
3.164573339125854256e-08
2.590058505163663411e-06
2.034379587762400506e-06
3.503500533916600848e-07
4.435810936699093052e-07
6.312153361912025794e-06
3.886908589927067958e-06
6.838070045801087694e-08
6.865046310178065154e-08
4.675537173906182548e-06
2.879110275336265511e-06
9.584984338981254917e-07
9.622797211596725979e-07
1.495989913572867910e-08
2.179557826427134130e-08
1.841237898320619679e-08
1.191256099971304977e-09
2.518006460149839986e-08
3.668567974570335067e-08
2.966342021183700231e-09
1.919183300843053693e-10
8.321046992111184081e-09
4.702050189279482807e-09
3.936750787238161478e-09
7.663817834921750454e-09
1.400574288051560739e-08
7.914353328945631151e-09
6.342335934842405164e-10
1.234685909254884785e-09
1.250228102161282686e-06
9.820004165979725497e-07
9.824724366113736422e-07
1.243916459305976839e-06
9.953173192806059852e-07
7.817789573687286669e-07
8.860762771675401508e-07
1.121868486377959482e-06
4.593735396080413735e-06
2.828738236719324430e-06
5.470970508530760973e-06
5.492553549629820343e-06
3.657112163778063151e-06
2.251982781262758834e-06
4.934181357201671075e-06
4.953646758972094704e-06
1.322972872309050023e-05
1.927483502281998197e-05
3.596503067533726901e-05
2.326889003139026624e-06
1.276416583629492911e-05
1.859654085492292024e-05
5.701597810517659174e-06
3.688856924766316925e-07
1.731254408364981041e-05
9.782957753106183768e-06
1.809127172451821162e-05
3.521894536688395815e-05
1.670330422922316926e-05
9.438689011980303412e-06
2.868040241231511547e-06
5.583319630817567879e-06
7.981161882507482351e-06
6.268859482529169865e-06
5.704989419908046038e-08
7.223134181826594771e-08
5.911804883860306710e-06
4.643468538869749205e-06
7.996735025762125435e-07
1.012473220476601610e-06
2.932532533714614722e-05
1.805799897752038882e-05
3.176865599960141242e-07
3.189398371011129833e-07
2.172185003901535677e-05
1.337591795776351289e-05
4.453041109364502328e-06
4.470608407365717195e-06
1.152662503155399709e-07
1.679352619417958916e-07
1.418676600374990429e-07
9.178646364083125071e-09
1.940127806333908307e-07
2.826637202696623745e-07
2.285571037833140496e-08
1.478733651539451410e-09
1.508384700634007616e-07
8.523567495588591069e-08
7.136283046242389369e-08
1.389246519290363637e-07
2.538869003144926761e-07
1.434661946761170622e-07
1.149696967156574974e-08
2.238157454673790477e-08
3.533758397896533673e-06
2.775615276038100903e-06
2.776949436327289944e-06
3.515918596578754097e-06
2.813255380757691885e-06
2.209691136461237631e-06
2.504486565455365530e-06
3.170951107418130185e-06
4.219593177673448299e-06
2.598348301747926652e-06
5.025380837726624710e-06
5.045206022488625806e-06
3.359254333506319459e-06
2.068567377250840881e-06
4.532311114396458935e-06
4.550191133472273374e-06
2.045770971734933440e-06
2.980552269816576888e-06
5.561430418807091782e-06
3.598170511813066065e-07
1.973778940812850406e-06
2.875664667959783301e-06
8.816630739303397478e-07
5.704241238445764814e-08
1.029948628451450818e-05
5.820024989583160252e-06
1.076276277454066490e-05
2.095226692325715041e-05
9.937040563404524909e-06
5.615214468363361472e-06
1.706239186180439746e-06
3.321598702178897006e-06
1.146578513319999861e-05
9.005881213165008761e-06
8.195822091920039497e-08
1.037679798208484157e-07
8.492934430550451341e-06
6.670834813680998093e-06
1.148815760440593198e-06
1.454525114262755390e-06
1.369107428326709498e-05
8.430713131602478343e-06
1.483178870718811801e-07
1.489030028292055249e-07
1.014125023456906331e-05
6.244796409288472222e-06
2.078985174548949057e-06
2.087186794791036295e-06
6.749465899331392528e-07
9.833523001473256643e-07
8.307123125978413874e-07
5.374596680885439239e-08
1.136050355880268643e-06
1.655149825482805652e-06
1.338326156886747489e-07
8.658789826109008890e-09
3.398035870995295695e-06
1.920159233031574510e-06
1.607636683567174584e-06
3.129645576635585375e-06
5.719474574900115156e-06
3.231955850385725117e-06
2.589996791621171596e-07
5.042042200985182270e-07
6.741602062860677833e-06
5.295238543128593455e-06
5.297783815539727453e-06
6.707567805896037139e-06
5.367047246229216534e-06
4.215584838148351236e-06
4.777987031068983106e-06
6.049448807741137487e-06
1.102009973445579690e-04
6.785975857014707436e-05
1.312453492635167027e-04
1.317631136643297035e-04
8.773195952756221373e-05
5.402373604489239480e-05
1.183680947549792560e-04
1.188350582397815376e-04
1.480418454918006369e-04
2.156871246609871505e-04
4.024519040253134975e-04
2.603809567750585579e-05
1.428321552255586071e-04
2.080969523676924745e-04
6.380138850827970023e-05
4.127863830982939578e-06
1.888180835030174825e-04
1.066971627628670661e-04
1.973112235065401887e-04
3.841130301266829409e-04
1.821734505045006667e-04
1.029424191737503345e-04
3.128008565016745840e-05
6.089409547100464054e-05
2.187409324653032710e-05
1.718115969690837703e-05
1.563575233513885408e-07
1.979655505694817136e-07
1.620257466125046169e-05
1.272642571367760881e-05
2.191677480000693044e-06
2.774900943039389605e-06
3.575629159506678680e-04
2.201807037570186127e-04
3.873543820727007090e-06
3.888824995310456287e-06
2.648539428121929611e-04
1.630922137609356996e-04
5.429581242857305936e-05
5.451001002830886997e-05
4.884238761945147386e-05
7.116011092823315489e-05
6.011434590131645416e-05
3.889317144516993876e-06
8.221007804871865239e-05
1.197746170589689260e-04
9.684772971797467442e-06
6.265917560144626824e-07
6.229540028617865989e-05
3.520183205125127331e-05
2.947242893237266782e-05
5.737506352258639350e-05
1.048537954267280179e-04
5.925069394516538617e-05
4.748180802067312168e-06
9.243458547663226980e-06
1.231960777196441470e-04
9.676522183015225543e-05
9.681173415390793271e-05
1.225741354977434193e-04
9.807745451396291422e-05
7.703562335951699626e-05
8.731296450524283776e-05
1.105476648622070481e-04
2.223918262499765923e-04
1.369448190211208435e-04
2.648605149939769424e-04
2.659053927486128570e-04
1.770480410337874413e-04
1.090229454303901044e-04
2.388734893204673795e-04
2.398158479622184477e-04
1.088627153268674713e-04
1.586057372740607352e-04
2.959433997537543048e-04
1.914713902665481399e-05
1.050317645135282266e-04
1.530242966827072683e-04
4.691641320440313718e-05
3.035428690094632085e-06
6.055199715620031997e-05
3.421667128661711257e-05
6.327565889346342394e-05
1.231810570067495662e-04
5.842113240550628612e-05
3.301256403739368352e-05
1.003119840110215663e-05
1.952810359782482764e-05
2.724242830621974007e-06
2.139775605715596045e-06
1.947307516719090593e-08
2.465502116000109738e-08
2.017900690147706398e-06
1.584974225865509341e-06
2.729558475697999107e-07
3.455916510258224543e-07
4.917764830379994501e-06
3.028269635808578866e-06
5.327503698156213834e-08
5.348520761050888515e-08
3.642685935945824293e-06
2.243099374021780838e-06
7.467609891485079959e-07
7.497069697738532954e-07
9.607853491927568742e-05
1.399800365196512335e-04
1.182517596565831790e-04
7.650729444127248860e-06
1.617165793789853616e-04
2.356103026167388260e-04
1.905105060395387268e-05
1.232577292892011945e-06
5.344113598246842120e-05
3.019847187498237107e-05
2.528340896876803565e-05
4.922014398539135179e-05
8.995055676560016734e-05
5.082918446037707139e-05
4.073305167748054853e-06
7.929653279771590370e-06
2.811948735842957950e-04
2.208664823064189335e-04
2.209726466197694996e-04
2.797752913402725555e-04
2.238616515558575562e-04
1.758337016326347725e-04
1.992917182980002489e-04
2.523248890821684067e-04
1.033199335183316702e-03
6.362252532176260406e-04
1.230502544191938762e-03
1.235356890773112995e-03
8.225388557491418407e-04
5.065043829973850690e-04
1.109770689510005889e-03
1.114148747546487303e-03
8.387888769201158742e-04
1.222059617397424150e-03
2.280248395109689234e-03
1.475289973447629162e-04
8.092713426513011834e-04
1.179054532771702749e-03
3.614916771337325203e-04
2.338802421279674259e-05
1.097646800815303691e-03
6.202573248809572408e-04
1.147019550399399008e-03
2.232945228804252957e-03
1.059019885330817574e-03
5.984300601824999897e-04
1.818389706438594804e-04
3.539926252943975541e-04
6.218080417405375809e-06
4.884034801150281947e-06
4.444726659558747104e-08
5.627505101324480840e-08
4.605855478313408000e-06
3.617701434382210504e-06
6.230213369791843860e-07
7.888124558895649521e-07
2.284720369005486404e-05
1.406889015316756287e-05
2.475078950489188640e-07
2.484843165198175006e-07
1.692337686489608502e-05
1.042110594201598416e-05
3.469340445371496834e-06
3.483027033025794336e-06
7.402865724880532128e-04
1.078548309869110976e-03
9.111316062469468780e-04
5.894898670119197578e-05
1.246028703118194896e-03
1.815380964265993127e-03
1.467886345867668062e-04
9.497026783852105977e-06
9.687457837562927446e-04
5.474180472954253166e-04
4.583210178300693759e-04
8.922304154868213131e-04
1.630564564379630632e-03
9.213980435205329110e-04
7.383819850878820380e-05
1.437435421273237143e-04
2.923933243283503605e-05
2.296623838518273828e-05
2.297727761079518870e-05
2.909172079034788903e-05
2.327768342776345540e-05
1.828361943231267790e-05
2.072284152320897488e-05
2.623736065636363986e-05
3.491412647982878535e-05
2.149948050107880799e-05
4.158144512747474970e-05
4.174548440309233910e-05
2.779543565918364241e-05
1.711592089576858836e-05
3.750164454982394022e-05
3.764958896559790871e-05
1.247508036660836525e-06
1.817536254867558857e-06
3.391351836861834881e-06
2.194158922372485712e-07
1.203607405362568508e-06
1.753575954291260164e-06
5.376368056598397704e-07
3.478437658140390112e-08
6.280611119686317603e-06
3.549042414026698627e-06
6.563116420860635191e-06
1.277666060089788818e-05
6.059592268512287096e-06
3.424149268731107129e-06
1.040462068645255801e-06
2.025505852209966734e-06
2.653041560827722626e-05
2.083850069823874580e-05
1.896412359242018866e-07
2.401063337134151771e-07
1.965160497591373083e-05
1.543549072349726867e-05
2.658218275308085502e-06
3.365592093848868493e-06
3.167946081660943242e-05
1.950763254824310197e-05
3.431893359631038451e-07
3.445432218104687827e-07
2.346560487441877473e-05
1.444969029183800140e-05
4.810515815835522853e-06
4.829493355633802379e-06
8.255284959119872465e-07
1.202740124033564112e-06
1.016045856343089847e-06
6.573679725597897463e-08
1.389505415032942855e-06
2.024416992869262757e-06
1.636909343365720408e-07
1.059058279303831035e-08
4.156144328272862110e-06
2.348550518216702920e-06
1.966303575946081668e-06
3.827875633646084793e-06
6.995500553150241597e-06
3.953011529826643904e-06
3.167830147887260939e-07
6.166931689982150431e-07
5.578195271165263107e-05
4.381432532735117649e-05
4.383538564268161657e-05
5.550034348956036316e-05
4.440849117150726723e-05
3.488096032677549650e-05
3.953443768095744025e-05
5.005487778401868792e-05
9.118347190078175159e-04
5.614911423558368708e-04
1.085961734017750098e-03
1.090245865453071290e-03
7.259194434846955816e-04
4.470079161101131416e-04
9.794116298506188364e-04
9.832754199088913297e-04
9.027569291224266481e-05
1.315256815823625017e-04
2.454145608563681352e-04
1.587799126384371388e-05
8.709883168708850028e-05
1.268972060265208506e-04
3.890598997340349326e-05
2.517165105254031280e-06
1.151409810244541891e-04
6.506376807307257470e-05
1.203200849208668202e-04
2.342315433593266359e-04
1.110890938968928039e-04
6.277413112556444604e-05
1.907454880099805815e-05
3.713312708746033865e-05
5.061395954510574394e-05
3.975508890981156875e-05
3.617920648086935711e-07
4.580679187439086344e-07
3.749076357993340867e-05
2.944738275393632453e-05
5.071271940667531747e-06
6.420779251955939165e-06
8.273565792551336711e-04
5.094710490154078907e-04
8.962903651769403216e-06
8.998262408973708315e-06
6.128394258804049487e-04
3.773753095217835811e-04
1.256338273205612828e-04
1.261294542032622118e-04
5.973921994661867611e-05
8.703607103094451139e-05
7.352597419532515657e-05
4.757031416005639521e-06
1.005513074554369304e-04
1.464965686824489790e-04
1.184546478773828300e-05
7.663856038515747977e-07
7.619362608466340918e-05
4.305542971851235404e-05
3.604778554377869562e-05
7.017555255349533429e-05
1.282468825242374911e-04
7.246963979644558654e-05
5.807509237489586982e-06
1.130569225134263496e-05
1.618381805970079814e-05
1.271169320966183176e-05
1.271780336348433179e-05
1.610211578517065209e-05
1.288407641698368649e-05
1.011988803250075241e-05
1.146998474270943181e-05
1.452224233247208819e-05
2.921480067072227717e-05
1.798993990945115616e-05
3.479375695398201579e-05
3.493101872228391756e-05
2.325815348145917705e-05
1.432194551837407621e-05
3.137993645581699020e-05
3.150373066329000330e-05
5.073173175925091031e-05
7.391275970571003606e-05
1.379142631813705985e-04
8.922866916746856474e-06
4.894644863029661729e-05
7.131172090137244694e-05
2.186378396538611230e-05
1.414557349757834397e-06
2.821817982393397205e-05
1.594550516395861793e-05
2.948744888674288477e-05
5.740430342127526186e-05
2.722516344892560224e-05
1.538437231150719282e-05
4.674695693383499088e-06
9.100402378510274762e-06
1.033136845894202187e-04
8.114845693493646494e-05
7.384933248956773395e-07
9.350124926595775082e-07
7.652649502874750496e-05
6.010827133792765928e-05
1.035152741366517511e-05
1.310615427871645639e-05
1.865004098973159388e-04
1.148435412911470483e-04
2.020392714384487524e-06
2.028363186702480848e-06
1.381445521722090902e-04
8.506688854073366759e-05
2.832002655172927353e-05
2.843174937970638621e-05
4.420087980864217718e-07
6.439774269052824039e-07
5.440166026816096153e-07
3.519714084862293306e-08
7.439762788016045787e-07
1.083923966616496223e-06
8.764425880153434422e-08
5.670465398307313786e-09
2.458556669690105695e-07
1.389279121369037483e-07
1.163161909078043403e-07
2.264370153323260508e-07
4.138170665963265277e-07
2.338393976336215051e-07
1.873921914971163107e-08
3.648032849771015917e-08
1.652900671811712821e-05
1.298282405833156030e-05
1.298906453713627095e-05
1.644556179556470516e-05
1.315888406972087251e-05
1.033573762747123599e-05
1.171463088435450473e-05
1.483199083121636771e-05
6.073282394772986921e-05
3.739816217352699126e-05
7.233056762505883381e-05
7.261591253988440434e-05
4.834992224178741440e-05
2.977299778834627917e-05
6.523378946658297140e-05
6.549113751057429806e-05
1.749075025307825009e-04
2.548286005026075668e-04
4.754862193725114834e-04
3.076331742880328453e-05
1.687523920591437626e-04
2.458610138369033533e-04
7.537964340357696913e-05
4.876961314997671952e-06
2.288855585406057355e-04
1.293384576339398585e-04
2.391809553447937222e-04
4.656223800823893443e-04
2.208309246467152448e-04
1.247869519326440062e-04
3.791776583264679296e-05
7.381591209447440792e-05
1.055172877223714811e-04
8.287929244473976088e-05
7.542448316865826832e-07
9.549556053881716562e-07
7.815874756982468081e-05
6.139033552490280371e-05
1.057231770229185074e-05
1.338569868509686225e-05
3.877040507014048259e-04
2.387410632501379797e-04
4.200068191838035920e-06
4.216637508792303293e-06
2.871800790624849100e-04
1.768402401151076956e-04
5.887273393190969390e-05
5.910498753921486064e-05
1.523911214716840544e-06
2.220237305533401263e-06
1.875602941406988387e-06
1.213489819600774292e-07
2.565002777450134716e-06
3.737038483800222850e-06
3.021706116969400372e-07
1.955003124497707202e-08
1.994204162199218721e-06
1.126883199580598840e-06
9.434731966895848915e-07
1.836694040933419199e-06
3.356586109115329130e-06
1.896736836681925884e-06
1.519990541012365779e-07
2.959021600982587829e-07
2.395253885344239889e-04
1.881368935156541142e-04
1.882273256351293337e-04
2.383161702289049195e-04
1.906882169770438365e-04
1.497773951713853870e-04
1.697592336892709902e-04
2.149335666185031720e-04
2.860126758923460912e-04
1.761213745949350437e-04
3.406306153828806359e-04
3.419744070483525869e-04
2.276971453107835190e-04
1.402117374635947515e-04
3.072093387258463277e-04
3.084212830734526112e-04
1.386665503643192939e-04
2.020279430817720678e-04
3.769651549084019628e-04
2.438913736627125066e-05
1.337867829223066802e-04
1.949184464047646411e-04
5.976093059030981170e-05
3.866451650305522990e-06
6.981202946618481888e-04
3.944932250432758901e-04
7.295221248883945742e-04
1.420187604918730613e-03
6.735529806589483654e-04
3.806107480464581403e-04
1.156523898877184477e-04
2.251447694240848682e-04
7.771744215780885699e-04
6.104370909913513048e-04
5.555296231045962947e-06
7.033606400147770204e-06
5.756685065073728191e-04
4.521628591097264860e-04
7.786908735407542580e-05
9.859069407072257015e-05
9.280090820881380835e-04
5.714510193088983940e-04
1.005329044244901535e-05
1.009295078798767437e-05
6.873947308072575089e-04
4.232851026667706711e-04
1.409178771212996159e-04
1.414737997549089235e-04
4.574926352915121083e-05
6.665363480967215486e-05
5.630738353639811079e-05
3.643011811365500924e-06
7.700382206346278796e-05
1.121894482847044346e-04
9.071449052795897290e-06
5.869105252275380416e-07
2.303258374252582081e-04
1.301523292066657494e-04
1.089689101221047869e-04
2.121337930643182196e-04
3.876777118042865284e-04
2.190685931586462752e-04
1.755552921176635567e-05
3.417599567409075324e-05
2.227469022013127067e-05
1.749581139469373427e-05
1.750422113972988720e-05
2.216223882894992542e-05
1.773307200452525125e-05
1.392856556807679663e-05
1.578677886954743453e-05
1.998777099842611381e-05
3.641112386805477356e-04
2.242130411241631462e-04
4.336431415587373292e-04
4.353538687015713203e-04
2.898720812441889943e-04
1.784979258214319515e-04
3.910958579325443923e-04
3.926387355558596604e-04
4.891398538802400409e-04
7.126442411606358565e-04
1.329727178655504835e-03
8.603155596111727551e-05
4.719266995377938557e-04
6.875658198930921202e-04
2.108039233679021528e-04
1.363872967414711038e-05
6.238671874684798219e-04
3.525343420969143235e-04
6.519290725828316571e-04
1.269134350531100344e-03
6.019128893226738993e-04
3.401284258883107087e-04
1.033514306273067561e-04
2.011980387160621560e-04
7.227342201001664412e-05
5.676766535651090189e-05
5.166153925675717805e-07
6.540910116136093189e-07
5.353435696481287847e-05
4.204893551094491622e-05
7.241444462940898131e-06
9.168452590558947451e-06
1.181411052260821805e-03
7.274913177769150568e-04
1.279843987471808462e-05
1.284892986609880263e-05
8.750945954259718544e-04
5.388672462371277500e-04
1.793968838296607592e-04
1.801046065839145491e-04
1.613784147581687537e-04
2.351176192508721706e-04
1.986216955928497938e-04
1.285055595897931911e-05
2.716274268984341712e-04
3.957430987985798270e-04
3.199911768561870638e-05
2.070299778831467597e-06
2.058280406608423640e-04
1.163091349521136529e-04
9.737881565570572569e-05
1.895709290476371234e-04
3.464437369274685273e-04
1.957681335460397865e-04
1.568829715682516389e-05
3.054098622137524512e-05
1.754594915326412375e-04
1.378158861437069234e-04
1.378821303685818752e-04
1.745737030559518863e-04
1.396848066786438860e-04
1.097164094405711737e-04
1.243537021621804028e-04
1.574452484679291007e-04
3.167370055695722963e-04
1.950408548570538270e-04
3.772221660633800350e-04
3.787103118139241659e-04
2.521570477863121574e-04
1.552736980323271869e-04
3.402106767731441148e-04
3.415528117760077004e-04
1.550454935877321324e-04
2.258909742207559001e-04
4.214913283311053256e-04
2.726992076457926967e-05
1.495893403218406077e-04
2.179417217258254580e-04
6.681974099949169088e-05
4.323147168366958555e-06
8.623994228526266060e-05
4.873239357142339026e-05
9.011906175377877614e-05
1.754380985898160356e-04
8.320510178869718174e-05
4.701746847307489499e-05
1.428672895679192027e-05
2.781250175568481577e-05
3.879947078835906957e-06
3.047531599400437793e-06
2.773412863993644874e-08
3.511440913163512119e-08
2.873953746014642724e-06
2.257367092445670021e-06
3.887517777509690590e-07
4.922018337702964264e-07
7.004025879616062889e-06
4.312951031865405057e-06
7.587588073574709719e-08
7.617521195125875324e-08
5.188020868559221339e-06
3.194688361091308999e-06
1.063559050561531993e-06
1.067754803154925100e-06
1.368378863692440656e-04
1.993637012401590749e-04
1.684176477549963397e-04
1.089639477950947443e-05
2.303215274012762625e-04
3.355631499166866348e-04
2.713306879573941220e-05
1.755472975184071775e-06
7.611244383728851511e-05
4.300955532289877753e-05
3.600937760345990723e-05
7.010078240066471955e-05
1.281102389402903152e-04
7.239242535571813035e-05
5.801321493503941173e-06
1.129364634209462240e-05
1.792019104269428271e-04
1.407553952676301263e-04
1.408230524319627869e-04
1.782972287487369703e-04
1.426641784709289278e-04
1.120565778755682650e-04
1.270060730341290747e-04
1.608034371161321072e-04
6.584447730381311203e-04
4.054582481721012840e-04
7.841835944363534762e-04
7.872772076666820999e-04
5.241935333733973700e-04
3.227887902641354487e-04
7.072427216081557865e-04
7.100328022170125262e-04
5.345494648354402615e-04
7.788030247556678972e-04
1.453173251144389017e-03
9.401835044346048523e-05
5.157383163083010180e-04
7.513964322215714543e-04
2.303740403232668206e-04
1.490488986026394592e-05
6.995163218050565223e-04
3.952820908794123407e-04
7.309809460911338187e-04
1.423027545914679884e-03
6.748998806854606108e-04
3.813718531730854347e-04
1.158836593074656255e-04
2.255949901262629834e-04
3.962703429774178617e-06
3.112533154682248238e-06
2.832567672965481490e-08
3.586337304945213733e-08
2.935253016327603450e-06
2.305515033513718279e-06
3.970435605752566130e-07
5.027001284274947849e-07
1.456023183133871398e-05
8.965924452668382020e-06
1.577336281887132516e-07
1.583558891522100071e-07
1.078505246702290963e-05
6.641238048783282703e-06
2.210966465381375201e-06
2.219688753322163763e-06
4.717752011702446490e-04
6.873450968456391603e-04
5.806525645670256941e-04
3.756743819662584357e-05
7.940782177120632576e-04
1.156919160020348711e-03
9.354652669023657847e-05
6.052334174335349806e-06
6.173693458715635851e-04
3.488625472687329030e-04
2.920821455137519130e-04
5.686070765025244209e-04
1.039138022989991202e-03
5.871952342439445451e-04
4.705614318851389355e-05
9.160592806123884883e-05
1.050393667499799734e-03
8.250390607070283390e-04
8.254356338060912833e-04
1.045090867414540841e-03
8.362274112363181529e-04
6.568206751912978539e-04
7.444472803399797148e-04
9.425508447793445746e-04
1.254254947336476411e-03
7.723472560375060263e-04
1.493771677165304373e-03
1.499664623480880367e-03
9.985231252755304761e-04
6.148722773900773021e-04
1.347208936676262290e-03
1.352523691307815686e-03
4.481547398093577557e-05
6.529316553138136709e-05
1.218309105341667457e-04
7.882295681142463116e-06
4.323838786856064233e-05
6.299545593588860121e-05
1.931406256887514177e-05
1.249593812477213987e-06
2.256246500600314457e-04
1.274957862305884043e-04
2.357733694287197056e-04
4.589887070029825432e-04
2.176847696881192547e-04
1.230091253523358933e-04
3.737755541065037820e-05
7.276426455810313656e-05
9.530785497612069340e-04
7.486022201053998482e-04
6.812671040598822639e-06
8.625579022315288085e-06
7.059641826749428863e-04
5.545045102502496473e-04
9.549382324749345230e-05
1.209055176237986367e-04
1.138052830310399719e-03
7.007921177289601474e-04
1.232873240444748203e-05
1.237736939449697711e-05
8.429783005737397040e-04
5.190906192795156264e-04
1.728129519361716246e-04
1.734947010039599607e-04
2.965628255838086982e-05
4.320723165738449306e-05
3.650042749244506812e-05
2.361528455480660868e-06
4.991658726340383482e-05
7.272514837927447639e-05
5.880432504716713348e-06
3.804560561186921794e-07
1.493053130970451922e-04
8.436931991538658578e-05
7.063748220997656058e-05
1.375125897554144877e-04
2.513063353583513005e-04
1.420079712155386401e-04
1.138011182265935883e-05
2.215408306581851766e-05
9.768147625562882176e-05
7.672459946397694496e-05
7.676147882355261799e-05
9.718834177029868555e-05
7.776506136924322228e-05
6.108111194217293179e-05
6.922995786064282389e-05
8.765262092943262038e-05
1.596741546755028884e-03
9.832442398223933695e-04
1.901660665848598592e-03
1.909162738879969633e-03
1.271179645660504114e-03
7.827691757098853348e-04
1.715077533414400938e-03
1.721843533858753239e-03
1.580845152418905886e-04
2.303186266874648338e-04
4.297529117167163794e-04
2.780443407285447335e-05
1.525214167979112604e-04
2.222135621795087235e-04
6.812946394031233973e-05
4.407884477106260378e-06
2.016268785377344202e-04
1.139351458165058825e-04
2.106961651024764665e-04
4.101699891942614377e-04
1.945314955867770044e-04
1.099256928258918875e-04
3.340202332863659909e-05
6.502494974747080624e-05
8.863164602833656510e-05
6.961634694751296117e-05
6.335451032122593389e-07
8.021366831588420699e-07
6.565121790140647127e-05
5.156620877254021077e-05
8.880458742970312222e-06
1.124362209556623180e-05
1.448809303417701458e-03
8.921502700806846790e-04
1.569521355352107309e-05
1.575713135012698452e-05
1.073161782935304256e-03
6.608333976234618190e-04
2.200012212507861348e-04
2.208691285796037266e-04
1.046111674309749463e-04
1.524115147015359779e-04
1.287535726771414180e-04
8.330182589910782909e-06
1.760784568165345006e-04
2.565346030329346706e-04
2.074295414829812042e-05
1.342041171492461334e-06
1.334249791449942935e-04
7.539567425086217964e-05
6.312437511580792329e-05
1.228865473016676113e-04
2.245770217996117320e-04
1.269037933401659282e-04
1.016970629584432401e-05
1.979774202082166236e-05
3.824172708047417847e-05
3.003723229347721952e-05
3.005167034721940853e-05
3.804866781146175477e-05
3.044456704868399072e-05
2.391289835292460269e-05
2.710312390622651426e-05
3.431548883126616842e-05
6.903342770160074036e-05
4.250952214573280158e-05
8.221628250083838272e-05
8.254062667367946711e-05
5.495810411070487769e-05
3.384219531847649278e-05
7.414955860966724167e-05
7.444207946468815588e-05
1.198770916170918064e-04
1.746529511147191496e-04
3.258859926397472424e-04
2.108438442318560612e-05
1.156585376314381172e-04
1.685067984754426006e-04
5.166326365425050762e-05
3.342543515353760092e-06
6.667845174444430245e-05
3.767860305837315046e-05
6.967768473832566876e-05
1.356441166468306267e-04
6.433199301267740749e-05
3.635266814485793569e-05
1.104612250528135449e-05
2.150389375348192930e-05
2.441261830287680856e-04
1.917506197647420214e-04
1.745030750916299037e-06
2.209397833639664934e-06
1.808291051295179649e-04
1.420334867399401964e-04
2.446025312192300156e-05
3.096932832242491252e-05
4.406931509845198394e-04
2.713707820249931552e-04
4.774108711173833715e-06
4.792942624528689933e-06
3.264301564893900263e-04
2.010097199041297031e-04
6.691911156612665855e-05
6.718310822503612109e-05
1.044449447048582651e-06
1.521693392427640609e-06
1.285489886888996404e-06
8.316946281654701736e-08
1.757986755864686665e-06
2.561269803851180641e-06
2.070999447036967385e-07
1.339908724760772775e-08
5.809472945589128391e-07
3.282812053497462591e-07
2.748505952876994957e-07
5.350617826592183537e-07
9.778334916792617927e-07
5.525533215944198607e-07
4.428003959145573001e-08
8.620158488368893958e-08
1.453056830489563025e-05
1.141313661414728218e-05
1.141862258829403777e-05
1.445721228492888378e-05
1.156791010204532414e-05
9.086095984995682111e-06
1.029827424809368175e-05
1.303873000634398854e-05
5.338992607186843453e-05
3.287653996439904140e-05
6.358544535261181235e-05
6.383629066026013255e-05
4.250417823961744713e-05
2.617329555144334323e-05
5.734670266619271725e-05
5.757293606273727481e-05
1.537603230432803769e-04
2.240185661964507087e-04
4.179975909294022835e-04
2.704388066431450896e-05
1.483493957771975669e-04
2.161352049758843324e-04
6.626587283516578730e-05
4.287312644760044500e-06
2.012121659272527428e-04
1.137008003656917306e-04
2.102627984934121112e-04
4.093263384459403854e-04
1.941313769868126997e-04
1.096995941461848553e-04
3.333332097907661817e-05
6.489120435175876694e-05
9.275972735353202922e-05
7.285877732808467130e-05
6.630529125155345595e-07
8.394967640146528037e-07
6.870896960454517927e-05
5.396794125731202879e-05
9.294072362244674778e-06
1.176730171204794147e-05
3.408287192857538937e-04
2.098760915220142047e-04
3.692259237805798154e-06
3.706825242640532779e-06
2.524585914802091589e-04
1.554593831237444980e-04
5.175473011066742589e-05
5.195890311165646220e-05
1.339662834776918660e-06
1.951799667778555261e-06
1.648833297593453065e-06
1.066772916951970568e-07
2.254881294175663954e-06
3.285212104570333306e-06
2.656366948040446090e-07
1.718633607043163038e-08
1.753095045994619247e-06
9.906374643309764773e-07
8.294026351450297008e-07
1.614628675038614443e-06
2.950758297914228921e-06
1.667412000722927826e-06
1.336216189855319341e-07
2.601261299120396298e-07
6.601505497770293216e-04
5.185198715160501369e-04
5.187691094517627366e-04
6.568178503330449405e-04
5.255515168710618709e-04
4.127981186944251930e-04
4.678696155568223543e-04
5.923735810926397064e-04
7.882731195586646514e-04
4.854041693773223786e-04
9.388043972782413428e-04
9.425079913405453322e-04
6.275509939856380951e-04
3.864344240839504181e-04
8.466927664637043712e-04
8.500329790911290498e-04
3.821757685846881411e-04
5.568046815905145419e-04
1.038945206527866526e-03
6.721835434416813563e-05
3.687267510114811868e-04
5.372103572949507751e-04
1.647057601107286887e-04
1.065624065262152251e-05
1.924073682340719836e-03
1.087253927398198865e-03
2.010619562152873244e-03
3.914147197130553833e-03
1.856364259365592259e-03
1.048992743989663823e-03
3.187469571996212289e-04
6.205164480648426000e-04
2.141952988017741758e-03
1.682411971807806078e-03
1.531082731370746425e-05
1.938516480604922780e-05
1.586587056117213937e-03
1.246195912076102866e-03
2.146132447251643954e-04
2.717236001240536688e-04
2.557665011993147126e-03
1.574963334265489174e-03
2.770764825081189375e-05
2.781695523940250388e-05
1.894513196420627172e-03
1.166606575393304120e-03
3.883805997528658790e-04
3.899127656516718004e-04
1.260885188641408105e-04
1.837025875773442532e-04
1.551875165530400508e-04
1.004042312521503664e-05
2.122285064692495298e-04
3.092028215359110348e-04
2.500161722362416667e-05
1.617570931706060500e-06
6.347958733497124917e-04
3.587099146618985459e-04
3.003267685561972645e-04
5.846571880106564510e-04
1.068469844260870475e-03
6.037700349738774194e-04
4.838440021613273214e-05
9.419169496592189376e-05
4.449761346452726229e-05
3.495096205583798465e-05
3.496776200143793354e-05
4.427297202220481070e-05
3.542493187549901248e-05
2.782476077729947812e-05
3.153686884283629746e-05
3.992908988254434974e-05
7.273762731054383935e-04
4.479050051449096873e-04
8.662784848601254133e-04
8.696959633701656237e-04
5.790704920198863105e-04
3.565810176899120013e-04
7.812827986326747543e-04
7.843649681904495390e-04
9.771429336596175724e-04
1.423632278047476298e-03
2.656364035788612125e-03
1.718631722855484757e-04
9.427566288057266696e-04
1.373533718434055001e-03
4.211179327806362466e-04
2.724576257580830699e-05
1.246284490909996528e-03
7.042493849554183442e-04
1.302343044567271175e-03
2.535319198892721591e-03
1.202426916994371424e-03
6.794663842192351930e-04
2.064626697660398868e-04
4.019284878097650394e-04
1.443788786545658460e-04
1.134034011406678545e-04
1.032030157147628364e-06
1.306661898224705114e-06
1.069442986524383625e-04
8.400014817130121948e-05
1.446605961530118545e-05
1.831559745211717779e-05
2.360076473643217109e-03
1.453291926276941868e-03
2.556713583291493104e-05
2.566799847558621478e-05
1.748155447610632305e-03
1.076482150583759354e-03
3.583768445039187665e-04
3.597906452458197427e-04
3.223817817649018936e-04
4.696888188671539954e-04
3.967817890536545224e-04
2.567124688226390537e-05
5.426235843929697782e-04
7.905664800526977136e-04
6.392386856602435153e-05
4.135788125613538448e-06
4.111777314509916102e-04
2.323479643642914017e-04
1.945313203397498552e-04
3.787012901867134224e-04
6.920823293458136473e-04
3.910812967145405159e-04
3.134013429152569574e-05
6.101099437405329288e-05
4.146038940945735393e-04
3.256535315597078382e-04
3.258100640639031076e-04
4.125108106792988024e-04
3.300697174540687031e-04
2.592555706322277869e-04
2.938429190188631226e-04
3.720369445465271613e-04
7.484371165441876207e-04
4.608738873281502911e-04
8.913611775717025874e-04
8.948776075907712924e-04
5.958372101867605687e-04
3.669056560709998255e-04
8.039044805761072629e-04
8.070758929273414220e-04
3.663664179223403657e-04
5.337715089372602239e-04
9.959674710482170883e-04
6.443775279345151017e-05
3.534737418347966439e-04
5.149877371917113830e-04
1.578924262163741775e-04
1.021542713416233727e-05
2.037815998760574032e-04
1.151527339260684902e-04
2.129478069775162289e-04
4.145533434100594629e-04
1.966103908588588179e-04
1.111004332061411425e-04
3.375897996522861155e-05
6.571985038651448710e-05
9.168162712172070507e-06
7.201197595244538875e-06
6.553465778907925480e-08
8.297397101539872785e-08
6.791039938262274118e-06
5.334069868513265394e-06
9.186051976091334596e-07
1.163053620976049437e-06
1.655023834084102676e-05
1.019133406366875596e-05
1.792917290829141871e-07
1.799990370004918858e-07
1.225908975319476217e-05
7.548923249219959000e-06
2.513148306259091097e-06
2.523062705011093333e-06
3.233425564658327315e-04
4.710886037185409657e-04
3.979642935445282031e-04
2.574775332878456204e-05
5.442407322639168004e-04
7.929225569664748348e-04
6.411437696066018600e-05
4.148113761937484614e-06
1.798507184099743938e-04
1.016298916883188710e-04
8.508874639898860500e-05
1.656453983111257446e-04
3.027194680325943021e-04
1.710604606981199307e-04
1.370829506623656042e-05
2.668644318445598996e-05
1.575355158499869008e-04
1.237373739449882943e-04
1.237968510245501385e-04
1.567402146474682501e-04
1.254153758472060641e-04
9.850838508336452791e-05
1.116504125644882860e-04
1.413615086813947805e-04
5.788355533273046400e-04
3.564363467400880991e-04
6.893719312272145183e-04
6.920915113640503180e-04
4.608159505022208207e-04
2.837620339186321290e-04
6.217335893029532967e-04
6.241863354089079944e-04
4.699197987876169548e-04
6.846418989513634824e-04
1.277477439794163713e-03
8.265106829044466144e-05
4.533830108711637977e-04
6.605488985906923663e-04
2.025206829230044212e-04
1.310281518333017160e-05
6.149413493332757732e-04
3.474905370405429990e-04
6.426017453978256260e-04
1.250976498968759103e-03
5.933011573234515381e-04
3.352621156613215200e-04
1.018727534996245011e-04
1.983194434592939679e-04
3.483593045870396295e-06
2.736212549045090790e-06
2.490096274517863517e-08
3.152731441314214231e-08
2.580366453548012597e-06
2.026766897959792412e-06
3.490390363647288446e-07
4.419212041936660921e-07
1.279982800953712064e-05
7.881899977282635518e-06
1.386628547898728896e-07
1.392098813346470000e-07
9.481086444970071375e-06
5.838279622159291802e-06
1.943649717913441332e-06
1.951317438234450464e-06
4.147352531260275772e-04
6.042416854851621671e-04
5.104488064371176482e-04
3.302534968164133237e-05
6.980702457606171142e-04
1.017041929052656200e-03
8.223629035544762866e-05
5.320577129891315700e-06
5.427263478393319846e-04
3.066833451372479144e-04
2.567679739264755218e-04
4.998596772733430527e-04
9.135011122428946060e-04
5.162004350895904115e-04
4.136682345323282344e-05
8.053031966937302028e-05
2.894966422244825161e-03
2.273871646115681149e-03
2.274964632337204713e-03
2.880351493893970171e-03
2.304707608007659433e-03
1.810248727642243096e-03
2.051754448258925889e-03
2.597743237913433759e-03
3.456823922136071422e-03
2.128648945364984123e-03
4.116950607848859217e-03
4.133192024985627225e-03
2.752007184495116124e-03
1.694635689541434693e-03
3.713012326806204404e-03
3.727660202813910459e-03
1.235149224391344049e-04
1.799530287204994790e-04
3.357754393430721390e-04
2.172421829372575441e-05
1.191683507854972290e-04
1.736203628516598324e-04
5.323105455035486680e-05
3.443977472919333980e-06
6.218390363198324569e-04
3.513882761629728651e-04
6.498096940933797755e-04
1.265008478322206037e-03
5.999561101517432091e-04
3.390226907711102011e-04
1.030154419313927008e-04
2.005439571398481672e-04
2.626758409433207694e-03
2.063205784533611933e-03
1.877624981810647288e-05
2.377276483535813493e-05
1.945692046122185449e-03
1.528257440830478120e-03
2.631883839240000962e-04
3.332249847032648575e-04
3.136561874303115099e-03
1.931437433955749631e-03
3.397894279453466759e-05
3.411299011167767843e-05
2.323313582659662299e-03
1.430654010408679948e-03
4.762858999093510419e-04
4.781648532205810451e-04
8.173501504390384231e-05
1.190824818508395930e-04
1.005980093536983457e-04
6.508555597126636936e-06
1.375739863175016499e-04
2.004361499169190109e-04
1.620692810339620959e-05
1.048566401037939022e-06
4.114970238801242040e-04
2.325283898598163527e-04
1.946823800228568283e-04
3.789953636386793616e-04
6.926197530222288857e-04
3.913849836305990015e-04
3.136447089062109221e-05
6.105837132836630014e-05
1.951359381482681440e-04
1.532708889070512662e-04
1.533445619175847834e-04
1.941508152353390367e-04
1.553493946562922311e-04
1.220202697467778123e-04
1.382990234478888249e-04
1.751015348238427541e-04
3.189772223455771688e-03
1.964203393737790071e-03
3.798901821456072796e-03
3.813888532500472623e-03
2.539405035830953443e-03
1.563719174922821109e-03
3.426169180777011592e-03
3.439685457299748467e-03
3.158016378429059283e-04
4.601019867273899860e-04
8.585070661742676698e-04
5.554424989738503419e-05
3.046883697444979929e-04
4.439106940981377408e-04
1.361005931845278387e-04
8.805524912813279917e-06
4.027851708178961372e-04
2.276055033073115725e-04
4.209026666828753174e-04
8.193867323649813407e-04
3.886108947757021073e-04
2.195959154020534756e-04
6.672641946182964812e-05
1.298987797728490018e-04
1.770573097411399317e-04
1.390709036430585555e-04
1.265617830662562608e-06
1.602409179215502387e-06
1.311498606167831071e-04
1.030125762969235216e-04
1.774027906234315578e-05
2.246111371270849367e-05
2.894251535270596972e-03
1.782227159076062162e-03
3.135395101102663861e-05
3.147764270562336477e-05
2.143829509188867159e-03
1.320131000759019796e-03
4.394911537801727023e-04
4.412249513979664200e-04
2.089792157113569860e-04
3.044688209671583628e-04
2.572079186082881969e-04
1.664100561271913693e-05
3.517477025907852660e-04
5.124730127882423051e-04
4.143770111645316679e-05
2.680963403413874859e-06
2.665398750704411749e-04
1.506161269385547833e-04
1.261020474957918656e-04
2.454875029812075902e-04
4.486321205949836215e-04
2.535126588709826290e-04
2.031577792230158916e-05
3.954947355976111759e-05
