1.016320255124072964e-04
5.390242775096957054e-04
3.199423604117523977e-04
3.549047787714362974e-04
8.778530676167319285e-05
4.655856391192482154e-04
2.587819132918598645e-04
2.870608867444077259e-04
1.346946908383778261e-03
1.008312076578334526e-03
7.251861276019338533e-04
1.035219520462821478e-03
1.163433936773426150e-03
8.709359525961903872e-04
5.865589456551680405e-04
8.373260978561252203e-04
8.054685159858145614e-04
4.200394967520364588e-04
3.349434245487247159e-04
1.379335970673125408e-03
4.869560471080900841e-04
2.539401216909207117e-04
2.395634267121553394e-04
9.865500484656376367e-04
9.328422070889306637e-05
1.741881572106360578e-03
1.221401468432519984e-03
1.296273313394140630e-03
5.639614022450655336e-05
1.053076250715027527e-03
8.735896862677104387e-04
9.271406875074966964e-04
8.323501803123851516e-05
4.414523397678185362e-04
3.559659692925336316e-04
3.948649482342379618e-04
1.053855982767676672e-04
5.589320461209039111e-04
4.198736930106318141e-04
4.657563316658286487e-04
1.103128168913232020e-03
8.257916090127255396e-04
8.068377769580244207e-04
1.151779087826483193e-03
1.396693660993087805e-03
1.045552038387007054e-03
9.516919770312436220e-04
1.358561718973471570e-03
8.678385240219984361e-04
4.525645008558597422e-04
4.518418455287539587e-05
1.860737261622153252e-04
1.742725769967780217e-04
9.088048022561858624e-05
1.207568883241534472e-04
4.972909081480776303e-04
1.005075168151871274e-04
1.876761043487546040e-03
1.647682125336952653e-04
1.748684951862601133e-04
2.018313715984065452e-05
3.768765437375837680e-04
4.403509067872651188e-04
4.673443939197122958e-04
6.741999169764633759e-05
3.575744174270831222e-04
2.122412809735093817e-04
2.354344225413881051e-04
5.823444552253670794e-05
3.088571714053951409e-04
1.716690615745750006e-04
1.904285829535519404e-04
2.571985502335264254e-04
1.925364709363976948e-04
1.384737731737970272e-04
1.976744281301850092e-04
2.221568793603485002e-04
1.663045981691888356e-04
1.120030117816868777e-04
1.598868204090566692e-04
4.769131620316102217e-04
2.487029109126693551e-04
1.983180279960708014e-04
8.166967003949859340e-04
2.883238060677010823e-04
1.503564496919973796e-04
1.418440933108229280e-04
5.841304703764134713e-04
9.753213001007823813e-05
1.821202113945954082e-03
1.277020764159145704e-03
1.355302068986458325e-03
5.896426682501944955e-05
1.101030474551332929e-03
9.133705808875682355e-04
9.693601488487741833e-04
5.521590459627769839e-05
2.928477803329760211e-04
2.361383882034055054e-04
2.619429397123829747e-04
6.991001237108840642e-05
3.707807034153758844e-04
2.785330780737127758e-04
3.089704043161364431e-04
2.106415360548184723e-04
1.576843180017666328e-04
1.540650973068037242e-04
2.199313942772420998e-04
2.666976571176225071e-04
1.996474150488388658e-04
1.817249033631341041e-04
2.594163900209094467e-04
5.138420762698885482e-04
2.679607741865191214e-04
2.675328942256404273e-05
1.101731568072723030e-04
1.031857659255727033e-04
5.380979682154864993e-05
7.149944200771755107e-05
2.944430163905345185e-04
1.050843553445093500e-04
1.962223629036836860e-03
1.722713080973677590e-04
1.828315301083619090e-04
2.110222224643783193e-05
3.940384749128181480e-04
4.604032875491126842e-04
4.886259845542473930e-04
4.758286090269182814e-06
2.523645188670045630e-05
1.497930672501728247e-05
1.661620403297013696e-05
4.109999795714872760e-06
2.179814541017633523e-05
1.211585002091272192e-05
1.343983668110107985e-05
2.255984434669597186e-04
1.688809214299019114e-04
1.214605123576365751e-04
1.733876153613639955e-04
1.948620866784292645e-04
1.458719672187197211e-04
9.824202002156697704e-05
1.402426949234905542e-04
4.220710338147349119e-05
2.201035808583676065e-05
1.755126546389029237e-05
7.227815210223685366e-05
2.551683127846402706e-05
1.330663676629840247e-05
1.255328807642440935e-05
5.169590003853134666e-05
3.583418058177653235e-06
6.691260143740210471e-05
4.691888987232054558e-05
4.979501532253797054e-05
2.166400123796607216e-06
4.045284856081237404e-05
3.355805551485977145e-05
3.561516253057877526e-05
1.606797551101008175e-06
8.521948516915415516e-06
6.871690080248174947e-06
7.622609411825691975e-06
2.034400006603870303e-06
1.078981736511291607e-05
8.105386863111140706e-06
8.991121175099321846e-06
7.618100711435018689e-05
5.702840178865685997e-05
5.571946774518492349e-05
7.954079440316664878e-05
9.645436742813461148e-05
7.220485299840888782e-05
6.572296430822970818e-05
9.382101091694857386e-05
9.319779340811178852e-05
4.860122210193621221e-05
4.852361563481516975e-06
1.998258916782555907e-05
1.871525540531693104e-05
9.759719102631690031e-06
1.296816771682700907e-05
5.340442264135075560e-05
7.912569902333791691e-06
1.477501724958368010e-04
1.297156710928166264e-05
1.376672348219955598e-05
1.588940695045591409e-06
2.967003952905328793e-05
3.466713179191602918e-05
3.679222512434785690e-05
1.273738521696583944e-05
6.755508245872275143e-05
4.009788323359061394e-05
4.447966927513365756e-05
1.100199728358697548e-05
5.835113102439470054e-05
3.243273859950245855e-05
3.597689878512700789e-05
3.316376406024977206e-04
2.482608898584491726e-04
1.785512219216906513e-04
2.548858883264309657e-04
2.864541158874537728e-04
2.144369185133413727e-04
1.444192221687357069e-04
2.061616903973627129e-04
1.820983988742907783e-04
9.496152649603474528e-05
7.572320967647696622e-05
3.118369828048193665e-04
1.100898604236674776e-04
5.741017637823301722e-05
5.415992750471487153e-05
2.230368793683680777e-04
2.528972262031561018e-05
4.722310103600357856e-04
3.311267876814655178e-04
3.514248421301332886e-04
1.528921753642549362e-05
2.854931528209258347e-04
2.368336325456675789e-04
2.513515216066764435e-04
4.301212450404191053e-06
2.281227715186871013e-05
1.839472490372523263e-05
2.040484968641315800e-05
5.445855099487179144e-06
2.888310151867638404e-05
2.169718946053125723e-05
2.406819845781485589e-05
1.119887578560590895e-04
8.383375490483518477e-05
8.190957585816153466e-05
1.169277632510699042e-04
1.417913100289532459e-04
1.061436715628293840e-04
9.661506738088670033e-05
1.379201834076258998e-04
4.020927189635917307e-04
2.096851955962728031e-04
2.093503701220557521e-05
8.621291681487446013e-05
8.074512986663646074e-05
4.210734875571116797e-05
5.594988493344513501e-05
2.304081322023285186e-04
5.584240934077437576e-05
1.042736521069976283e-03
9.154592872464641410e-05
9.715768927962232994e-05
1.121383795734678846e-05
2.093942313292761366e-04
2.446608608947340325e-04
2.596585586366532256e-04
7.099189582041984974e-05
3.765186727383862137e-04
2.234858018855237407e-04
2.479077136727447718e-04
6.131970036774963542e-05
3.252203921076251571e-04
1.807640705378035231e-04
2.005174694013006165e-04
9.408679411190539604e-04
7.043250937292552631e-04
5.065562529288094272e-04
7.231204531979897173e-04
8.126806527463810133e-04
6.083652677513419656e-04
4.097225392541591809e-04
5.848881472844781127e-04
6.350589597401720774e-04
3.311735226927622639e-04
2.640808654145707676e-04
1.087515712014872245e-03
3.839328224234354750e-04
2.002150876374775496e-04
1.888800090136504700e-04
7.778298407398434762e-04
7.354847394755968659e-05
1.373359078869226249e-03
9.629947422818141423e-04
1.022026268693445629e-03
4.446464813153138155e-05
8.302813766564948270e-04
6.887680230702972759e-04
7.309894661999033656e-04
1.458192597622307355e-04
7.733794612874214918e-04
6.236160617313900876e-04
6.917631042737143075e-04
1.846248164991166766e-04
9.791919212674491790e-04
7.355758736721381384e-04
8.159575755434312402e-04
1.932568008256115803e-03
1.446702649825873464e-03
1.413497469779695067e-03
2.017799454713184015e-03
2.446864800151490188e-03
1.831700501623789940e-03
1.667267249948415535e-03
2.380061528041788402e-03
5.714722411062940618e-04
2.980140226440254722e-04
2.975381536339536320e-05
1.225296715431643574e-04
1.147586070253703056e-04
5.984485623737302123e-05
7.951849069778926598e-05
3.274663913790053747e-04
6.618426618838088257e-05
1.235848386370582341e-03
1.084999767506543493e-04
1.151510195466318192e-04
1.329060914677427642e-05
2.481734529045310686e-04
2.899713628851630868e-04
3.077465919858043616e-04
4.709414185815444828e-05
2.497725068652874194e-04
1.482545568849692979e-04
1.644554057968518064e-04
4.067786378213173555e-05
2.157425872922761939e-04
1.199140927620660313e-04
1.330179739517082409e-04
1.796580614356885067e-04
1.344903736537198305e-04
9.672655473952483272e-05
1.380793341215656104e-04
1.551807902658996910e-04
1.161669134129627781e-04
7.823622626716295254e-05
1.116839740260045812e-04
3.760146679296457102e-04
1.960858913215846315e-04
1.563607242956782304e-04
6.439116448161766315e-04
2.273243618039889164e-04
1.185461736077428460e-04
1.118347403473750806e-04
4.605484652814357985e-04
7.689767110218660500e-05
1.435898110236612712e-03
1.006846899609654174e-03
1.068566560929864366e-03
4.648944708398540824e-05
8.680901288302021127e-04
7.201326426096476326e-04
7.642767352464990317e-04
9.673263159875069813e-05
5.130394341374482862e-04
4.136903647494109370e-04
4.588973063532831220e-04
1.224752092934557849e-04
6.495699644812683027e-04
4.879615361981564313e-04
5.412846264886640637e-04
3.690224810327446072e-04
2.762468378213152657e-04
2.699063324049824327e-04
3.852973648656702233e-04
4.672270861600278063e-04
3.497619026758483221e-04
3.183634906984693261e-04
4.544710490582480437e-04
3.383653465160310690e-04
1.764523467375665397e-04
1.761705875007968202e-05
7.254909650543595262e-05
6.794789499603011928e-05
3.543378673784854484e-05
4.708242977349563492e-05
1.938909207152582684e-04
6.919811738204728949e-05
1.292125555386132787e-03
1.134407701336614851e-04
1.203946833008647828e-04
1.389582728317466834e-05
2.594745959155258445e-04
3.031758688575197686e-04
3.217605334709789083e-04
3.976237308172093759e-06
2.108871127421253097e-05
1.251738065358684456e-05
1.388524547340905905e-05
3.434500199078330097e-06
1.821550814402589488e-05
1.012454778032176866e-05
1.123093042606665594e-05
1.885201794430422031e-04
1.411244737472411293e-04
1.014978527024235029e-04
1.448904693613843164e-04
1.628355009135657079e-04
1.218971594536295014e-04
8.209543895202100464e-05
1.171930870011714319e-04
1.353420551945433729e-04
7.057880925826719696e-05
5.628020282933221763e-05
2.317684197081005843e-04
8.182272912847217503e-05
4.266930026921988289e-05
4.025359883990983198e-05
1.657690008506394286e-04
1.149065265700950842e-05
2.145631486506241437e-04
1.504509543185955265e-04
1.596735898051288504e-04
6.946817517381357146e-06
1.297168302029741188e-04
1.076078630808694294e-04
1.142042193564041409e-04
2.163208201309819211e-05
1.147297549109384945e-04
9.251256530896798331e-05
1.026220831849288152e-04
2.738883175428485467e-05
1.452617437638857026e-04
1.091216458791371480e-04
1.210461582519711717e-04
1.025613832065421643e-03
7.677650888394903488e-04
7.501430999593609828e-04
1.070846160262861006e-03
1.298551136885415114e-03
9.720834468132023192e-04
8.848187209927959544e-04
1.263098640719567288e-03
2.213066218959088189e-04
1.154080143967884796e-04
1.152237307947012305e-05
4.745047220270717396e-05
4.444107312211687205e-05
2.317533909626230429e-05
3.079409162643083862e-05
1.268136501612712904e-04
1.878911561706909971e-05
3.508461988623163522e-04
3.080216379244601069e-05
3.269033479236311732e-05
3.773083940664102319e-06
7.045420261121070017e-05
8.232025187649384874e-05
8.736647893204852367e-05
1.064393047148497629e-05
5.645205734441655613e-05
3.350758997408488822e-05
3.716920695219003400e-05
9.193762466882640489e-06
4.876082264740638653e-05
2.710225126842665086e-05
3.006391050641105413e-05
2.771312893637339968e-04
2.074579362585834139e-04
1.492054106365382196e-04
2.129940821681040408e-04
2.393739092318240272e-04
1.791931084988568346e-04
1.206831805214207654e-04
1.722779566681001840e-04
5.839199939529666084e-04
3.045053351381095917e-04
2.428154031541583711e-04
9.999420656048897682e-04
3.530161222188900609e-04
1.840925019157290429e-04
1.736701955456410225e-04
7.151940602287914063e-04
8.109447842933103026e-05
1.514264432957438322e-03
1.061797100116757724e-03
1.126885205801339941e-03
4.902667934811590994e-05
9.154674675854291383e-04
7.594349765776539423e-04
8.059883001934552670e-04
5.790659838829534617e-05
3.071183733860001746e-04
2.476455092012707802e-04
2.747075271424052586e-04
7.331675609216191662e-05
3.888489999356314897e-04
2.921061097848517670e-04
3.240266594819107490e-04
1.507688378556021466e-03
1.128641663864077965e-03
1.102736720881679431e-03
1.574181490706210492e-03
1.908915809081994939e-03
1.428996830898296650e-03
1.300714617004644982e-03
1.856799393732556230e-03
9.548056672662419116e-04
4.979165343087944146e-04
4.971214608213869626e-05
2.047203982667706690e-04
1.917366417365890755e-04
9.998772255597479985e-05
1.328580814769358151e-04
5.471250287198874476e-04
1.326028709244061901e-04
2.476072539560826742e-03
2.173841192318590773e-04
2.307097541626356373e-04
2.662827633655683713e-05
4.972256132401005292e-04
5.809694270084054960e-04
6.165828219408989825e-04
3.210095523008290696e-06
1.702533636718097596e-05
1.010553055102782294e-05
1.120983504642787624e-05
2.772740371952484057e-06
1.470574229115598860e-05
8.173748944837323270e-06
9.066953676491636409e-06
4.254395421652566901e-05
3.184801312873722362e-05
2.290534631997955537e-05
3.269789745125959031e-05
3.674761034154875753e-05
2.750892337489308236e-05
1.852674130949256303e-05
2.644734024018648817e-05
2.544110347160738003e-05
1.326714587466091923e-05
1.057934624626432586e-05
4.356697804513937978e-05
1.538073671996884886e-05
8.020818670515313350e-06
7.566723970008173270e-06
3.116064919336411184e-05
2.946426165917334365e-06
5.501815208382955979e-05
3.857854220500927302e-05
4.094340478743736518e-05
1.781298722886666485e-06
3.326191070937551232e-05
2.759274280617228370e-05
2.928417647056838908e-05
2.629017353461819197e-06
1.394348063384024815e-05
1.124335325019936131e-05
1.247199587068038750e-05
3.328653891449821635e-06
1.765413264049860839e-05
1.326190888518542988e-05
1.471113369585176320e-05
3.484282418341051420e-05
2.608301796273796699e-05
2.548435222606798924e-05
3.637948643338802051e-05
4.411522889131654529e-05
3.302425490957652761e-05
3.005964054487869234e-05
4.291081349426397704e-05
2.741108963057164039e-05
1.429446348968535650e-05
1.427163807989425931e-06
5.877226516851004130e-06
5.504481647196719596e-06
2.870502887551783386e-06
3.814163346911291054e-06
1.570716818670496069e-05
3.174577384741040937e-06
5.927838388619200376e-05
5.204281807056207468e-06
5.523304004642524292e-06
6.374939189729832503e-07
1.190382361936849796e-05
1.390869135298176147e-05
1.476129339212612340e-05
2.753844488107130590e-05
1.460552447018571625e-04
8.669230995738911726e-05
9.616580638779892703e-05
2.378650646226810537e-05
1.261561441451200375e-04
7.012013604447994795e-05
7.778267103568893754e-05
1.050556062193149572e-04
7.864366130829820089e-05
5.656115158130026242e-05
8.074231702479475596e-05
9.074244631550943188e-05
6.792896134857876367e-05
4.574887490785083501e-05
6.530754869847107535e-05
1.948004812068735477e-04
1.015854679224119557e-04
8.100520254266376722e-05
3.335888436362011589e-04
1.177690628753558043e-04
6.141476286330052972e-05
5.793779629732583232e-05
2.385945823600077237e-04
3.983808242607341340e-05
7.438902433733474975e-04
5.216133232927687305e-04
5.535881922288703400e-04
2.408461008413719935e-05
4.497281336341393864e-04
3.730763645086962476e-04
3.959459257825890220e-04
2.255354987437901040e-05
1.196169304412014224e-04
9.645334898597325058e-05
1.069935048287326876e-04
2.855552149798679251e-05
1.514494989818522628e-04
1.137699312169426557e-04
1.262023953859264282e-04
8.603887636658251188e-05
6.440791211270000698e-05
6.292960119762838972e-05
8.983342220038318033e-05
1.089356219944610359e-04
8.154820545851168047e-05
7.422755637862805771e-05
1.059615075284369855e-04
2.098845066370360062e-04
1.094515561989050409e-04
1.092767838736396588e-05
4.500145030745550682e-05
4.214737284744741650e-05
2.197920952701029561e-05
2.920474169719636007e-05
1.202685223375692423e-04
4.292287279558812884e-05
8.014920484550147432e-04
7.036613032978218728e-05
7.467957037121413422e-05
8.619437196132613855e-06
1.609493942252570870e-04
1.880568394919853435e-04
1.995847137367134407e-04
6.515485956960387138e-06
3.455608695062751726e-05
2.051105392999418890e-05
2.275244530929012232e-05
5.627792327757116530e-06
2.984803931781871127e-05
1.659014383967595440e-05
1.840306898289114596e-05
3.089102803900436707e-04
2.312473968778973711e-04
1.663149813984020862e-04
2.374183795522701566e-04
2.668232143278881905e-04
1.997414060225174981e-04
1.345220715381007849e-04
1.920332850958506640e-04
5.779387454830584443e-05
3.013862056533597701e-05
2.403281801208211922e-05
9.896993919306985334e-05
3.494000837842742865e-05
1.822067932453496722e-05
1.718912453433301497e-05
7.078681364331842010e-05
4.906747848499784905e-06
9.162293034474049385e-05
6.424568894763148035e-05
6.818394625831957899e-05
2.966435669477688669e-06
5.539178639469065037e-05
4.595079726229676155e-05
4.876757868708151241e-05
2.200176004819564842e-06
1.166904108633801926e-05
9.409354412295990028e-06
1.043758270014713487e-05
2.785688885116568764e-06
1.477441712979967463e-05
1.109864629416267218e-05
1.231147573776396629e-05
1.043140897004300174e-04
7.808856885712567232e-05
7.629625515066959746e-05
1.089146215901422944e-04
1.320742520611988544e-04
9.886957127222844764e-05
8.999396902086118262e-05
1.284684164635053008e-04
1.276150493372070396e-04
6.654929402917937045e-05
6.644302806763272691e-06
2.736201158079395787e-05
2.562666083143629958e-05
1.336391119632688656e-05
1.775721615799555176e-05
7.312628100922235195e-05
1.083462345560788977e-05
2.023132186195723955e-04
1.776187092094597540e-05
1.885067266238162046e-05
2.175724743870278764e-06
4.062696572392733362e-05
4.746944720710265079e-05
5.037932179261889822e-05
2.981547595671942473e-06
1.581319008959080252e-05
9.386051007345226551e-06
1.041173276340218917e-05
2.575330649871163901e-06
1.365874325436828969e-05
7.591805707783872608e-06
8.421417288192858803e-06
7.762923026428121922e-05
5.811252832888402791e-05
4.179499617518177989e-05
5.966329780920339224e-05
6.705274009904041020e-05
5.019506499380673310e-05
3.380543002283298808e-05
4.825801228851763364e-05
4.262531391577746586e-05
2.222844847531701759e-05
1.772517278088911447e-05
7.299432265618317013e-05
2.576966567807351246e-05
1.343848603398031931e-05
1.267767276272385896e-05
5.220813064059460031e-05
5.919779482949005927e-06
1.105391106225874452e-04
7.750965059604472251e-05
8.226098804932620930e-05
3.578876591148087245e-06
6.682779933830094218e-05
5.543765346361993046e-05
5.883597866826456032e-05
1.006821213422616519e-06
5.339862847467383374e-06
4.305808992625670135e-06
4.776335918736131316e-06
1.274757409128716648e-06
6.760912104146278994e-06
5.078844830940554457e-06
5.633846980498799826e-06
2.621415667662112974e-05
1.962367676842576307e-05
1.917326788838258304e-05
2.737027148430480123e-05
3.319029237970281805e-05
2.484594784198047092e-05
2.261550678953121469e-05
3.228414499750802353e-05
9.412124694684158570e-05
4.908278898131599848e-05
4.900441354784854377e-06
2.018058733929735545e-05
1.890069615665093653e-05
9.856423614753215246e-06
1.309666325230074202e-05
5.393358219833747973e-05
1.307150553040864222e-05
2.440821655589449563e-04
2.142893058765034346e-05
2.274252289134301411e-05
2.624917989875045160e-06
4.901468051196274133e-05
5.726983907058813284e-05
6.078047715535554171e-05
2.242312556440978402e-06
1.189252009484907038e-05
7.058904596967375605e-06
7.830282214368998342e-06
1.936811695233726458e-06
1.027223967476902906e-05
5.709518536392036956e-06
6.333438968324863507e-06
2.971775825878413766e-05
2.224644071318502834e-05
1.599981847729790372e-05
2.284010101838626752e-05
2.566890221722611533e-05
1.921550429125227233e-05
1.294127989975757029e-05
1.847396835389554119e-05
2.005863715920288420e-05
1.046027211575289222e-05
8.341118850140182304e-06
3.434969735906648808e-05
1.212669951409113398e-05
6.323888097510334011e-06
5.965864286021385216e-06
2.456812286119791275e-05
2.323063283967811106e-06
4.337819509483934209e-05
3.041664372321286846e-05
3.228118236341925151e-05
1.404436910309758370e-06
2.622482939412434501e-05
2.175506328936945672e-05
2.308864751030729093e-05
4.605770184851572476e-06
2.442755552443688830e-05
1.969720782152086126e-05
2.184966434364994377e-05
5.831462020873418728e-06
3.092823927082698042e-05
2.323351135631530938e-05
2.577240537134528964e-05
6.104107322405625418e-05
4.569478642107076765e-05
4.464598512768408234e-05
6.373314871219019385e-05
7.728538028019496411e-05
5.785512539093046170e-05
5.266142348077445742e-05
7.517536738179533893e-05
1.805022062140121890e-05
9.412913646658441766e-06
9.397883099239274785e-07
3.870157542106351927e-06
3.624704799313836655e-06
1.890228046859237857e-06
2.511629082450857907e-06
1.034318062246132097e-05
2.090461304040166684e-06
3.903485493084962423e-05
3.427023006357961831e-06
3.637099334120388578e-06
4.197901665839049636e-07
7.838675713504178049e-06
9.158882439911987696e-06
9.720321445665636287e-06
1.923612562277153724e-05
1.020223562762148357e-04
6.055622138688140297e-05
6.717363817309580487e-05
1.661532553530510885e-05
8.812245743506184209e-05
4.898024385409573161e-05
5.433266975600617644e-05
7.338333182351237786e-05
5.493408777780885187e-05
3.950903625405402997e-05
5.640003856681740534e-05
6.338531838602632815e-05
4.744966680467180742e-05
3.195645609722767741e-05
4.561856039091587075e-05
1.535873699553773732e-04
8.009346151111599232e-05
6.386727555368778122e-05
2.630128674380908887e-04
9.285316194843740807e-05
4.842150207314108081e-05
4.568014257042137346e-05
1.881161389501856667e-04
3.140970836405848127e-05
5.865085409817079060e-04
4.112578057399250264e-04
4.364678873277032917e-04
1.898913132198601456e-05
3.545810606415006360e-04
2.941461810689947713e-04
3.121773263019491274e-04
3.951151841474002507e-05
2.095566585378763678e-04
1.689764270303173736e-04
1.874417047358247336e-04
5.002636036431386800e-05
2.653240709890407594e-04
1.993133124213204298e-04
2.210937212567132412e-04
1.507313335096596989e-04
1.128360909777168035e-04
1.102462410752002631e-04
1.573789906821613431e-04
1.908440958709085877e-04
1.428641362273221538e-04
1.300391059088682973e-04
1.856337507524512980e-04
1.382090862082027173e-04
7.207392202834986890e-05
7.195883433675963147e-06
2.963348474212609699e-05
2.775407285015016998e-05
1.447332398651041227e-05
1.923134169163038282e-05
7.919690137315321937e-05
2.826474007806703895e-05
5.277830431365492219e-04
4.633614328524422277e-05
4.917654640071166840e-05
5.675905085107739063e-06
1.059852823729643350e-04
1.238355529802768942e-04
1.314266657823392516e-04
5.444632342708012119e-06
2.887661640154782141e-05
1.713995676576877386e-05
1.901296394850158326e-05
4.702835725248835404e-06
2.494236060206800771e-05
1.386346840686268048e-05
1.537842998223270169e-05
2.581392876474367971e-04
1.932406983186581476e-04
1.389802591518542196e-04
1.983974482644219515e-04
2.229694472693902793e-04
1.669128790380390993e-04
1.124126774798722038e-04
1.604716274144359187e-04
1.853228753541213264e-04
9.664304160307668587e-05
7.706406555488386093e-05
3.173587832314645548e-04
1.120392579351140252e-04
5.842675732885592384e-05
5.511895522526523650e-05
2.269862670406593453e-04
1.573406571247582751e-05
2.937997328015348633e-04
2.060113791978075975e-04
2.186398657702224050e-04
9.512225856412117892e-06
1.776202963704270844e-04
1.473466511809208665e-04
1.563789930504536486e-04
2.962064993620072529e-05
1.570986049990614748e-04
1.266767715681556034e-04
1.405196596381195996e-04
3.750332478695043666e-05
1.989058315582772137e-04
1.494194627725087363e-04
1.657476093855689942e-04
1.404365436065773418e-03
1.051295058699413436e-03
1.027165399636458714e-03
1.466301728583730823e-03
1.778096469246395490e-03
1.331066675384953149e-03
1.211575731621903794e-03
1.729551628409659123e-03
3.030335208498497650e-04
1.580273406974609760e-04
1.577750025238582583e-05
6.497358070169926734e-05
6.085283279446983870e-05
3.173382044814162454e-05
4.216612194875637987e-05
1.736449934076805856e-04
2.572779707320905731e-05
4.804111056741935492e-04
4.217717510598912250e-05
4.476263369357980418e-05
5.166455938852343464e-06
9.647241864270007642e-05
1.127205121549123163e-04
1.196302735463800916e-04
2.491514919677918800e-06
1.321421100005593269e-05
7.843405268996980008e-06
8.700510955240921577e-06
2.152061817350185432e-06
1.141385857858132589e-05
6.344053408940017188e-06
7.037314060933982698e-06
6.487046716521728453e-05
4.856143553160008813e-05
3.492577367857811424e-05
4.985732807505823672e-05
5.603227753417585900e-05
4.194524800067378842e-05
2.824933379909178469e-05
4.032655986621770373e-05
1.366830965994731231e-04
7.127814181524606059e-05
5.683785715313785373e-05
2.340649050595084042e-04
8.263347245188268982e-05
4.309209049726948188e-05
4.065245300733145192e-05
1.674115286922256461e-04
1.898247113239447578e-05
3.544566959694469589e-04
2.485438366681259979e-04
2.637795606181421427e-04
1.147608990732672436e-05
2.142912207177017909e-04
1.777673745368327078e-04
1.886645051278390062e-04
1.355468773671036713e-05
7.188979780057496805e-05
5.796848096848942610e-05
6.430311662188460502e-05
1.716187381676155023e-05
9.102117750927960882e-05
6.837575016181948501e-05
7.584766347688716686e-05
3.529173832411612545e-04
2.641907096275070144e-04
2.581269203057934476e-04
3.684819889497234209e-04
4.468360847976580877e-04
3.344973864582985825e-04
3.044692825824231474e-04
4.346367542260123917e-04
2.234994461641745035e-04
1.165515386734396376e-04
1.163654290909482026e-05
4.792063683716489320e-05
4.488141902236645274e-05
2.340497274011897865e-05
3.109921594155139180e-05
1.280701875718498830e-04
3.103947664684346023e-05
5.795952623936963125e-04
5.088494121773962109e-05
5.400418540419464858e-05
6.233106083845157430e-06
1.163898089293772858e-04
1.359924324145109719e-04
1.443287612784019890e-04
8.637790523608883012e-06
4.581212243674086856e-05
2.719216777322135784e-05
3.016365283875179336e-05
7.460946360510245488e-06
3.957051137411075632e-05
2.199409041632172768e-05
2.439754393084392909e-05
1.144781399601380538e-04
8.569728346942629338e-05
6.163417317790140801e-05
8.798416954326120174e-05
9.888121960808139851e-05
7.402157223647226581e-05
4.985213348620803181e-05
7.116504267986941833e-05
6.845744025438325452e-05
3.569950678728971014e-05
2.846712071244591235e-05
1.172309133492440694e-04
4.138680015396133826e-05
2.158258251419125891e-05
2.036069522991948316e-05
8.384771056896869442e-05
7.928303638336393878e-06
1.480439660720177307e-04
1.038079284197717842e-04
1.101713489029702354e-04
4.793154944450952874e-06
8.950182792483419539e-05
7.424711527218830188e-05
7.879845948388389753e-05
7.074213530211248874e-06
3.751940215543492067e-05
3.025384430527687646e-05
3.355990093444143177e-05
8.956809800162712833e-06
4.750410027727992640e-05
3.568541498916738704e-05
3.958501867585810931e-05
9.375578215354451366e-05
7.018471686304284863e-05
6.857381488521908540e-05
9.789066428577596285e-05
1.187061579111976930e-04
8.886233885023474049e-05
8.088509403555588109e-05
1.154652923891026688e-04
7.375831920131119691e-05
3.846383398446877907e-05
3.840241490613359890e-06
1.581456101492695261e-05
1.481157151516080995e-05
7.724007731972621951e-06
1.026322854796916298e-05
4.226516860429908380e-05
8.542217592541223139e-06
1.595074847203156732e-04
1.400378766082722867e-05
1.486221909857757590e-05
1.715381642912220417e-06
3.203105144912763114e-05
3.742579044875244066e-05
3.971998940991892067e-05
8.289955116633428666e-06
4.396731290950826225e-05
2.609716567539419123e-05
2.894899193300780329e-05
7.160501321164018100e-06
3.797704544200452848e-05
2.110840982820069161e-05
2.341507861182608931e-05
3.162510679415520069e-05
2.367426429738725334e-05
1.702672064377798832e-05
2.430602697571412671e-05
2.731638661434201225e-05
2.044879596982303722e-05
1.377187859592043913e-05
1.965966668872463867e-05
5.864119244487828034e-05
3.058048387321422390e-05
2.438516394780382038e-05
1.004209407283775790e-04
3.545226499103239812e-05
1.848781330369882327e-05
1.744113485477240700e-05
7.182462144752074448e-05
1.199254048916519151e-05
2.239348211527137386e-04
1.570223393880633769e-04
1.666478004293553297e-04
7.250240072065644359e-06
1.353825918135613993e-04
1.123079509467765039e-04
1.191924223581590329e-04
6.789341845075241528e-06
3.600853239278653176e-05
2.903555147706628916e-05
3.220847642748194583e-05
8.596127797800410232e-06
4.559115645121836544e-05
3.424839810250883881e-05
3.799096854884769192e-05
2.590046120777152422e-05
1.938884722344503330e-05
1.894382822591999721e-05
2.704274120165156160e-05
3.279311598155486138e-05
2.454862524055366645e-05
2.234487508113296115e-05
3.189781214208437378e-05
6.318196787116803529e-05
3.294842872402990020e-05
3.289581664886236809e-06
1.354687981995092536e-05
1.268771096909380124e-05
6.616446980389871942e-06
8.791563899421326304e-06
3.620468245131667085e-05
1.292116132516154808e-05
2.412748118757305788e-04
2.118246199755559702e-05
2.248094578980266468e-05
2.594727036881260003e-06
4.845092959820086428e-05
5.661114000798463423e-05
6.008139987529752973e-05
2.365991135038549923e-05
1.254847235139288156e-04
7.448250535606044768e-05
8.262174802897386656e-05
2.043639852079917415e-05
1.083882259753760725e-04
6.024436782302526047e-05
6.682770611224891487e-05
1.121756672876150209e-03
8.397367358751764389e-04
6.039453913523541067e-04
8.621456404426781992e-04
9.689244423094271709e-04
7.253279326687148316e-04
4.884946891584609997e-04
6.973371643656749554e-04
2.098689119186034730e-04
1.094434237920482365e-04
8.727121007119500258e-05
3.593929912717503837e-04
1.268788707820317952e-04
6.616538818593608738e-05
6.241946730597923150e-05
2.570506247178694901e-04
1.781804456046432502e-05
3.327135418507488375e-04
2.332976105215238383e-04
2.475987416207853687e-04
1.077212128613146045e-05
2.011461254456109048e-04
1.668627324020319691e-04
1.770914090109692066e-04
7.989575846398028794e-06
4.237419579606689141e-05
3.416851678138540052e-05
3.790235801736070254e-05
1.011576918544388350e-05
5.365085610709461532e-05
4.030290129758465594e-05
4.470709114747439209e-05
3.787993913595570964e-04
2.835657430378374214e-04
2.770572517776375711e-04
3.955054632311314476e-04
4.796058369365667896e-04
3.590285217409714498e-04
3.267982377934945280e-04
4.665118403952413727e-04
4.634129785926185746e-04
2.416627719808154455e-04
2.412768846891590808e-05
9.936062676617670320e-05
9.305898707838556976e-05
4.852883672655896371e-05
6.448239822832945963e-05
2.655460141408602713e-04
3.934414595746916192e-05
7.346670454314582288e-04
6.449930123134281457e-05
6.845310496151474355e-05
7.900785129897868868e-06
1.475301172948434263e-04
1.723774589019012133e-04
1.829441879515595237e-04
2.310276250044759173e-05
1.225297813607147829e-04
7.272857476920948023e-05
8.067615274704340532e-05
1.995515766726780284e-05
1.058358759452054270e-04
5.882572006265280749e-05
6.525403243896097749e-05
6.015163643510654506e-04
4.502896221518045599e-04
3.238519055486452380e-04
4.623058847963343299e-04
5.195635755609168648e-04
3.889405176458710458e-04
2.619441065360553797e-04
3.739311082149751565e-04
3.302856896642287067e-04
1.722389294150948396e-04
1.373449337621563467e-04
5.656024081771494254e-04
1.996783370960394585e-04
1.041291950728227009e-04
9.823397195495549099e-05
4.045389194969973906e-04
4.586988973381502964e-05
8.565212319372040965e-04
6.005897916278392411e-04
6.374059138665001201e-04
2.773121449536073893e-05
5.178206038976175670e-04
4.295631380868448492e-04
4.558953355725255487e-04
7.801435539006731186e-06
4.137635881750873726e-05
3.336390895564546408e-05
3.700982486850072449e-05
9.877560804844200256e-06
5.238747382575038955e-05
3.935383962213825524e-05
4.365431863078957851e-05
2.031225115200664005e-04
1.520556453382118851e-04
1.485656157311597688e-04
2.120807605394475705e-04
2.571776627955794686e-04
1.925208347923153588e-04
1.752380820431108084e-04
2.501563065738517761e-04
7.293060884271437404e-04
3.803219570738984113e-04
3.797146586937228063e-05
1.563709119036398075e-04
1.464535716398050194e-04
7.637329493112728594e-05
1.014805536243852788e-04
4.179087203354700758e-04
1.012856169831694600e-04
1.891290385465872661e-03
1.660438004490385360e-04
1.762222765728745414e-04
2.033938917871561065e-05
3.797942130948919141e-04
4.437599763315101093e-04
4.709624392454481818e-04
9.167497889522498381e-06
4.862152359512172836e-05
2.885971128741811068e-05
3.201342090708790393e-05
7.918484458134479850e-06
4.199714944672258666e-05
2.334286492853670166e-05
2.589370880021026121e-05
1.214984437990923865e-04
9.095261840357057208e-05
6.541385218668217469e-05
9.337974640559355691e-05
1.049450515838351637e-04
7.856090112422402043e-05
5.290928591911055596e-05
7.552919659168874384e-05
8.200797578173408956e-05
4.276590356216907027e-05
3.410193161308696465e-05
1.404357198734115114e-04
4.957894557695227418e-05
2.585466090397305211e-05
2.439091200474141941e-05
1.004446118952506033e-04
9.497640144692593705e-06
1.773479396710064327e-04
1.243557756201020645e-04
1.319787780422780274e-04
5.741916921549872510e-06
1.072179110058204366e-04
8.894366497607061905e-05
9.439590690185852191e-05
1.883028676264018495e-05
9.986991468839115284e-05
8.053030368785322893e-05
8.933043307535805952e-05
2.384142015154203085e-05
1.264473890704969749e-04
9.498817000930617239e-05
1.053682151362225826e-04
2.495610651371087921e-04
1.868191197850850777e-04
1.825311878390981622e-04
2.605673792591127903e-04
3.159744873989337745e-04
2.365355973215660000e-04
2.153016033525287094e-04
3.073478850381791065e-04
7.379674121557582434e-05
3.848387047654216987e-05
3.842241940392174054e-06
1.582279909973534208e-05
1.481928712498217962e-05
7.728031304343463821e-06
1.026857484541657541e-05
4.228718527887350521e-05
8.546667384913747068e-06
1.595905749929738427e-04
1.401108248173814164e-05
1.486996109162179538e-05
1.716275215578557563e-06
3.204773699089452730e-05
3.744528620557091233e-05
3.974068025559199106e-05
8.798331683114380737e-06
4.666358222096463353e-05
2.769755883727288714e-05
3.072427164380603365e-05
7.599614805461625619e-06
4.030596516415832004e-05
2.240287050517132374e-05
2.485099437989550674e-05
3.356449765700164633e-05
2.512607447345439413e-05
1.807087415939188067e-05
2.579657962224340894e-05
2.899154777508240481e-05
2.170280621928141206e-05
1.461643085900069940e-05
2.086528405441099893e-05
7.024868987156828695e-05
3.663361603281224525e-05
2.921198816423853449e-05
1.202983641314932201e-04
4.246972247265771804e-05
2.214730992033954766e-05
2.089345087197519001e-05
8.604166025362533097e-05
1.436635618191921241e-05
2.682607079893385249e-04
1.881035013561293938e-04
1.996342359706441950e-04
8.685359984719077180e-06
1.621803600815187427e-04
1.345383012732455732e-04
1.427854919756257749e-04
1.807200946456894225e-05
9.584825054577346707e-05
7.728742683403734678e-05
8.573318358671463805e-05
2.288134939518155932e-05
1.213554759339019413e-04
9.116308896772096139e-05
1.011251397925902961e-04
6.894237921206934356e-05
5.160963146720105892e-05
5.042507076622247095e-05
7.198292354341152193e-05
8.728938915062082310e-05
6.534403449006556479e-05
5.947804708695891363e-05
8.490625101591164588e-05
6.321488047678460245e-05
3.296559214386023812e-05
3.291295266213132678e-06
1.355393662947858181e-05
1.269432022235660726e-05
6.619893604757327094e-06
8.796143580699450644e-06
3.622354211136118808e-05
1.292789218684775352e-05
2.414004961966854511e-04
2.119349631701736303e-05
2.249265651245973605e-05
2.596078676130953151e-06
4.847616854518765493e-05
5.664062975303951758e-05
6.011269734015363539e-05
2.613203479724890632e-06
1.385960882450946922e-05
8.226486536345946256e-06
9.125454286486570137e-06
2.257171083049170679e-06
1.197132504367754372e-05
6.653904543323268438e-06
7.381024872340268116e-06
1.238964253734115917e-04
9.274772537159476488e-05
6.670490750676746406e-05
9.522275693555135164e-05
1.070163233807821742e-04
8.011143615551475977e-05
5.395354203282844163e-05
7.701989569932088137e-05
8.894749034737232593e-05
4.638475414168129456e-05
3.698763692271766183e-05
1.523193898982787460e-04
5.377431574309259797e-05
2.804248220089526156e-05
2.645487087596872541e-05
1.089442345312506544e-04
7.551715649841621638e-06
1.410119978307574425e-04
9.887713606661535420e-05
1.049382992411851661e-04
4.565483974541768466e-06
8.525056373487045584e-05
7.072043755304887453e-05
7.505559660839625019e-05
1.421671485103318628e-05
7.540098126061653373e-05
6.079973071194978831e-05
6.744375752531585647e-05
1.800008020114856905e-05
9.546676037029489588e-05
7.171530334434623782e-05
7.955215381669330978e-05
6.740386518930933935e-04
5.045791400938717331e-04
4.929978789436420539e-04
7.037655691469191233e-04
8.534144434829122163e-04
6.388582091351583704e-04
5.815073853544830114e-04
8.301148818206541095e-04
1.454438429104744476e-04
7.584673686100208440e-05
7.572562473591815844e-06
3.118469283004296174e-05
2.920690037456834018e-05
1.523095129299455927e-05
2.023803439190338601e-05
8.334257897459132209e-05
1.234830280641620172e-05
2.305779149124102486e-04
2.024333946066183618e-05
2.148425509141610589e-05
2.479690048371428242e-06
4.630286201642616725e-05
5.410129023571163994e-05
5.741769644566178401e-05
2.551667183505474247e-06
1.353323967617202542e-05
8.032767403383928701e-06
8.910566061184992307e-06
2.204018716820483665e-06
1.168942162140587852e-05
6.497216920575738239e-06
7.207214858511941322e-06
6.643662493722986642e-05
4.973384684604616803e-05
3.576898129339218629e-05
5.106102592507774944e-05
5.738505624502148508e-05
4.295792571097820474e-05
2.893135314652370667e-05
4.130015783634102361e-05
1.399830157059103861e-04
7.299899909679219044e-05
5.821008484957501829e-05
2.397158982808258261e-04
8.462847974509818394e-05
4.413245625065124301e-05
4.163391896574135934e-05
1.714533196372185892e-04
1.944076203109089456e-05
3.630142897943933341e-04
2.545443925218739394e-04
2.701479502261280754e-04
1.175315539160786477e-05
2.194648209007608040e-04
1.820591850849523688e-04
1.932194034339715133e-04
1.388193649063078039e-05
7.362542219907095215e-05
5.936800514286199156e-05
6.585557693646046438e-05
1.757621031278160695e-05
9.321868788346617234e-05
7.002653544536593944e-05
7.767884202136688104e-05
3.614378136742236363e-04
2.705690255431737680e-04
2.643588390828383863e-04
3.773781932790441817e-04
4.576239800850340645e-04
3.425731057248996886e-04
3.118200379275493724e-04
4.451301229403103999e-04
2.288953591265249961e-04
1.193654246543827095e-04
1.191748218566917625e-05
4.907757744669019351e-05
4.596498426079472996e-05
2.397003541906226104e-05
3.185003955788684118e-05
1.311621665322898185e-04
3.178885798651912670e-05
5.935883422108596211e-04
5.211344857477153271e-05
5.530800019678085763e-05
6.383591011171645155e-06
1.191997902938331233e-04
1.392756769211125987e-04
1.478132684983888081e-04
1.503001329751063502e-05
7.971446025802907966e-05
4.731518344912376099e-05
5.248565614421954055e-05
1.298226933195308064e-05
6.885387073425982716e-05
3.827037371657092510e-05
4.245245456056488122e-05
1.991953800190428107e-04
1.491158307886209064e-04
1.072453007413168671e-04
1.530950808069774394e-04
1.720562731315926407e-04
1.287997447930699620e-04
8.674420005429029420e-05
1.238292981142431943e-04
1.191179890881444408e-04
6.211820722683583337e-05
4.953363961310112555e-05
2.039852878699235158e-04
7.201426741656650294e-05
3.755433768581202504e-05
3.542821734514521831e-05
1.458975187431259311e-04
1.379548494319258607e-05
2.576009191930470630e-04
1.806288934967519336e-04
1.917014350475934224e-04
8.340232650377788404e-06
1.557358516839482188e-04
1.291921964063277037e-04
1.371116711651057605e-04
1.230934266556880391e-05
6.528487948041029930e-05
5.264259198764950870e-05
5.839522918843054850e-05
1.558511635953337138e-05
8.265855219599500489e-05
6.209368707754702767e-05
6.887911387225647522e-05
1.631378589970179866e-04
1.221235019360973368e-04
1.193204844188860834e-04
1.703326773086239897e-04
2.065522574349575036e-04
1.546231216092176504e-04
1.407424775585874985e-04
2.009130547060423955e-04
1.283416766553596700e-04
6.692821904857575318e-05
6.682134801928006199e-06
2.751780813611775205e-05
2.577257647328155888e-05
1.344000396910760491e-05
1.785832396950958582e-05
7.354265473420362937e-05
1.486371354517201968e-05
2.775477837586157919e-04
2.436700845922007197e-05
2.586070477995445205e-05
2.984815252558875354e-06
5.573498545696318210e-05
6.512199231703273195e-05
6.911396697759216931e-05
4.835654912646187939e-06
2.564679177093754205e-05
1.522286738937258157e-05
1.688638033469271946e-05
4.176827606849322429e-06
2.215257908826832886e-05
1.231285142655149052e-05
1.365836585678106367e-05
1.844739819221378178e-05
1.380955274694367114e-05
9.931941026090364120e-06
1.417806937412638823e-05
1.593405721369317465e-05
1.192808878913823586e-05
8.033342937539857324e-06
1.146777786692348073e-05
3.420628535859481049e-05
1.783805400537065512e-05
1.422423115455505079e-05
5.857703793732172592e-05
2.067983685754144798e-05
1.078421824585494342e-05
1.017367503876851381e-05
4.189637683981860017e-05
6.995428384790890354e-06
1.306245332796714001e-04
9.159348104714970734e-05
9.720815655696238950e-05
4.229173563558001607e-06
7.897069235953622359e-05
6.551090893548213855e-05
6.952672416403837103e-05
3.960324728525808335e-06
2.100431595980342323e-05
1.693687181245995352e-05
1.878768643184790469e-05
5.014250020698404040e-06
2.659400401628297592e-05
1.997760328066954566e-05
2.216070064490623004e-05
1.510812672892069580e-05
1.130980481890397137e-05
1.105021857611659677e-05
1.577443574824704032e-05
1.912871543526283485e-05
1.431958057348342100e-05
1.303410011735096446e-05
1.860647130381274701e-05
3.685498763604189506e-05
1.921931168283950428e-05
1.918862227183920760e-06
7.902097783489106698e-06
7.400931731805218912e-06
3.859472565875424184e-06
5.128250824275178992e-06
2.111873322513264161e-05
7.537106819039760229e-06
1.407392094323509329e-04
1.235604716543006133e-05
1.311347219857317369e-05
1.513543121324666913e-06
2.826215250112972370e-05
3.302212538410984993e-05
3.504637991135816033e-05
3.041637239449432873e-05
1.613188664866924582e-04
9.575216010891522168e-05
1.062156919659126413e-04
2.627233460875975232e-05
1.393401942899471450e-04
7.744809772274025396e-05
8.591141214681129266e-05
1.442091992354570208e-03
1.079536812013470433e-03
7.764115282288456101e-04
1.108344932897098152e-03
1.245616106627173841e-03
9.324567696582209634e-04
6.279920561889345415e-04
8.964727957664759802e-04
2.698002914892393741e-04
1.406967204943969959e-04
1.121928812637060246e-04
4.620233312207528017e-04
1.631111345071174573e-04
8.505995888513406865e-05
8.024433118654491701e-05
3.304554869149472249e-04
2.290626835691616053e-05
4.277251440106795768e-04
2.999194246876477326e-04
3.183044694469357454e-04
1.384827050555686666e-05
2.585865756916154662e-04
2.145130187658274583e-04
2.276626553909545094e-04
1.027112530639892447e-05
5.447481607869111522e-05
4.392587593415532468e-05
4.872597445580483720e-05
1.300448670515405339e-05
6.897170468942739018e-05
5.181203075073694279e-05
5.747390651123575637e-05
4.869715350904033524e-04
3.645424156849099762e-04
3.561753220401012079e-04
5.084482894099715683e-04
6.165648519472602439e-04
4.615547816640597927e-04
4.201206315352269552e-04
5.997316580677453102e-04
5.957478673767412731e-04
3.106733900055161889e-04
3.101773065083506643e-05
1.277346216692882663e-04
1.196334493275475657e-04
6.238701184831701627e-05
8.289636458722374722e-05
3.413768688465716804e-04
5.057948769390559608e-05
9.444628134433827185e-04
8.291809450948024664e-05
8.800096928659521226e-05
1.015697899966735361e-05
1.896596703423520020e-04
2.216025624411919245e-04
2.351867877160212573e-04
6.798300965808970627e-05
3.605604874952815595e-04
2.140136877941967717e-04
2.374005130890089398e-04
5.872075585749916978e-05
3.114364083696003469e-04
1.731026536365912335e-04
1.920188340005329311e-04
1.770043422572743731e-03
1.325038238656118259e-03
9.529781220872509491e-04
1.360397719990932277e-03
1.528886234910873439e-03
1.144510184313646218e-03
7.708060334419024242e-04
1.100342962913908795e-03
9.719104037855673568e-04
5.068363924746476000e-04
4.041560812591769836e-04
1.664361739294207502e-03
5.875805682999316179e-04
3.064142686047898563e-04
2.890667756307008208e-04
1.190410595733074235e-03
1.349783670558463372e-04
2.520429804964567470e-03
1.767316856760936831e-03
1.875653285950987627e-03
8.160285692380475143e-05
1.523757304575483907e-03
1.264047750339446522e-03
1.341533810110569777e-03
2.295678136261772683e-05
1.217555433491031801e-04
9.817782374377644278e-05
1.089064254298916770e-04
2.906606132409844740e-05
1.541572415415650506e-04
1.158040065149310824e-04
1.284587488200511279e-04
5.977155183141661830e-04
4.474443437400376484e-04
4.371744586352304058e-04
6.240763801198641802e-04
7.567801267635458152e-04
5.665186477511467873e-04
5.156618055425671613e-04
7.361188345122248551e-04
2.146082004361408047e-03
1.119148901800704355e-03
1.117361844012960471e-04
4.601426004350555438e-04
4.309594826617684274e-04
2.247387708211244744e-04
2.986202821857868736e-04
1.229753046641748719e-03
2.980466547002325029e-04
5.565378276251059519e-03
4.886063858975398791e-04
5.185579313293026344e-04
5.985140915288722323e-05
1.117595943620006225e-03
1.305823870900037643e-03
1.385870804636479825e-03
1.595171992279987877e-05
8.460290211744851934e-05
5.021675893003545589e-05
5.570430778764773880e-05
1.377839927659740005e-05
7.307629340125025206e-05
4.061728162068442858e-05
4.505582608484318488e-05
2.114109182129424310e-04
1.582602704143759695e-04
1.138220550174279461e-04
1.624835455731633025e-04
1.826075217385536413e-04
1.366983125296000843e-04
9.206373652527249582e-05
1.314230561647246505e-04
1.426963253082478048e-04
7.441394850484372590e-05
5.933837874565057845e-05
2.443623437467870325e-04
8.626884493915864616e-05
4.498788158004407421e-05
4.244091481122315944e-05
1.747766223691846394e-04
1.652617729956936472e-05
3.085907078037905928e-04
2.163827608557798720e-04
2.296470125714363561e-04
9.991106805405505965e-06
1.865623649640800420e-04
1.547646314952709761e-04
1.642516951629830011e-04
3.276526093853159439e-05
1.737766320779717205e-04
1.401251317652131112e-04
1.554376195307476897e-04
4.148478258760795545e-05
2.200222306816299685e-04
1.652822506454565323e-04
1.833438389486111392e-04
4.342437012450873438e-04
3.250708438604179608e-04
3.176097143052550287e-04
4.533950162900815257e-04
5.498050380244574962e-04
4.115789985136635801e-04
3.746312152997046036e-04
5.347944924642130749e-04
1.284085321068476461e-04
6.696308314275302008e-05
6.685615644244615904e-06
2.753214264954195563e-05
2.578600186463559244e-05
1.344700510511246094e-05
1.786762668662311414e-05
7.358096440502932963e-05
1.487145631669992469e-05
2.776923633127890436e-04
2.437970166531186665e-05
2.587417607890362089e-05
2.986370095666106657e-06
5.576401879760129637e-05
6.515591551572869349e-05
6.914996966656142632e-05
5.132198573810924333e-06
2.721956602101767897e-05
1.615640067713142630e-05
1.792192756432944915e-05
4.432969075370955858e-06
2.351107282401789588e-05
1.306792971633146906e-05
1.449595701865346171e-05
1.957867391343542997e-05
1.465641535492602256e-05
1.054101140177963593e-05
1.504753104506897071e-05
1.691120379439722200e-05
1.265957173904407363e-05
8.525982914776430045e-06
1.217103252332750566e-05
4.097711236129829586e-05
2.136893660396592967e-05
1.703978997318480210e-05
7.017183655537011797e-05
2.477322485155122520e-05
1.291885740168878183e-05
1.218746264964442534e-05
5.018938839160370582e-05
8.380110612243557957e-06
1.564804865898227078e-04
1.097235880799446651e-04
1.164496381852366268e-04
5.066300491053018622e-06
9.460223172853665489e-05
7.847820504910589881e-05
8.328891483877367099e-05
1.054167364228390523e-05
5.590971930478149879e-05
4.508291299501876578e-05
5.000944933417860426e-05
1.334703361526972317e-05
7.078846569372061997e-05
5.317679442368136630e-05
5.898780779269870129e-05
4.021512179932605066e-05
3.010467058422140675e-05
2.941369859554061560e-05
4.198871682199057786e-05
5.091720733459179722e-05
3.811615345902237106e-05
3.469443519827589156e-05
4.952708718719819121e-05
3.687418605156991553e-05
1.922932336254737609e-05
1.919861796488957753e-06
7.906214126120629773e-06
7.404787008167942189e-06
3.861483033461803180e-06
5.130922220918385311e-06
2.112973434714861837e-05
7.541033031416223049e-06
1.408125229781442768e-04
1.236248364914587187e-05
1.312030323839794505e-05
1.514331552731827308e-06
2.827687475671127873e-05
3.303932719383512244e-05
3.506463619110340767e-05
3.359444970219874342e-06
1.781743883167301830e-05
1.057568958235826776e-05
1.173137175943762103e-05
2.901741904412885006e-06
1.538992581973894178e-05
8.554031985578028043e-06
9.488792998646150518e-06
1.592770047484966939e-04
1.192333019286123490e-04
8.575354646174873955e-05
1.224151178121365513e-04
1.375765232605770242e-04
1.029885209237773371e-04
6.936082735769734029e-05
9.901414230520718003e-05
1.143478498247747955e-04
5.963065264728702018e-05
4.755004031810956578e-05
1.958165953133520778e-04
6.913042017270168253e-05
3.605045550918819136e-05
3.400947671761316498e-05
1.400549798628749460e-04
9.708227221196706491e-06
1.812801990081023954e-04
1.271130625708898629e-04
1.349050865362926683e-04
5.869229967697908171e-06
1.095952074798515335e-04
9.091577447859150798e-05
9.648890661184702611e-05
1.827652211927318309e-05
9.693292130174584382e-05
7.816205324833167586e-05
8.670338676229070497e-05
2.314028714735562873e-05
1.227288002780927713e-04
9.219473989576968493e-05
1.022695266875212392e-04
8.665210254022871327e-04
6.486696759047183092e-04
6.337812028784853150e-04
9.047369329744833202e-04
1.097120404865483626e-03
8.212942520605893883e-04
7.475659955421804339e-04
1.067167285698949683e-03
1.869776273857106123e-04
9.750596944793160853e-05
9.735027184435706446e-06
4.008997396818433755e-05
3.754739166709904040e-05
1.958038978208509649e-05
2.601732447263321193e-05
1.071423675629038045e-04
1.587455553141009626e-05
2.964230770800257162e-04
2.602414448749065031e-05
2.761942315849698953e-05
3.187804671675496812e-06
5.952537493339162206e-05
6.955076739140923032e-05
7.381422572814613076e-05
7.508626502009116814e-06
3.982339183864358495e-05
2.363750672478487819e-05
2.622054823897573516e-05
6.485623773750629532e-06
3.439770732916128945e-05
1.911894132373333243e-05
2.120820647853919287e-05
1.954987726974675923e-04
1.463485845211457618e-04
1.052550750448826152e-04
1.502539888270624537e-04
1.688633051073323019e-04
1.264095182748968646e-04
8.513442755357154184e-05
1.215313116348837232e-04
4.119189949045729470e-04
2.148094480273498891e-04
1.712910635881839368e-04
7.053965181742790453e-04
2.490307709196679662e-04
1.298657335660667817e-04
1.225134489911014978e-04
5.045246292335279223e-04
5.720707698461041451e-05
1.068218745210175371e-03
7.490313721093689713e-04
7.949469553253726709e-04
3.458525258549607261e-05
6.458049784573725643e-04
5.357338256727727085e-04
5.685742806526937606e-04
4.084947947230364526e-05
2.166527829017590864e-04
1.746984009782601849e-04
1.937889602087076524e-04
5.172038086022389872e-05
2.743086225542660768e-04
2.060625708900674718e-04
2.285805200683467151e-04
1.063579750574743027e-03
7.961860265119871010e-04
7.779117112172970238e-04
1.110486477880931380e-03
1.346620580863071596e-03
1.008067790795427049e-03
9.175727209940281147e-04
1.309855712985470971e-03
6.735556152598193812e-04
3.512489390376438356e-04
3.506880644740052776e-05
1.444174228726692372e-04
1.352581955891642477e-04
7.053507775822443491e-05
9.372305787381101933e-05
3.859624507661314004e-04
9.354302280843268232e-05
1.746714142980455723e-03
1.533508851033038144e-04
1.627512861924860653e-04
1.878458168616713099e-05
3.507615374841397131e-04
4.098375546682584531e-04
4.349605749409876914e-04
7.919947875616390257e-05
4.200491095247734495e-04
2.493236560904129261e-04
2.765690572932440433e-04
6.840905219512420112e-05
3.628200830268630802e-04
2.016627390913901892e-04
2.236998867907417780e-04
1.049644465102178093e-03
7.857541998786615267e-04
5.651207187665712285e-04
8.067225464167507732e-04
9.066370653848492955e-04
6.787001747515157384e-04
4.570917732027597580e-04
6.525087949864968742e-04
6.276829208012736205e-04
3.273270313371983852e-04
2.610136372203368700e-04
1.074884509643099333e-03
3.794735459977078922e-04
1.978896432674410522e-04
1.866862185318435622e-04
7.687955564342072645e-04
7.269422821271373329e-05
1.357407882704741260e-03
9.518098174680120855e-04
1.010155708584280004e-03
4.394820320780842257e-05
8.206378818745832700e-04
6.807681678125848982e-04
7.224992202409752330e-04
6.486311779281833808e-05
3.440135629396848314e-04
2.773960184377075901e-04
3.077090899404877605e-04
8.212455089668107156e-05
4.355627715742769242e-04
3.271978243295758362e-04
3.629530997668973320e-04
8.596421800970961789e-04
6.435202355288827114e-04
6.287499540984399634e-04
8.975547120919198868e-04
1.088410954863696734e-03
8.147744378329491383e-04
7.416314703685202578e-04
1.058695617432532741e-03
6.762864205502823250e-04
3.526730121791369472e-04
3.521098636544609759e-05
1.450029363083542321e-04
1.358065746505589700e-04
7.082104904128033273e-05
9.410304048620659451e-05
3.875272633496707158e-04
7.832317522656695528e-05
1.462516324403491993e-03
1.284000440064081948e-04
1.362709598652621379e-04
1.572825036856513974e-05
2.936911437999169109e-04
3.431552417805338977e-04
3.641906398248249250e-04
5.253883481390047986e-05
2.786494447393127140e-04
1.653947044634111849e-04
1.834685814095088612e-04
4.538075186227667757e-05
2.406852255682359956e-04
1.337777155056928515e-04
1.483965751362008377e-04
2.004288610074936002e-04
1.500392033203393563e-04
1.079093976674225507e-04
1.540430941172393948e-04
1.731217001602276589e-04
1.295973136749605848e-04
8.728134766090201336e-05
1.245960884134083603e-04
3.716473587377861279e-04
1.938084064556937669e-04
1.545446365557443435e-04
6.364327843221565190e-04
2.246840505089361506e-04
1.171692916990994614e-04
1.105358099301720137e-04
4.551993187792659407e-04
7.600452534357483446e-05
1.419220540050484917e-03
9.951526437880081621e-04
1.056155447849201111e-03
4.594948466525245395e-05
8.580074955651825720e-04
7.117684957354206967e-04
7.553998666143664454e-04
4.302847297421421907e-05
2.282094786592620439e-04
1.840171655119403045e-04
2.041260536182597381e-04
5.447925013509870767e-05
2.889407969120579445e-04
2.170543634112151823e-04
2.407734653476120137e-04
1.641480603759362395e-04
1.228797294041581399e-04
1.200593547132140120e-04
1.713874312851068886e-04
2.078312945423605904e-04
1.555805970329029314e-04
1.416139996306324620e-04
2.021571720810929284e-04
4.004252045394095412e-04
2.088156123591141799e-04
2.084821754360484202e-05
8.585538414750815269e-05
8.041027260017780706e-05
4.193272581900343534e-05
5.571785576266498357e-05
2.294526090959003153e-04
8.188979927096516945e-05
1.529115333864654834e-03
1.342470322436740027e-04
1.424763681700547959e-04
1.644447204597501876e-05
3.070650384623015150e-04
3.587815967228012910e-04
3.807748894927749650e-04
8.050295188475126764e-06
4.269623207674669459e-05
2.534270503442510031e-05
2.811208591490412222e-05
6.953493537881290516e-06
3.687914130932310629e-05
2.049817250944703075e-05
2.273815624264803243e-05
3.816781987286523904e-04
2.857207917768294259e-04
2.054926836412836286e-04
2.933454313600972500e-04
3.296769654123169217e-04
2.467931464305518543e-04
1.662105317086885758e-04
2.372692752691321085e-04
7.140798910057266158e-05
3.723817282810802426e-05
2.969406740896752460e-05
1.222836225191314529e-04
4.317059129467555752e-05
2.251280227844773722e-05
2.123825106015528267e-05
8.746158752311104876e-05
6.062597457314824965e-06
1.132059281810436462e-04
7.937961405056432945e-05
8.424558016401138653e-05
3.665218980543712883e-06
6.844005718680902831e-05
5.677511770431901999e-05
6.025542939568356572e-05
2.718456677276060923e-06
1.441783865885119325e-05
1.162585278401884963e-05
1.289629389816157850e-05
3.441894891122530753e-06
1.825472726335797328e-05
1.371307979952542230e-05
1.521160732283841974e-05
1.288866586395498947e-04
9.648336813217527422e-05
9.426885113334614779e-05
1.345709069029679867e-04
1.631860958512053425e-04
1.221596116018239752e-04
1.111932433875435219e-04
1.587308577992324360e-04
1.576764687150993525e-04
8.222586389695082183e-05
8.209456557713420895e-06
3.380749672870571088e-05
3.166336106788878178e-05
1.651195792818332451e-05
2.194016420904296627e-05
9.035214749112253745e-05
1.338686287558370206e-05
2.499707836340536640e-04
2.194591546321354727e-05
2.329119891224301137e-05
2.688245597139834621e-06
5.019718695583775419e-05
5.865150580866117512e-05
6.224683999088324665e-05
2.154971537663332779e-05
1.142929081937001719e-04
6.783950992848997586e-05
7.525282439045538640e-05
1.861370336197379650e-05
9.872122449476180227e-05
5.487125291406675488e-05
6.086743203155741886e-05
5.610803662939267645e-04
4.200196056309351503e-04
3.020814670374781324e-04
4.312280937879454804e-04
4.846367257243268650e-04
3.627945988513958230e-04
2.443353231168414810e-04
3.487941735255978433e-04
3.080827500651178675e-04
1.606604364131528453e-04
1.281121351154297996e-04
5.275806697281253208e-04
1.862552727716319128e-04
9.712927257828084021e-05
9.163034662648931355e-05
3.773444225019488433e-04
4.278635804277165978e-05
7.989429299605400750e-04
5.602160809747624764e-04
5.945572969007416287e-04
2.586702691558269277e-05
4.830109226086645139e-04
4.006864270835837545e-04
4.252484837227724274e-04
7.276996220321703331e-06
3.859489772365928882e-05
3.112107228874200459e-05
3.452189719908105796e-05
9.213557207959776908e-06
4.886580772424411854e-05
3.670833922213086902e-05
4.071972524654362093e-05
1.894679179496197390e-04
1.418339420831290186e-04
1.385785242651715724e-04
1.978239626709784346e-04
2.398892961118891250e-04
1.795789223806402177e-04
1.634579756902662824e-04
2.333399395951844769e-04
6.802796257696989675e-04
3.547554075521437808e-04
3.541889338570079087e-05
1.458591215939114268e-04
1.366084590389583244e-04
7.123921947038064416e-05
9.465868191417844523e-05
3.898154593619683928e-04
9.447684958418775850e-05
1.764151343397270299e-03
1.548817653153798592e-04
1.643760092800258441e-04
1.897210551021358008e-05
3.542631403378181413e-04
4.139289050519528003e-04
4.393027248852922838e-04
1.274446866298104583e-04
6.759265082707295201e-04
4.012018225229587701e-04
4.450440506907550500e-04
1.100811565501802545e-04
5.838358094088048423e-04
3.245077491928722658e-04
3.599690606417198040e-04
1.689046595110969004e-03
1.264404758014898034e-03
9.093700368023403119e-04
1.298146196666526619e-03
1.458924711369396880e-03
1.092137630767837670e-03
7.355341059281449807e-04
1.049991492447509321e-03
1.140058159881677993e-03
5.945228723914349140e-04
4.740781007289075928e-04
1.952308746245155118e-03
6.892363934670314978e-04
3.594262247491484749e-04
3.390774859749068207e-04
1.396360516349124618e-03
1.320342569531915834e-04
2.465454900365535336e-03
1.728768639546032120e-03
1.834742065073933321e-03
7.982295840587807947e-05
1.490521539672960477e-03
1.236476697042641947e-03
1.312272652715138193e-03
2.617748075357500116e-04
1.388371192946177488e-03
1.119515863694024466e-03
1.241853468306306722e-03
3.314385622597820075e-04
1.757845823304201791e-03
1.320506173686801857e-03
1.464807444801908458e-03
3.469347048091566549e-03
2.597121315367690274e-03
2.537511359659838910e-03
3.622354583095331072e-03
4.392612904290462555e-03
3.288269650096659578e-03
2.993078995035141233e-03
4.272687637026110520e-03
1.025907251014393246e-03
5.349949214376739995e-04
5.341406411544872277e-05
2.199653271997918365e-04
2.060147083185105308e-04
1.074335156349534359e-04
1.427516339877809366e-04
5.878678284160997712e-04
1.188140275270124259e-04
2.218595636907225166e-03
1.947792121414441545e-04
2.067191674715425581e-04
2.385930814010937554e-05
4.455211058916180031e-04
5.205567346447587986e-04
5.524668347530124193e-04
8.454342684965975106e-05
4.483917283560222202e-04
2.661466541398045888e-04
2.952304261513964017e-04
7.302492126140315315e-05
3.873011998400531942e-04
2.152698388731259403e-04
2.387939328918669212e-04
3.225222411035358989e-04
2.414371855680789688e-04
1.736435591006455458e-04
2.478800891821535428e-04
2.785806317446638575e-04
2.085429006448500776e-04
1.404497122451766114e-04
2.004951256312549352e-04
6.750217185878009578e-04
3.520134894723906034e-04
2.806988499008512090e-04
1.155950504526167362e-03
4.080928071947309056e-04
2.128141497280068204e-04
2.007657814062465047e-04
8.267768335713336896e-04
1.380467373483144444e-04
2.577725000531755958e-03
1.807492054156974214e-03
1.918291220807622974e-03
8.345787849079357569e-05
1.558395830350182889e-03
1.292782477614654773e-03
1.372029974637302592e-03
1.736544682813455050e-04
9.210086469274922230e-04
7.426571482275546622e-04
8.238126722435852806e-04
2.198675565420702424e-04
1.166108322798735560e-03
8.759887920937504697e-04
9.717144302623275439e-04
6.624693411983198716e-04
4.959184604348459893e-04
4.845359819628916099e-04
6.916860207369325206e-04
8.387662970890361102e-04
6.278927413676458876e-04
5.715262965941038126e-04
8.158666529495575389e-04
6.074336380902662768e-04
3.167673404855808898e-04
3.162615261638164824e-05
1.302401740728225082e-04
1.219800948382830137e-04
6.361075154741422256e-05
8.452240130946431240e-05
3.480730771499400953e-04
1.242244946864936542e-04
2.319624438669929106e-03
2.036489268761064507e-04
2.161325952470280021e-04
2.494579603911318966e-05
4.658089234368513552e-04
5.442614703233967502e-04
5.776246694662087039e-04
6.738279709394377177e-07
3.573771489549952030e-06
2.121241906248404575e-06
2.353045368824927501e-06
5.820231844763637350e-07
3.086867795112127047e-06
1.715743543141247850e-06
1.903235263449963552e-06
3.194733114499158610e-05
2.391547848503908694e-05
1.720020382098982488e-05
2.455367811613995175e-05
2.759470994147869284e-05
2.065714625460309957e-05
1.391219858501176680e-05
1.985997663163381786e-05
2.293556831909426567e-05
1.196054766049226397e-05
9.537452605911618867e-06
3.927633887916585291e-05
1.386598416348328326e-05
7.230898408081039698e-06
6.821524654366177956e-06
2.809183175719296598e-05
1.947248759204959654e-06
3.636066962011653497e-05
2.549597858911633539e-05
2.705888071868305580e-05
1.177233547555916369e-06
2.198229675897971208e-05
1.823562891678719326e-05
1.935347199813498967e-05
3.665853116996757132e-06
1.944253120887188776e-05
1.567752358251503714e-05
1.739072010213278392e-05
4.641413350622042869e-06
2.461659565800424369e-05
1.849216018299288899e-05
2.051293242415541999e-05
1.738043365791370435e-04
1.301083290244255521e-04
1.271220412124253116e-04
1.814695752376814563e-04
2.200573079303567612e-04
1.647328782926869861e-04
1.499446731185893498e-04
2.140493960013895947e-04
3.750344369062176943e-05
1.955747158533820934e-05
1.952624220035742176e-06
8.041133596014371054e-06
7.531149628997729230e-06
3.927379205203104665e-06
5.218481360484974038e-06
2.149031306556383866e-05
3.184073452048655669e-06
5.945570245652378848e-05
5.219849299776702727e-06
5.539825783837641812e-06
6.394008452907540807e-07
1.193943135438571298e-05
1.395029621978501068e-05
1.480544863504848679e-05
1.803760066754737459e-06
9.566575711556762066e-06
5.678320888168445080e-06
6.298832127184061016e-06
1.558009200212093102e-06
8.263190458555392560e-06
4.592848355041974358e-06
5.094742150677248914e-06
4.696369957899729550e-05
3.515659388766900967e-05
2.528490412173678480e-05
3.609476977505129519e-05
4.056519343602017411e-05
3.036673099413746469e-05
2.045142086719419497e-05
2.919486363167388129e-05
9.895325510568520576e-05
5.160260724244111633e-05
4.114840180286510879e-05
1.694539035028768900e-04
5.982342574342347963e-05
3.119700043458055992e-05
2.943079761277412178e-05
1.211994468844833193e-04
1.374257208998128705e-05
2.566128858125254109e-04
1.799360878312265919e-04
1.909661604316710006e-04
8.308243524385133433e-06
1.551385237687772690e-04
1.286966772018457365e-04
1.365857766597809969e-04
9.813067649608502512e-06
5.204542242777840627e-05
4.196692954779093754e-05
4.655295981347046019e-05
1.242453031963376761e-05
6.589579854551173019e-05
4.950138837307554025e-05
5.491076351007626293e-05
2.554984831623145726e-04
1.912638163512567235e-04
1.868738683138856623e-04
2.667666533868446699e-04
3.234919766192850864e-04
2.421631206628704750e-04
2.204239393222790844e-04
3.146601349343396614e-04
1.618049214751852570e-04
8.437878879133812516e-05
8.424405267947011547e-06
3.469268051242813231e-05
3.249240481461625614e-05
1.694429154675391793e-05
2.251462488934413884e-05
9.271784337288030821e-05
2.247137595940227399e-05
4.196044667158284358e-04
3.683872179243701271e-05
3.909693347623932651e-05
4.512526799293379083e-06
8.426170273592576408e-05
9.845324105137100330e-05
1.044884194840834892e-04
2.501552939616601840e-06
1.326744949862758619e-05
7.875005424330401476e-06
8.735564288357916210e-06
2.160732220750631604e-06
1.145984366945282960e-05
6.369612852356571649e-06
7.065666569803390555e-06
3.315351614008310577e-05
2.481841748699107890e-05
1.784960478870247424e-05
2.548071261500257028e-05
2.863655988269147315e-05
2.143706554553327667e-05
1.443745952483226109e-05
2.060979844639597699e-05
1.982566148587634931e-05
1.033877886972604394e-05
8.244238999082280250e-06
3.395073486688542059e-05
1.198585116222652579e-05
6.250437838857882324e-06
5.896572377604122181e-06
2.428277072483252575e-05
2.296081529002756396e-06
4.287436903080021780e-05
3.006336259072588018e-05
3.190624511632698452e-05
1.388124753495359057e-06
2.592023505715731438e-05
2.150238408300687634e-05
2.282047908205268673e-05
2.048732208034821437e-06
1.086583085084728293e-05
8.761684246650201265e-06
9.719136925853423650e-06
2.593942724582603059e-06
1.375745584101318767e-05
1.033469780537040486e-05
1.146404506600589837e-05
2.715220423686123553e-05
2.032589055094958608e-05
1.985936423648930493e-05
2.834968946466115720e-05
3.437797402723804260e-05
2.573503540800576469e-05
2.342478023781395795e-05
3.343940106097540121e-05
2.136082597915686204e-05
1.113934364462594352e-05
1.112155633251898931e-06
4.579986223040285610e-06
4.289514796963573736e-06
2.236916280236985314e-06
2.972288975283303969e-06
1.224023162827316314e-05
2.473874478787223634e-06
4.619426880084215862e-05
4.055576028726493006e-06
4.304182623282630732e-06
4.967842157856108518e-07
9.276373476825004749e-06
1.083872037168087598e-05
1.150313335318179212e-05
2.146007097014843669e-05
1.138174624747480436e-04
6.755730515234896353e-05
7.493978105503810538e-05
1.853627243719326132e-05
9.831055523892136760e-05
5.464299463711996363e-05
6.061423031991694640e-05
8.186739574492491562e-05
6.128518005707884585e-05
4.407679272849365700e-05
6.292061375031837722e-05
7.071348241869063276e-05
5.293546305045603869e-05
3.565103645346907635e-05
5.089265701125142037e-05
1.518034939798657706e-04
7.916319750681178246e-05
6.312547433321828185e-05
2.599580437529822692e-04
9.177469745687000106e-05
4.785909935557675494e-05
4.514958000584985768e-05
1.859312206136275918e-04
3.104489305297692932e-05
5.796964020929855224e-04
4.064811569854460591e-04
4.313984302589845741e-04
1.876857767118147953e-05
3.504626970310452481e-04
2.907297523232592871e-04
3.085514706560631214e-04
1.757545798330959166e-05
9.321469776472104908e-05
7.516385632836639638e-05
8.337755515554734454e-05
2.225265517290011058e-05
1.180210796426619727e-04
8.865826696926813451e-05
9.834659775746041558e-05
6.704809952023909464e-05
5.019159109916503830e-05
4.903957771241101358e-05
7.000510102284810494e-05
8.489100198919628077e-05
6.354862390326183994e-05
5.784381197650560611e-05
8.257334361052396927e-05
1.635581249201666131e-04
8.529305754066666035e-05
8.515686152378876362e-06
3.506858580897594390e-05
3.284446948321441612e-05
1.712788788017627605e-05
2.275857740672485488e-05
9.372246820709772099e-05
3.344879859461914680e-05
6.245841519423206726e-04
5.483469227450054570e-05
5.819605599036658215e-05
6.716927362840514983e-06
1.254241275276416151e-04
1.465483305011819034e-04
1.555317353555662194e-04
1.102320967147400113e-05
5.846363485374779766e-05
3.470157860008896155e-05
3.849367136078610236e-05
9.521367281915022815e-06
5.049833548198004939e-05
2.806799603785449737e-05
3.113518919955554431e-05
5.226291350955294219e-04
3.912353673396341651e-04
2.813796121382739933e-04
4.016757299385243841e-04
4.514242308527839577e-04
3.379320304280746001e-04
2.275908519795656539e-04
3.248910640736072091e-04
9.777843142954890368e-05
5.098995468569568040e-05
4.065986692221317976e-05
1.674420600558243412e-04
5.911317142307908186e-05
3.082661368281747324e-05
2.908138012462646921e-05
1.197605050368155688e-04
8.301469866769587677e-06
1.550120403261691067e-04
1.086939185252160355e-04
1.153568499416445696e-04
5.018757246596382602e-06
9.371446420721494879e-05
7.774174883342017169e-05
8.250731389629093284e-05
3.722362625824243507e-06
1.974223985892181919e-05
1.591919424661547751e-05
1.765879986958754914e-05
4.712961222382890831e-06
2.499606305215294500e-05
1.877721876437878410e-05
2.082914142078049521e-05
1.764835485875604804e-04
1.321139625107881131e-04
1.290816407601417702e-04
1.842669477009336665e-04
2.234495143249302690e-04
1.672722528237877778e-04
1.522560859217764217e-04
2.173489898058375460e-04
2.159052226299019409e-04
1.125912673925017426e-04
1.124114815740981225e-05
4.629235527185487312e-05
4.335640616689460843e-05
2.260970188888181359e-05
3.004250460891002056e-05
1.237185274259790951e-04
1.833053234272546581e-05
3.422831455529239640e-04
3.005037975871657118e-05
3.189246643740698082e-05
3.680994817197787843e-06
6.873463690182904276e-05
8.031107318923189401e-05
8.523413769826869869e-05
5.044324323569534326e-06
2.675350865367446407e-05
1.587976843547438582e-05
1.761506571458880315e-05
4.357067134275128760e-06
2.310851281643675541e-05
1.284417872355234658e-05
1.424775513475797958e-05
1.313368315872358847e-04
9.831754508264009009e-05
7.071076648784857955e-05
1.009412107994576096e-04
1.134430214478426385e-04
8.492240326431882685e-05
5.719363768683135820e-05
8.164520517715435498e-05
7.211553761451381652e-05
3.760714854326648748e-05
2.998829209632698585e-05
1.234952739951434100e-04
4.359834858207777887e-05
2.273587115347700083e-05
2.144869100063809587e-05
8.832820366870440456e-05
1.001536506724046194e-05
1.870153356695276393e-04
1.311345210053201939e-04
1.391730601585659853e-04
6.054913986946890462e-06
1.130624559480976734e-04
9.379206430046408164e-05
9.954151284660575985e-05
1.703388114188034269e-06
9.034234464378727402e-06
7.284772869524209058e-06
8.080832748534289313e-06
2.156695339981413205e-06
1.143843332434704783e-05
8.592631743842776777e-06
9.531610831989477148e-06
4.435035963795902150e-05
3.320027162555753010e-05
3.243824841571456345e-05
4.630632977028332592e-05
5.615291850458887515e-05
4.203555872238108469e-05
3.826199224653813337e-05
5.461985517620892693e-05
1.592388114239204550e-04
8.304060169506854343e-05
8.290800240133796811e-06
3.414247947183793097e-05
3.197709856914250843e-05
1.667556723074876271e-05
2.215755908008280514e-05
9.124740484949313832e-05
2.211499604716322471e-05
4.129498407021181300e-04
3.625448607571428119e-05
3.847688414119856991e-05
4.440961359437184657e-06
8.292537254055212792e-05
9.689184323270041207e-05
1.028313080622902958e-04
4.025400614805268648e-06
2.134945797983339025e-05
1.267214903777047904e-05
1.405692651957880069e-05
3.476965317061093302e-06
1.844072976511056721e-05
1.024973051175059965e-05
1.136979278098138638e-05
5.334933438334550307e-05
3.993682141539624421e-05
2.872288207559834088e-05
4.100256069009198243e-05
4.608082600696887765e-05
3.449568284564710633e-05
2.323219210239586385e-05
3.316447716267409488e-05
3.600927538887302860e-05
1.877828569653751869e-05
1.497398070178531590e-05
6.166459375629003653e-05
2.176985698954502703e-05
1.135264705295239236e-05
1.070992252878078918e-05
4.410470636040457167e-05
4.170364360960450039e-06
7.787255737490017006e-05
5.460397391613889645e-05
5.795119460892570959e-05
2.521245838800136695e-06
4.707882675099763078e-05
3.905470042015545771e-05
4.144875147581125231e-05
8.268280922968331595e-06
4.385235980764856640e-05
3.536043726238852230e-05
3.922452827977656155e-05
1.046864351564599350e-05
5.552239049726267366e-05
4.170881112410100577e-05
4.626663492064099281e-05
1.095809649634618558e-04
8.203130327411842530e-05
8.014849467141932447e-05
1.144137802165845670e-04
1.387427530572027715e-04
1.038615498313637752e-04
9.453781358317513378e-05
1.349548568542104511e-04
3.240376502287659868e-05
1.689806725272429390e-05
1.687108440653357199e-06
6.947708741423275744e-06
6.507071855675791684e-06
3.393338328366810046e-06
4.508877776034785947e-06
1.856808298963546716e-05
3.752797171089385583e-06
7.007539095569992479e-05
6.152193402797033162e-06
6.529322530715364736e-06
7.536075155098638808e-07
1.407199453339429773e-05
1.644203030422682621e-05
1.744992588615386744e-05
3.453270227023058240e-05
1.831505846490884531e-04
1.087105587045989776e-04
1.205901486052726821e-04
2.982784065177995924e-05
1.581974793470707205e-04
8.792935808936975226e-05
9.753803572637475324e-05
1.317377937300959071e-04
9.861770165776569726e-05
7.092664150258436162e-05
1.012493772421523577e-04
1.137893550423304195e-04
8.518166541019349467e-05
5.736824585460676399e-05
8.189446226693222427e-05
2.757201228119571875e-04
1.437838218773827489e-04
1.146545647890454645e-04
4.721608302311869191e-04
1.666900424386449562e-04
8.692630456674126701e-05
8.200501462616082229e-05
3.377061860576539387e-04
5.638672405251869804e-05
1.052900424017427349e-03
7.382902170857709705e-04
7.835473680709146736e-04
3.408929797880855728e-05
6.365440961406714426e-04
5.280513703214951247e-04
5.604208911975594931e-04
7.093109747868044405e-05
3.761962174683602966e-04
3.033465657147521892e-04
3.364954414211242316e-04
8.980734696799149070e-05
4.763099039935442562e-04
3.578073574333017317e-04
3.969075581902645178e-04
2.705929647663607679e-04
2.025634065550843623e-04
1.979141067240249247e-04
2.825268422235141410e-04
3.426034156763783272e-04
2.564697682984336626e-04
2.334462675021212034e-04
3.332498015323826011e-04
2.481130201925164426e-04
1.293871406155965183e-04
1.291805351345037363e-05
5.319804652439262961e-05
4.982412536264338492e-05
2.598251840771350859e-05
3.452411415467039336e-05
1.421743166725001912e-04
5.074087542378572738e-05
9.474763811240255072e-04
8.318266743516615350e-05
8.828176051853415249e-05
1.018938762731333646e-05
1.902648315458738723e-04
2.223096462041678552e-04
2.359372156760075178e-04
9.226676578025286322e-07
4.893538873412056659e-06
2.904600856123700094e-06
3.222007623295761502e-06
7.969600425741917278e-07
4.226825245160605825e-06
2.349354946089391780e-06
2.606085972249416751e-06
4.374524429357723145e-05
3.274728784003096138e-05
2.355211190047964994e-05
3.362116987555601377e-05
3.778523226625250759e-05
2.828567761152195469e-05
1.904987064490702676e-05
2.719411914167847095e-05
3.140550409601588767e-05
1.637748946597791363e-05
1.305956332597836638e-05
5.378080038763402191e-05
1.898658957925322731e-05
9.901215719333513417e-06
9.340663265597708200e-06
3.846593749240710827e-05
2.666353326516925459e-06
4.978839603192991825e-05
3.491145494510453632e-05
3.705152527381387389e-05
1.611977191293538779e-06
3.010019639797775870e-05
2.496991182742150839e-05
2.650056609251528173e-05
5.019625564952240539e-06
2.662251421120467667e-05
2.146711710981074348e-05
2.381298443542406628e-05
6.355452978808929031e-06
3.370732240036984330e-05
2.532117819324650513e-05
2.808820667991847599e-05
2.379889928342079257e-04
1.781563728115956205e-04
1.740672709935439828e-04
2.484849474466534008e-04
3.013228444752123324e-04
2.255675120839461330e-04
2.053181320944736396e-04
2.930962550980220930e-04
5.135318811611796667e-05
2.677990121874202712e-05
2.673713905282203699e-06
1.101066477066538270e-05
1.031234749584513343e-05
5.377731303607153146e-06
7.145627937427340665e-06
2.942652676469111061e-05
4.359928232390033570e-06
8.141225371229856515e-05
7.147501046583905075e-06
7.585642480055102662e-06
8.755268492325633879e-07
1.634857506417650115e-05
1.910203745447867097e-05
2.027299133304101452e-05
4.222213899159075662e-07
2.239329369862628110e-06
1.329172644399721193e-06
1.474420963521777950e-06
3.646964039950485185e-07
1.934234948902169477e-06
1.075086898684785478e-06
1.192569428589418127e-06
1.099319076705869612e-05
8.229401575935362212e-06
5.918651576192027738e-06
8.449008348730159467e-06
9.495438262794717499e-06
7.108197816251226262e-06
4.787237229304987697e-06
6.833888901392795636e-06
2.316282618596564888e-05
1.207905915801090171e-05
9.631954782812197807e-06
3.966550983268287377e-05
1.400337574407220166e-05
7.302546013447595830e-06
6.889115965825904588e-06
2.837018063753592265e-05
3.216840197205911458e-06
6.006755073197264617e-05
4.211916346325321540e-05
4.470106594023395662e-05
1.944780901451629564e-06
3.631458770068325600e-05
3.012512081137605044e-05
3.197178911261368864e-05
2.297027824665721221e-06
1.218271265742857317e-05
9.823554501930665034e-06
1.089704543271470827e-05
2.908315001144443109e-06
1.542478745610666890e-05
1.158720906780614048e-05
1.285342730326702638e-05
5.980669306882205582e-05
4.477074078136195859e-05
4.374314847784001282e-05
6.244432907246746380e-05
7.572250573247151667e-05
5.668517186801294843e-05
5.159649764219279938e-05
7.365516177666260784e-05
3.787504785123749104e-05
1.975125746463475036e-05
1.971971864221968300e-06
8.120809444584324181e-06
7.605772283904881514e-06
3.966293777022387311e-06
5.270188862378639397e-06
2.170325057108936172e-05
5.260065219190727235e-06
9.822037000210963071e-05
8.623151495926274359e-06
9.151750223347262912e-06
1.056285352108030335e-06
1.972385014036410572e-05
2.304578366302640900e-05
2.445848897412411545e-05
8.766966566019702129e-06
4.649723151117876352e-05
2.759881998456118686e-05
3.061474288171058965e-05
7.572522986599509671e-06
4.016227868329809024e-05
2.232300665348223859e-05
2.476240322685447151e-05
1.161901325145052932e-04
8.697886536165691811e-05
6.255589714731506928e-05
8.929995125680668271e-05
1.003599640373211690e-04
7.512854672588592097e-05
5.059765993673761197e-05
7.222929846915447768e-05
6.948120451232242230e-05
3.623338417065481172e-05
2.889283953283337580e-05
1.189840729556585478e-04
4.200572961715263976e-05
2.190534475142867613e-05
2.066518444198652460e-05
8.510163255132094438e-05
8.046869478088166405e-06
1.502579273376579926e-04
1.053603505730389358e-04
1.118189344515488196e-04
4.864835403092977310e-06
9.084030584789382274e-05
7.535746270247930818e-05
7.997687115251332093e-05
7.180006661510752602e-06
3.808049562844890767e-05
3.070628313953514712e-05
3.406178103613658148e-05
9.090756697745967728e-06
4.821451246606055680e-05
3.621908163314178821e-05
4.017700293819112485e-05
9.515787692055972368e-05
7.123431211975947050e-05
6.959931949726932119e-05
9.935459520269746990e-05
1.204813794388384770e-04
9.019125337075573632e-05
8.209471081301561543e-05
1.171920475663514505e-04
7.486135680603865411e-05
3.903905120425203712e-05
3.897671361863814947e-06
1.605106390288066023e-05
1.503307494071666552e-05
7.839518376464370383e-06
1.041671261806333728e-05
4.289723385260614974e-05
8.669964365167924506e-06
1.618928801006224946e-04
1.421321087661868196e-05
1.508447994634291710e-05
1.741034755389297306e-06
3.251006798109220338e-05
3.798548398161281919e-05
4.031399212653369025e-05
8.413929365696673306e-06
4.462483330914807626e-05
2.648744239846044767e-05
2.938191701951780126e-05
7.267584865250585523e-06
3.854498285832014427e-05
2.142408092901518154e-05
2.376524537953674475e-05
3.209805252319582474e-05
2.402830712356665793e-05
1.728135108219696104e-05
2.466951765806764339e-05
2.772489648803715367e-05
2.075460270688482222e-05
1.397783366842664200e-05
1.995367219059737695e-05
5.951815712022857262e-05
3.103780752223682398e-05
2.474983810419910857e-05
1.019227113099873154e-04
3.598244493386897264e-05
1.876429402511415367e-05
1.770196275625196105e-05
7.289874107578529750e-05
1.217188599593659271e-05
2.272837115750292859e-04
1.593705700283873264e-04
1.691399774828616150e-04
7.358665637200381868e-06
1.374072053271672500e-04
1.139874888557962753e-04
1.209749158515475114e-04
6.890874790071289457e-06
3.654703117842025232e-05
2.946977104036451245e-05
3.269014630655721538e-05
8.724680784347431999e-06
4.627296103344389206e-05
3.476057451078134108e-05
3.855911418181722790e-05
2.628779626368545104e-05
1.967880268652174620e-05
1.922712853884681365e-05
2.744715877519903965e-05
3.328352900201862188e-05
2.491574392056028966e-05
2.267903721706988429e-05
3.237483611283432846e-05
6.412683873125865576e-05
3.344116440853072856e-05
3.338776553266056523e-06
1.374947009085102666e-05
1.287745258018755203e-05
6.715394325015994273e-06
8.923039585017669819e-06
3.674611461305049245e-05
1.311439412917248846e-05
2.448830176137993552e-04
2.149924053043191161e-05
2.281714282987230404e-05
2.633530544426917853e-06
4.917550138765494833e-05
5.745774574617759504e-05
6.097990250015050646e-05
3.226549294502701845e-05
1.711260199282770066e-04
1.015732779174064257e-04
1.126729254668665746e-04
2.786952421458935674e-05
1.478111852889722874e-04
8.215644582031633692e-05
9.113427553319948570e-05
1.529761945373167044e-03
1.145165733117552848e-03
8.236123743356062827e-04
1.175725203164626042e-03
1.321341584700809653e-03
9.891441665935126002e-04
6.661699493843910736e-04
9.509725976542692969e-04
2.862024204828588674e-04
1.492501795947937036e-04
1.190134895754895984e-04
4.901113893726351516e-04
1.730272463604957196e-04
9.023105936884717011e-05
8.512267236202480979e-05
3.505450631459812948e-04
2.429882270249805596e-05
4.537280921437339171e-04
3.181526039932198991e-04
3.376553416728187459e-04
1.469015662034536345e-05
2.743069826159400437e-04
2.275540358276943102e-04
2.415030861041337327e-04
1.089554391341849067e-05
5.778653585221116680e-05
4.659628773857873096e-05
5.168820149400576975e-05
1.379507617137134213e-05
7.316474240254985614e-05
5.496187023795209815e-05
6.096795176656532109e-05
5.165762841834644487e-04
3.867042587752390057e-04
3.778284994484685058e-04
5.393586875546679121e-04
6.540480443439378741e-04
4.896143550050979960e-04
4.456612740352239028e-04
6.361915001342122915e-04
6.319655204950913206e-04
3.295603414970373090e-04
3.290340993018688867e-05
1.355000682149766771e-04
1.269063965026262584e-04
6.617974242771810351e-05
8.793593240072249888e-05
3.621303951209593384e-04
5.365439646070993584e-05
1.001880100912818164e-03
8.795898336301905234e-05
9.335086435837220895e-05
1.077445824262314675e-05
2.011897630663869339e-04
2.350745783327018164e-04
2.494846374641451758e-04
3.150569794745578845e-05
1.670963063851644594e-04
9.918140779845160764e-05
1.100196783809689985e-04
2.721324646550885511e-05
1.443304946527257577e-04
8.022180757818995231e-05
8.898822536203434110e-05
8.202998617732089196e-04
6.140689376049249639e-04
4.416433019958510421e-04
6.304557546069402283e-04
7.085392093610118174e-04
5.304059403389750496e-04
3.572184018894386873e-04
5.099373093737240336e-04
4.504171816996650735e-04
2.348856629089271855e-04
1.873000251653881914e-04
7.713232835267052343e-04
2.723053303723394869e-04
1.420030599116661795e-04
1.339636265806615331e-04
5.516777920136436714e-04
6.255368338780616490e-05
1.168055085121247599e-03
8.190362760724188146e-04
8.692431561728130836e-04
3.781761023557318063e-05
7.061622841446524475e-04
5.858038179487486379e-04
6.217135607883998499e-04
1.063897322425104487e-05
5.642576566524126769e-05
4.549902800076901360e-05
5.047103623961121129e-05
1.347022665228976565e-05
7.144184279054772763e-05
5.366761590453453983e-05
5.953226489070310718e-05
2.770022197196477919e-04
2.073613159092275245e-04
2.026018929343633118e-04
2.892187625567758024e-04
3.507183075060044640e-04
2.625445017426471846e-04
2.389756671581921572e-04
3.411431440034164739e-04
9.945692569354384720e-04
5.186526374117963935e-04
5.178244524997356195e-05
2.132461309814723293e-04
1.997216562876573918e-04
1.041517853678941850e-04
1.383910547480427932e-04
5.699104560436011810e-04
1.381252157629033221e-04
2.579190415616339823e-03
2.264372419918908954e-04
2.403178328656773409e-04
2.773723064018643569e-05
5.179329424231192804e-04
6.051643293826797091e-04
6.422608705420668933e-04
1.151795003347888447e-05
6.108758202827315863e-05
3.625904435375027965e-05
4.022133267464242487e-05
9.948702408092136414e-06
5.276478649956814173e-05
2.932773534558582006e-05
3.253258934295851488e-05
1.526493948171804766e-04
1.142719340446952443e-04
8.218529091178469260e-05
1.173213526962237589e-04
1.318518831386867143e-04
9.870310794050460453e-05
6.647468249977475478e-05
9.489410555590394589e-05
1.030339770768094087e-04
5.373064126129800466e-05
4.284531603913010155e-05
1.764419936508807875e-04
6.229047715631915090e-05
3.248352996784955362e-05
3.064449090985553822e-05
1.261975770143247872e-04
1.193273736638191565e-05
2.228181268528741049e-04
1.562393171209611024e-04
1.658167789389844394e-04
7.214085347582562570e-06
1.347074803333658788e-04
1.117479056264312001e-04
1.185980462895052610e-04
2.365817856320939097e-05
1.254755333560925547e-04
1.011774450602994838e-04
1.122338370873184011e-04
2.995411499864996104e-05
1.588671987415868087e-04
1.193421595645190788e-04
1.323835414724135065e-04
3.135459547622221712e-04
2.347176201090125968e-04
2.293303065261776785e-04
3.273741745925097340e-04
3.969870952328721650e-04
2.971808910043592395e-04
2.705027194362933556e-04
3.861487207770217841e-04
9.271746644479968234e-05
4.835073894593212287e-05
4.827353245049842228e-06
1.987960200447004428e-05
1.861879988348840093e-05
9.709419025044893205e-06
1.290133179302064565e-05
5.312918453520345543e-05
1.073794497457229190e-05
2.005079565585784910e-04
1.760337988449941758e-05
1.868246613384231511e-05
2.156310523869853029e-06
4.026444704929431784e-05
4.704587235280469922e-05
4.992978182231258099e-05
1.105413340971753106e-05
5.862764462901873643e-05
3.479892797157406193e-05
3.860165880298036813e-05
9.548077856994476227e-06
5.063999996580275542e-05
2.814673602270130752e-05
3.122253367268676481e-05
4.217008954580739197e-05
3.156814147221917980e-05
2.270406038130014039e-05
3.241055724302275149e-05
3.642468236052224829e-05
2.726718245614760428e-05
1.836393335788787543e-05
2.621492822460494356e-05
8.825973123842430050e-05
4.602609829818678607e-05
3.670164139757452421e-05
1.511416270691890904e-04
5.335852238753726619e-05
2.782565233311757243e-05
2.625031672441330226e-05
1.081018567488801742e-04
1.804974210636275988e-05
3.370399936604521205e-04
2.363313039011972550e-04
2.508184002430546649e-04
1.091219693010279251e-05
2.037617359002023506e-04
1.690325375940811530e-04
1.793942231457245652e-04
2.270548676704462051e-05
1.204227559020563010e-04
9.710312794377574052e-05
1.077142898381714135e-04
2.874789197753506784e-05
1.524697714622038995e-04
1.145363670961795473e-04
1.270525852632936690e-04
8.661849596511098385e-05
6.484181001719799481e-05
6.335354013921008028e-05
9.043860458198910374e-05
1.096694904984714256e-04
8.209757267603775925e-05
7.472760645186029226e-05
1.066753402636696482e-04
7.942252547841810234e-05
4.141763082061677813e-05
4.135149511732583701e-06
1.702902653882202203e-05
1.594901332861933541e-05
8.317166219769129770e-06
1.105138430035453749e-05
4.551088564210270797e-05
1.624247074182531288e-05
3.032930999011394964e-04
2.662729073470659791e-05
2.825954223854298489e-05
3.261686540318777807e-06
6.090495943894398104e-05
7.116270450478031295e-05
7.552497450071317430e-05
9.011564217963312300e-06
4.779450047688854603e-05
2.836882481049527729e-05
3.146889171042267552e-05
7.783795760125345408e-06
4.128280298194379739e-05
2.294581671790368266e-05
2.545327225665611516e-05
4.272535997641251884e-04
3.198381181338935870e-04
2.300301382247591040e-04
3.283732000948394827e-04
3.690430071743875458e-04
2.762622035023049516e-04
1.860573861116251461e-04
2.656011066648112273e-04
3.067331065150742187e-04
1.599566179692238051e-04
1.275509037034006966e-04
5.252694535114569869e-04
1.854393289140004173e-04
9.670377035127202924e-05
9.122893399859449074e-05
3.756913586226273000e-04
2.604189496238948587e-05
4.862762061257292281e-04
3.409752314605084007e-04
3.618769949882916985e-04
1.574395271622584477e-05
2.939843512665294366e-04
2.438775891262998910e-04
2.588272723505320402e-04
4.902597131932711331e-05
2.600183223386139065e-04
2.096662896696023591e-04
2.325780432927153818e-04
6.207280830584884694e-05
3.292146395918611724e-04
2.473083579263916074e-04
2.743335329064764110e-04
2.324404756097866141e-03
1.740028038107208595e-03
1.700090360314400082e-03
2.426917256908990832e-03
2.942977506976734298e-03
2.203085914457990693e-03
2.005313090618393752e-03
2.862629574717000767e-03
5.015593085897360670e-04
2.615554989303173748e-04
2.611378469176686489e-05
1.075396019620245399e-04
1.007192361311213928e-04
5.252353930431071432e-05
6.979033511282001538e-05
2.874047154564773757e-04
4.258280098976109049e-05
7.951419411457450728e-04
6.980862950442342130e-05
7.408789477495405129e-05
8.551146623261107643e-06
1.596742151056857622e-04
1.865668919456334163e-04
1.980034324851264957e-04
8.799357901302786800e-06
4.666902495926276181e-05
2.770078942003300054e-05
3.072785525573634117e-05
7.600501207931904956e-06
4.031066636389055879e-05
2.240548352705012497e-05
2.485389294559536876e-05
2.291049727630160740e-04
1.715058770343746953e-04
1.233484014687085501e-04
1.760826195621665571e-04
1.978908736023454837e-04
1.481392892740721024e-04
9.976901868350515504e-05
1.424225198848233823e-04
4.827277880369197508e-04
2.517351493336612150e-04
2.007359632822250720e-04
8.266540390692586962e-04
2.918391108111670546e-04
1.521896272850015055e-04
1.435734864568438576e-04
5.912523124515525969e-04
6.704096211740926976e-05
1.251845334625420600e-03
8.777897156997570760e-04
9.315981785200291160e-04
4.053045061241320737e-05
7.568187255510737876e-04
6.278263635389913933e-04
6.663120861851538077e-04
4.787149685265896013e-05
2.538953531056213153e-04
2.047290212906037585e-04
2.271012438481884740e-04
6.061110402268986871e-05
3.214622201041042199e-04
2.414846857596539037e-04
2.678734659140546938e-04
1.246408897736666970e-03
9.330502457966865452e-04
9.116345793447459302e-04
1.301378882118700521e-03
1.578104390344068578e-03
1.181354443134321249e-03
1.075303288868914575e-03
1.535019649005216202e-03
7.893396912894089755e-04
4.116285616574617877e-04
4.109712728681111284e-05
1.692427490833882311e-04
1.585090524552002682e-04
8.266004356785689399e-05
1.098340328441570332e-04
4.523093191339859162e-04
1.096230497869195048e-04
2.046973956054384640e-03
1.797118716911102316e-04
1.907281998541075275e-04
2.201364753442115778e-05
4.110573758740451505e-04
4.802885486387951409e-04
5.097302110896147686e-04
1.525478346643842001e-05
8.090657049396294360e-05
4.802277043299357459e-05
5.327056628131008893e-05
1.317641599124395126e-05
6.988356351296379828e-05
3.884269778541441583e-05
4.308732062449297510e-05
2.021742981563893950e-04
1.513458215286634517e-04
1.088491279560492402e-04
1.553845802567681463e-04
1.746293325701547220e-04
1.307259134412233690e-04
8.804143832772136141e-05
1.256811349492749450e-04
1.208993694502040543e-04
6.304716980694077409e-05
5.027440306573817538e-05
2.070358379064227931e-04
7.309122315386537669e-05
3.811595361112922014e-05
3.595803766132533563e-05
1.480793804144970660e-04
1.400179304284248384e-05
2.614532778687751681e-04
1.833301543739614169e-04
1.945682830727034590e-04
8.464958787648268148e-06
1.580648432156397780e-04
1.311242340722698543e-04
1.391621426370675694e-04
1.249342587132273314e-05
6.626119886874193038e-05
5.342984906185450846e-05
5.926851554350211719e-05
1.581818795884271748e-05
8.389469060603201695e-05
6.302228296482284520e-05
6.990918415590868676e-05
1.655775457357749338e-04
1.239498290069307451e-04
1.211048930490381330e-04
1.728799607936573851e-04
2.096411958728070630e-04
1.569354725350815400e-04
1.428472468512000267e-04
2.039176602477789683e-04
1.302609950066666489e-04
6.792911417779535794e-05
6.782064491842275886e-06
2.792933021935516602e-05
2.615799904430238444e-05
1.364099593782574141e-05
1.812539083205578550e-05
7.464246712962864700e-05
1.508599674202027744e-05
2.816984429101476164e-04
2.473141110472875805e-05
2.624744528822430407e-05
3.029452433861103961e-06
5.656848851836262138e-05
6.609587576771721251e-05
7.014754943193343955e-05
4.907970947906913963e-06
2.603033326253183864e-05
1.545052164402592077e-05
1.713891201815013966e-05
4.239291041058608978e-06
2.248386548471355807e-05
1.249698710496683196e-05
1.386262337406580380e-05
1.872327451553205437e-05
1.401607122715431613e-05
1.008047077240701262e-05
1.439009893026923600e-05
1.617234713804207704e-05
1.210647043651603699e-05
8.153479614293479029e-06
1.163927567716172004e-05
3.471783198109292602e-05
1.810481773556603689e-05
1.443695104882199327e-05
5.945304319771904428e-05
2.098909875451119609e-05
1.094549358932229688e-05
1.032581985805880455e-05
4.252292689758254221e-05
7.100043303530323787e-06
1.325779911928622046e-04
9.296323913053485628e-05
9.866188073790412602e-05
4.292419818733524894e-06
8.015167972865167294e-05
6.649060853897352063e-05
7.056647930104380218e-05
4.019550415198158951e-06
2.131843036230229136e-05
1.719015858360508600e-05
1.906865168247400718e-05
5.089236902072966536e-06
2.699171083509172592e-05
2.027636344643147956e-05
2.249210849724251230e-05
1.533406506508998971e-05
1.147894018088707640e-05
1.121547188939570628e-05
1.601033857266178980e-05
1.941478069113774065e-05
1.453372639496516027e-05
1.322902189334725259e-05
1.888472652656765066e-05
3.740614495259308786e-05
1.950673178341540500e-05
1.947558341978756491e-06
8.020271721097858047e-06
7.511610853816136241e-06
3.917190033147902229e-06
5.204942559755366868e-06
2.143455870982066881e-05
7.649822406139268494e-06
1.428439298509357792e-04
1.254082882554431790e-05
1.330958096461074675e-05
1.536177788129384817e-06
2.868480607210120625e-05
3.351596318411832634e-05
3.557048994220477395e-05
4.147941361123827714e-05
2.199937553206987606e-04
1.305791302728174607e-04
1.448484573346246989e-04
3.582810664058194765e-05
1.900210017375120056e-04
1.056175153690135261e-04
1.171591060283107592e-04
1.966609608815723768e-03
1.472185879147432574e-03
1.058807884590712463e-03
1.511472088100832868e-03
1.698671525239517149e-03
1.271609892251764594e-03
8.564052907225677344e-04
1.222537829447133259e-03
3.679320379816405245e-04
1.918709235749709681e-04
1.529996695798008016e-04
6.300704306611100078e-04
2.224379069623606809e-04
1.159979622353007780e-04
1.094307947073390534e-04
4.506487375966424002e-04
3.123773496534811575e-05
5.832973087729841598e-04
4.090061005734998392e-04
4.340781527545044803e-04
1.888516265681572671e-05
3.526396701194982179e-04
2.925356816052686630e-04
3.104681033068737396e-04
1.400693841169879391e-05
7.428839304759333724e-05
5.990259300081985223e-05
6.644858308049921903e-05
1.773447786109347204e-05
9.405808914947378643e-05
7.065709959340939087e-05
7.837831247965367117e-05
6.640927938063628973e-04
4.971337621369796914e-04
4.857233896732399895e-04
6.933810719709730935e-04
8.408217844117921993e-04
6.294314602866236605e-04
5.729268834576295042e-04
8.178660222232362643e-04
8.124332474113830395e-04
4.236714975378503049e-04
4.229949785796473645e-05
1.741942509112132673e-04
1.631465206315889198e-04
8.507841220716964381e-05
1.130474255438778628e-04
4.655424439358690184e-04
6.897625604688504078e-05
1.287982773591470629e-03
1.130770590722068446e-04
1.200086767707146717e-04
1.385127481685238193e-05
2.586426747236143363e-04
3.022038336982055978e-04
3.207289126081703991e-04
9.270978601824124042e-05
4.917035272553950702e-04
2.918547340013748995e-04
3.237478140464125696e-04
8.007866579837894156e-05
4.247120408974045989e-04
2.360635408545554842e-04
2.618599132517697003e-04
2.413843514357960456e-03
1.806981070558973633e-03
1.299595269805197024e-03
1.855201500409809625e-03
2.084972648279256706e-03
1.560791362681155465e-03
1.051163559562480476e-03
1.500559642055902419e-03
1.325413599913198006e-03
6.911828959751039345e-04
5.511557078739973787e-04
2.269723295319750391e-03
8.012953387844163645e-04
4.178632487463810035e-04
3.942061266261726277e-04
1.623386669100309329e-03
1.840726909528643367e-04
3.437160388565658684e-03
2.410125242186008168e-03
2.557865791165877048e-03
1.112834433475665428e-04
2.077978223697469692e-03
1.723807125342003864e-03
1.829476410313453589e-03
3.130662055857624039e-05
1.660404625685298692e-04
1.338870561453439764e-04
1.485178642192599313e-04
3.963796747603370087e-05
2.102273045627092046e-04
1.579242330995670341e-04
1.751817575475753173e-04
8.151165722345221978e-04
6.101887746929870668e-04
5.961835275689317043e-04
8.510654051790178575e-04
1.032036150914317999e-03
7.725727777058234757e-04
7.032182877761502691e-04
1.003859934634484998e-03
2.926654827472301938e-03
1.526205675952247614e-03
1.523768629608797495e-04
6.275056405822824123e-04
5.877080408920982383e-04
3.064807436095861042e-04
4.072344340356327092e-04
1.677038753989174317e-03
4.064521667940470704e-04
7.589617342579745712e-03
6.663222724549790503e-04
7.071677922673536920e-04
8.162056024529203374e-05
1.524087875911444429e-03
1.780778054068514211e-03
1.889939653936559619e-03
2.004157680023513826e-05
1.062942158284840816e-04
6.309181929133004661e-05
6.998631922031168704e-05
1.731103909939776540e-05
9.181230322282447496e-05
5.103113475896867292e-05
5.660767636013807138e-05
2.656145026541581054e-04
1.988365755721579738e-04
1.430048589263329328e-04
2.041426550327422515e-04
2.294262116521329352e-04
1.717463535144400980e-04
1.156679314216548128e-04
1.651185756892748022e-04
1.792821950621746195e-04
9.349291933322755152e-05
7.455212858474381875e-05
3.070143346916968138e-04
1.083872892505156741e-04
5.652231158331930458e-05
5.332232873808317785e-05
2.195875502484931829e-04
2.076331913840969340e-05
3.877101905136162078e-04
2.718610746004652143e-04
2.885261439938300383e-04
1.255272380213281885e-05
2.343950359933870170e-04
1.944446907972128050e-04
2.063641399867268051e-04
4.116593675524272793e-05
2.183311727344805487e-04
1.760517739470605317e-04
1.952902260413069376e-04
5.212105404898993157e-05
2.764336670469171877e-04
2.076589192925856005e-04
2.303513130196418405e-04
5.455793187593920663e-04
4.084156639080644010e-04
3.990415774948135696e-04
5.696408339538225037e-04
6.907693933977554924e-04
5.171036194213484002e-04
4.706828047089104457e-04
6.719102983838640131e-04
1.613311586762826617e-04
8.413172874655492034e-05
8.399738714034777327e-06
3.459110077510522166e-05
3.239726745718790222e-05
1.689467887171643859e-05
2.244870234751678755e-05
9.244636667993378742e-05
1.868434471924765305e-05
3.488898283762751403e-04
3.063040635472783743e-05
3.250804863286083503e-05
3.752044664517439779e-06
7.006133951891243400e-05
8.186122193204275165e-05
8.687931047645104632e-05
6.448041488245684101e-06
3.419838271480541060e-05
2.029873559422841714e-05
2.251692541162137945e-05
5.569536740055820816e-06
2.953907001495109145e-05
1.641841245316715133e-05
1.821257126430651736e-05
2.459844448008610961e-05
1.841416946720927147e-05
1.324361827961684884e-05
1.890556319651950034e-05
2.124706246537147640e-05
1.590535569167672903e-05
1.071195721909291615e-05
1.529156004712583169e-05
5.148322239954908905e-05
2.684771210630486761e-05
2.140861681750981453e-05
8.816317352261731179e-05
3.112482483736536335e-05
1.623111953070115421e-05
1.531220268879780860e-05
6.305743122843157405e-05
1.052868475892006971e-05
1.966004734853468044e-04
1.378555872309721422e-04
1.463061273858784483e-04
6.365247815025961533e-06
1.188572706790805939e-04
9.859920944250071895e-05
1.046433357298149822e-04
1.324445031177330535e-05
7.024439613717160910e-05
5.664170807541342906e-05
6.283135764788980106e-05
1.676907572038142667e-05
8.893790002818055681e-05
6.681077743279882088e-05
7.411167484611751416e-05
5.052586529682104056e-05
3.782319840615358081e-05
3.695506830827216635e-05
5.275419183660940645e-05
6.397185546062444505e-05
4.788874306818083836e-05
4.358973144790404827e-05
6.222532280894952825e-05
4.632834799477747901e-05
2.415952404205735118e-05
2.412094609633620864e-06
9.933286089186709863e-06
9.303298216856671149e-06
4.851527556430792124e-06
6.446437891602574301e-06
2.654718085174456209e-05
9.474476318771198456e-06
1.769154051951290325e-04
1.553209727196113238e-05
1.648421400747439707e-05
1.902590583458991315e-06
3.552677453277330427e-05
4.151027077882143745e-05
4.405484816667687507e-05
1.158495858464009575e-05
6.144297429458425914e-05
3.646999040070939403e-05
4.045533032357013066e-05
1.000658146924126172e-05
5.307175882410414562e-05
2.949835677115503278e-05
3.272185580713467268e-05
5.492626073217356675e-04
4.111729398747839708e-04
2.957188741151930327e-04
4.221453491749325841e-04
4.744290614435172195e-04
3.551532351837307592e-04
2.391890087375665003e-04
3.414476939101075280e-04
3.943255853885766458e-04
2.056347543769010378e-04
1.639750770339935381e-04
6.752684348158678003e-04
2.383944555540972203e-04
1.243190579793962273e-04
1.172807957122283415e-04
4.829759545600817113e-04
3.347856901507107103e-05
6.251400503181121391e-04
4.383460894595760798e-04
4.652166813966147093e-04
2.023988685698238006e-05
3.779362219009707374e-04
3.135206831371393252e-04
3.327394843149619687e-04
6.302611106893074805e-05
3.342706574221413667e-04
2.695398072596175056e-04
2.989943736817420885e-04
7.979867823858084156e-05
4.232270749984077987e-04
3.179311621062965148e-04
3.526738022644659225e-04
2.988175213761082218e-03
2.236920502369840053e-03
2.185577990458966325e-03
3.119961776846040275e-03
3.783391174851818885e-03
2.832211862456006628e-03
2.577961887875358446e-03
3.680098622629308057e-03
6.447874838610476557e-04
3.362467990465515329e-04
3.357098799110608777e-05
1.382492322981310185e-04
1.294812033775131295e-04
6.752246478432998239e-05
8.972006660935774732e-05
3.694776672574244980e-04
5.474299177727525367e-05
1.022207269934509227e-03
8.974358525317258268e-05
9.524486224934212834e-05
1.099306148029141816e-05
2.052717069193074953e-04
2.398440120025770899e-04
2.545464371639581083e-04
2.589330315704304900e-05
1.373299307594805013e-04
8.151332701629636997e-05
9.042087848077193680e-05
2.236550486181670001e-05
1.186195988764249021e-04
6.593117178017599694e-05
7.313594831478715391e-05
6.741724317930700584e-04
5.046792864974978827e-04
3.629693881064950081e-04
5.181469716482860633e-04
5.823207147238526876e-04
4.359199352573822259e-04
2.935838586665753813e-04
4.190975665646841678e-04
1.420491937953584664e-03
7.407647933055359381e-04
5.906927766875092042e-04
2.432541542201089885e-03
8.587761350401062728e-04
4.478386037763615259e-04
4.224844416875311024e-04
1.739840058823400237e-03
1.972771167529061053e-04
3.683724553400299744e-03
2.583015200845884332e-03
2.741353895083278955e-03
1.192663438139500540e-04
2.227041667747092779e-03
1.847464160844301036e-03
1.960713615505921183e-03
1.408683672707311009e-04
7.471214856660169561e-04
6.024428910361140496e-04
6.682761879059471869e-04
1.783563879030559333e-04
9.459461488047104421e-04
7.106014150455493023e-04
7.882539769877446555e-04
3.667727101082355994e-03
2.745626799836175299e-03
2.682608298944409980e-03
3.829483729930374235e-03
4.643786041091669571e-03
3.476295551913836587e-03
3.164225657911462399e-03
4.517003350645071476e-03
2.322739016834103869e-03
1.211272828613576191e-03
1.209338667271887200e-04
4.980197257914383870e-04
4.664343687793941207e-04
2.432383806959388889e-04
3.232015268947429081e-04
1.330981470745501135e-03
3.225806806553551493e-04
6.023498281714461181e-03
5.288265378918831968e-04
5.612435764987260423e-04
6.477814126831550883e-05
1.209592037035952649e-03
1.413314145446827692e-03
1.499950227287927956e-03
