1.334943353264233020e-05
7.639039143912271180e-05
2.744496202066065726e-04
6.844915594862344306e-04
8.894208776261968460e-05
5.089594912762178576e-04
2.263115688843473803e-04
5.644327676562560731e-04
2.563400904252433383e-05
3.953322381372939813e-06
1.778995264458316152e-04
4.683348105920951744e-04
1.707894403453915461e-04
2.633945068442190057e-05
1.466962166077336277e-04
3.861895879777913453e-04
1.368419023459623842e-03
1.522591902894287769e-03
8.931547173170722109e-07
6.266853534882381189e-04
1.391886048063467433e-03
1.548702838970358138e-03
2.359125193395889868e-06
1.655289030088015088e-03
1.055401466134531663e-03
8.255587153106655170e-04
2.155327791748441751e-05
9.389722139359255558e-04
1.073500551099088691e-03
8.397162258041495839e-04
5.692953297961479139e-05
2.480144775419209410e-03
2.209315646268010731e-04
1.264252049484424802e-03
4.030841847671668495e-04
1.005312822177750753e-03
1.420573078484567810e-04
8.129044072766441944e-04
5.119788924184481230e-04
1.276901859917759603e-03
4.242398534420425429e-04
6.542702333062930763e-05
2.612810523618166862e-04
6.878433833629910314e-04
2.727829840149945465e-04
4.206907605342633324e-05
3.318671107758770365e-04
8.736668588844805116e-04
4.829794787202317213e-04
5.373943440981597541e-04
1.251169379264272979e-06
8.778876822967469256e-04
8.581825052021893043e-04
9.548696058922788487e-04
9.273072864840688061e-07
6.506486315922183940e-04
3.725008504087525332e-04
2.913785259763704370e-04
3.019275477168651125e-05
1.315352490759504750e-03
6.618784587717476634e-04
5.177361863222533934e-04
2.237743503223777852e-05
9.748767586475786317e-04
7.110806280618375481e-08
4.069066106033427529e-07
1.461903292230694941e-06
3.646062485215859028e-06
4.737653884168689446e-07
2.711060614143460523e-06
1.205487649692717439e-06
3.006548599551315679e-06
6.219071964115370797e-07
9.591163187280023577e-08
4.316023902126709714e-06
1.136228003017728338e-05
4.143525963718636795e-06
6.390219299288997108e-07
3.558999789824178425e-06
9.369353172348865333e-06
4.805667010502982535e-06
5.347097309199262273e-06
3.136615383666809730e-09
2.200817934852895480e-06
4.888079417843123072e-06
5.438794707410584703e-06
8.284867369708563405e-09
5.813108228085198885e-06
7.992144762153725104e-06
6.251635016754324729e-06
1.632145896540843615e-07
7.110471325097922090e-06
8.129202092222681143e-06
6.358844336587894971e-06
4.311052082211991418e-07
1.878117163210657313e-05
1.176830128030267370e-06
6.734256844514276681e-06
2.147097512154115981e-06
5.354972338300240785e-06
7.566927797996245701e-07
4.330075692478443777e-06
2.727143975698374503e-06
6.801638244075567673e-06
1.029249140945923225e-05
1.587326296936382136e-06
6.338944738617904464e-06
1.668778182171454740e-05
6.617993328164652550e-06
1.020638679677772086e-06
8.051434486952112950e-06
2.119604880786198279e-05
1.696146069182608536e-06
1.887242304286493486e-06
4.393905161651838868e-09
3.083000017841303531e-06
3.013798612514428833e-06
3.353348123418501524e-06
3.256553700919090956e-09
2.284973104485557814e-06
2.820804040945525089e-06
2.206496233812582170e-06
2.286379871986714899e-07
9.960652753223866798e-06
5.012148104009465437e-06
3.920614744688439061e-06
1.694556108950271511e-07
7.382362475681348402e-06
3.073975544421696554e-07
1.759042393360521527e-06
6.319754457206114776e-06
1.576179475390275113e-05
2.048070444214455048e-06
1.171981586678401090e-05
5.211279013967948146e-06
1.299719961901750758e-05
2.157743974436509284e-06
3.327711062776633523e-07
1.497470140573065557e-05
3.942210576182438405e-05
1.437620955783051108e-05
2.217124559408447504e-06
1.234816126236332724e-05
3.250752760002683083e-05
3.360610013649510056e-05
3.739233018430177208e-05
2.193439754414969885e-08
1.539035221109081848e-05
3.418241131400894726e-05
3.803357143963860928e-05
5.793619945691282944e-08
4.065115139903710691e-05
1.163946261357259842e-05
9.104648904232857389e-06
2.376996627068562033e-07
1.035542618613110790e-05
1.183906781552138997e-05
9.260784573338667666e-06
6.278456037694280915e-07
2.735220038633104161e-05
2.267545729498887230e-06
1.297573454775985905e-05
4.137081196800845652e-06
1.031809465791062642e-05
1.458014577047903416e-06
8.343298162599300502e-06
5.254729232819589937e-06
1.310556671400342847e-05
1.591679264808834154e-05
2.454716018511764450e-06
9.802842188388359227e-06
2.580677043545123519e-05
1.023437604757381637e-05
1.578363642656980389e-06
1.245111685307857600e-05
3.277856647258789615e-05
6.961973094528997934e-06
7.746343539640589338e-06
1.803515043375596098e-08
1.265443086808390378e-05
1.237038792464715604e-05
1.376409722959743443e-05
1.336679644437313232e-08
9.378862802079926514e-06
2.411277274701350944e-06
1.886155205422561517e-06
1.954441268032279172e-07
8.514556586138975695e-06
4.284480114607465651e-06
3.351416510860295546e-06
1.448538989914559113e-07
6.310584717275015210e-06
2.385606435695854425e-07
1.365132153337335871e-06
4.904543542152603984e-06
1.223218547436475441e-05
1.589436858514646268e-06
9.095345019158308675e-06
4.044293968600037829e-06
1.008667850771240848e-05
2.386800924193707675e-06
3.680966757031074146e-07
1.656435220219145931e-05
4.360698932808127924e-05
1.590232699780477763e-05
2.452485100244853904e-06
1.365898969584584244e-05
3.595838887199707327e-05
1.138590070587562373e-05
1.266869279418205305e-05
7.431474389070160168e-09
5.214321846099489990e-06
1.158115757341477034e-05
1.288594826959044573e-05
1.962904983360001951e-08
1.377279635331187614e-05
2.862549980412448707e-05
2.239150844651787274e-05
5.845864086818933016e-07
2.546760620349088319e-05
2.911639864189596950e-05
2.277550053565380252e-05
1.544091407344257298e-06
6.726860447047472587e-05
1.759764060369215666e-06
1.007002020598068253e-05
3.210646078819449194e-06
8.007517517404772381e-06
1.131514843914676195e-06
6.474946044299378915e-06
4.078014185376964244e-06
1.017077847385729585e-05
1.760645185561366294e-05
2.715298261067801189e-06
1.084347034317665562e-05
2.854630774342699820e-05
1.132081400680277916e-05
1.745916033430813572e-06
1.377287461545695375e-05
3.625820008184652151e-05
2.358748383457980371e-06
2.624496684165015853e-06
6.110391602126893654e-09
4.287379159383700122e-06
4.191144108692313810e-06
4.663339207039530520e-06
4.528731880614950504e-09
3.177601690311741438e-06
5.930172160539914268e-06
4.638713766768967334e-06
4.806653021076081576e-07
2.094026554151342596e-05
1.053703154116895262e-05
8.242302575318339941e-06
3.562462799933221336e-07
1.551992970685959214e-05
1.746693979479036109e-06
9.995228373585665621e-06
3.591010046328920412e-05
8.956164941645811475e-05
1.163754318394015619e-05
6.659432230117396940e-05
2.961152275788749277e-05
7.385267057775514563e-05
3.354057620123293905e-06
5.172687204740923225e-07
2.327709494453731679e-05
6.127882445658715304e-05
2.234678246686935290e-05
3.446360463218718297e-06
1.919432743977737919e-05
5.053061065167004383e-05
1.147307731197032743e-04
1.276569114942709018e-04
7.488373771231866634e-08
5.254245510759048823e-05
1.166982917155871515e-04
1.298461005010949712e-04
1.977934044209566733e-07
1.387824832180618102e-04
8.848680417724105350e-05
6.921636431495894733e-05
1.807066546389456867e-06
7.872516107707176812e-05
9.000426481988322690e-05
7.040335608905836935e-05
4.773076974318728966e-06
2.079399092342672250e-04
4.895470127002187594e-06
2.801368899779880435e-05
8.931664375472935356e-06
2.227603329373434475e-05
3.147749883857521920e-06
1.801258796430247895e-05
1.134458707936988321e-05
2.829398742049471570e-05
9.400438243025793582e-06
1.449752273989535502e-06
5.789546589911770536e-06
1.524144701096798200e-05
6.044409958602740186e-06
9.321796341687081801e-07
7.353614363263090869e-06
1.935898121142427900e-05
4.792686513669512004e-05
5.332654365162853419e-05
1.241556396185854657e-07
8.711426967060405041e-05
8.515889184045692651e-05
9.475331528782703419e-05
9.201826002495742940e-08
6.456495688041169912e-05
3.696388523203870523e-05
2.891398068340649702e-05
2.996077783433392855e-06
1.305246376075606615e-04
6.567931149888909387e-05
5.137583162746925619e-05
2.220550475016054230e-06
9.673865867014484212e-05
9.304067089608852934e-09
5.324130984383412335e-08
1.912813508435446040e-07
4.770655905479720438e-07
6.198938326557558659e-08
3.547261568176682535e-07
1.577308890977208071e-07
3.933890022379060747e-07
8.137285774040664740e-08
1.254946657808258102e-08
5.647260572291976316e-07
1.486686762650761583e-06
5.421557279524399407e-07
8.361221882805634325e-08
4.656739546777296528e-07
1.225924136611306725e-06
4.029159796952563786e-07
4.483104938717754254e-07
2.629796149993861772e-10
1.845206320816920167e-07
4.098255878245600421e-07
4.559985727492908128e-07
6.946185504771391590e-10
4.873817082362433281e-07
6.700761475299228980e-07
5.241486024661335627e-07
1.368421202453470808e-08
5.961550215163579587e-07
6.815672866992532096e-07
5.331372294431581899e-07
3.614465524609700835e-08
1.574648046033251272e-06
2.607656694986105940e-08
1.492197516709226798e-07
4.757605255847674644e-08
1.186571378216354012e-07
1.676703328962860058e-08
9.594716009002112989e-08
6.042890198880080155e-08
1.507128096195463174e-07
2.280642166842371978e-07
3.517246836858007645e-08
1.404603034294410877e-07
3.697730450247460572e-07
1.466435486185826831e-07
2.261562839726236584e-08
1.784061823713159652e-07
4.696686230627502959e-07
1.683114241732382558e-07
1.872742246471260565e-07
4.360145914768757714e-10
3.059312715791361116e-07
2.990642998619131553e-07
3.327583683127113085e-07
3.231532951418888357e-10
2.267417201861904379e-07
2.799131242711693656e-07
2.189543284587828377e-07
2.268813160888679175e-08
9.884123077902811033e-07
4.973638773691054426e-07
3.890491882170936698e-07
1.681536497480601008e-08
7.325642317137181523e-07
2.792589603167976199e-06
1.598022960249167841e-05
5.741256017405454087e-05
1.431898969947631624e-04
1.860593926795501806e-05
1.064700595943788452e-04
4.734248331943769628e-05
1.180746040489251045e-04
1.960228148283251891e-05
3.023098649278731843e-06
1.360394539640214472e-04
3.581348032688080473e-04
1.306023836689773198e-04
2.014173146161842668e-05
1.121783379900138071e-04
2.953184964833848207e-04
3.908903676623544116e-04
4.349300166972084334e-04
2.551306068142640584e-07
1.790133460833591027e-04
3.975937485114065155e-04
4.423886337054545870e-04
6.738866519676466098e-07
4.728350939778187541e-04
1.353847605622867376e-04
1.059009984246094129e-04
2.764810798376411889e-06
1.204494521160265948e-04
1.377064744910133469e-04
1.077170951705599895e-04
7.302805082881604807e-06
3.181479440328302761e-04
5.544041959545738290e-05
3.172505667817589908e-04
1.011496767043385236e-04
2.522725296422707419e-04
3.564776616244587744e-05
2.039896902307393597e-04
1.284756420733419149e-04
3.204249017818832507e-04
3.891580449929541493e-04
6.001664455254794779e-05
2.396748506908420923e-04
6.309633198273997086e-04
2.502256492532048794e-04
3.859024384150154383e-05
3.044239125088329901e-04
8.014204323806366735e-04
4.063457373530427320e-04
4.521266650511505578e-04
1.052647920606969270e-06
7.385943570961957900e-04
7.220157754608496183e-04
8.033616565043802046e-04
7.801726153617507654e-07
5.474110383792030621e-04
1.407377231780933551e-04
1.100882059300119009e-04
1.140738218014502854e-05
4.969645425587385177e-04
2.500699453597074614e-04
1.956103240836815549e-04
8.454609576184873753e-06
3.683265024515929562e-04
2.167232508295109194e-06
1.240170522917205061e-05
4.455590848455070655e-05
1.111247421656366067e-04
1.443942797149027973e-05
8.262774238337514511e-05
3.674086903314046330e-05
9.163362923381604777e-05
2.168317655561899046e-05
3.344017981517733627e-06
1.504808254802001549e-04
3.961528752043677300e-04
1.444665788601828457e-04
2.227989225645126081e-05
1.240867146247046581e-04
3.266682556822404727e-04
1.324354475827303204e-04
1.473562824607982575e-04
8.643941857039193858e-08
6.065054187344482057e-05
1.347065837285781769e-04
1.498832960777939972e-04
2.283158853646982916e-07
1.601986963205631533e-04
3.329583646274244515e-04
2.604475060665854694e-04
6.799634450054123192e-06
2.962272299353106274e-04
3.386682692698002274e-04
2.649139216367389074e-04
1.796014579107980827e-05
7.824368024495128313e-04
4.302539817683664485e-05
2.462072267348190940e-04
7.849877665823171125e-05
1.957800124194204175e-04
2.766500225730018876e-05
1.583093654447425061e-04
9.970551623825022207e-05
2.486707186838989486e-04
4.304694127064659002e-04
6.638775701942839871e-05
2.651177164261493517e-04
6.979437100685928139e-04
2.767885430200253010e-04
4.268682047406021778e-05
3.367402640586667829e-04
8.864958268152998760e-04
1.376717976488207634e-04
1.531825857163555146e-04
3.566419386241641114e-07
2.502391523461785605e-04
2.446222529267985950e-04
2.721826101426539474e-04
2.643260567537732155e-07
1.854653679829186596e-04
3.461231674535941694e-04
2.707453103213936061e-04
2.805473304089993914e-05
1.222209210851661577e-03
6.150092499600844434e-04
4.810740392097422871e-04
2.079283492734590577e-05
9.058433858868435639e-04
1.142594752712988094e-05
6.538349376593832719e-05
2.349048708062082826e-04
5.858649074755884487e-04
7.612664801424885112e-05
4.356248095873861866e-04
1.937029091558138618e-04
4.831050823290290687e-04
2.194046972207981200e-05
3.383698190409619942e-06
1.522664350738924628e-04
4.008536360639419738e-04
1.461808232388767668e-04
2.254426606774980217e-05
1.255591309765991903e-04
3.305445101448244941e-04
1.171246998529468881e-03
1.303205498957188055e-03
7.644623203463695095e-07
5.363878510251765845e-04
1.191332719102236115e-03
1.325554176506682155e-03
2.019204830209463227e-06
1.416782633792833864e-03
9.033313468037625213e-04
7.066060547542450058e-04
1.844772079059741300e-05
8.036780901325087144e-04
9.188225805395177368e-04
7.187236454833042815e-04
4.872670102282134267e-05
2.122787007728267356e-03
1.890980960607752310e-04
1.082089179526122538e-03
3.450048073503503569e-04
8.604598484622151414e-04
1.215886308099041783e-04
6.957750738564176573e-04
4.382091528803147497e-04
1.092916310871134373e-03
3.631122094052320485e-04
5.599980955027857613e-05
2.236337284888880470e-04
5.887337755546987253e-04
2.334783759946037140e-04
3.600744962892384466e-05
2.840492208477117856e-04
7.477824179877820858e-04
4.133881911201667237e-04
4.599625566154326309e-04
1.070891558062658696e-06
7.513950736642877482e-04
7.345291655383231078e-04
8.172848672191433293e-04
7.936939324791682634e-07
5.568983211904153085e-04
3.188281480389688373e-04
2.493945334981922967e-04
2.584235734626758805e-05
1.125826687877660558e-03
5.665100710656657173e-04
4.431368929137992764e-04
1.915312719786230403e-05
8.344092400991122904e-04
9.396399467069063061e-07
5.376966982550999395e-06
1.931796026206529312e-05
4.817999287417441140e-05
6.260455801432553149e-06
3.582464140439814177e-05
1.592961903631825478e-05
3.972929446206831375e-05
8.218039162247573647e-06
1.267400588695170047e-06
5.703303267358024589e-05
1.501440452839375472e-04
5.475360123843339119e-05
8.444197584450561494e-06
4.702952437271941979e-05
1.238090051692206355e-04
6.350330068684517876e-05
7.065789774567877882e-05
4.144802988069082145e-08
2.908216544519535534e-05
6.459231910451952231e-05
7.186961038371393585e-05
1.094783351779026941e-07
7.681588402327342330e-05
1.056102245233846935e-04
8.261068804511461348e-05
2.156758914138447193e-06
9.395956848363156051e-05
1.074213347862645207e-04
8.402737914313363702e-05
5.696733378634666305e-06
2.481791573986065827e-04
1.555093128889567598e-05
8.898817507850504760e-05
2.837229017747305230e-05
7.076196037420134303e-05
9.999129989272999516e-06
5.721871658924575286e-05
3.603717101634268941e-05
8.987856995349105559e-05
1.360075875759130556e-04
2.097533160374700611e-05
8.376442081691715352e-05
2.205165743911774174e-04
8.745183953517172840e-05
1.348697794219798001e-05
1.063936939592160694e-04
2.800899558535633140e-04
2.241330362771851509e-05
2.493849766455128987e-05
5.806217535672609957e-08
4.073954286109267780e-05
3.982509796908905770e-05
4.431199118118361424e-05
4.303292517362303825e-08
3.019421316507598299e-05
3.727481883354275514e-05
2.915719992541188053e-05
3.021280254703424792e-06
1.316225875498235672e-04
6.623179413810461084e-05
5.180799594834395834e-05
2.239229349062547178e-06
9.755240699113864331e-05
9.645606934417667268e-07
5.519572703863162397e-06
1.983030331092376910e-05
4.945780295910389497e-05
6.426493052210434327e-06
3.677476790597468566e-05
1.635209788364500177e-05
4.078297857662068631e-05
6.770629740464708442e-06
1.044178538150836624e-06
4.698803931022260303e-05
1.236997924058423409e-04
4.511007475426706694e-05
6.956955810369361477e-06
3.874640776362016283e-05
1.020030345422221971e-04
1.054501663500689482e-04
1.173307055009733591e-04
6.882636963005726428e-08
4.829228009956581971e-05
1.072585317745426627e-04
1.193428103501273428e-04
1.817938364049462628e-07
1.275563263794218306e-04
3.652263320770569090e-05
2.856882344606555071e-05
7.458606881484892604e-07
3.249354758565187992e-05
3.714896002528788081e-05
2.905875034069225398e-05
1.970071596845231603e-06
8.582650379139892594e-05
7.115168776229923175e-06
4.071562487221459228e-05
1.298144975568385553e-05
3.237640766626333937e-05
4.574999153905447757e-06
2.617983567212207890e-05
1.648843720261515728e-05
4.112301589564090889e-05
4.994415971158025269e-05
7.702476974206889555e-06
3.075963397331101749e-05
8.097721021848361931e-05
3.211371305573856204e-05
4.952633837400624192e-06
3.906946471231391291e-05
1.028535079408853426e-04
2.184547501676739777e-05
2.430669466383000288e-05
5.659120236098990950e-08
3.970742914783404739e-05
3.881615120977181794e-05
4.318937147197785524e-05
4.194270989200420645e-08
2.942925952838479792e-05
7.566173661943896816e-06
5.918430861243071335e-06
6.132700789391209962e-07
2.671721517101542008e-05
1.344396222631858046e-05
1.051616900334106682e-05
4.545266390049559021e-07
1.980153024302259098e-05
4.674900946703097760e-07
2.675151064534261549e-06
9.611080396699158584e-06
2.397053202016352901e-05
3.114704824489432724e-06
1.782349192407838828e-05
7.925311325310489729e-06
1.976613669347357735e-05
4.677241699698179236e-06
7.213325182117802496e-07
3.245996683814318526e-05
8.545347323111822900e-05
3.116264377243563961e-05
4.805958244141667067e-06
2.676653739051972902e-05
7.046506232725846368e-05
2.231212877049413125e-05
2.482592394572291267e-05
1.456292460358418209e-08
1.021813060612188286e-05
2.269475957717317606e-05
2.525166383829947474e-05
3.846563384341832740e-08
2.698955609250185207e-05
5.609532827032164215e-05
4.387902483345012698e-05
1.145571840553656109e-06
4.990703184292558949e-05
5.705730733237256993e-05
4.463150644741945634e-05
3.025844612916731844e-06
1.318214345907773569e-04
3.448482762578770453e-06
1.973349262051549488e-05
6.291671655816751974e-06
1.569175479355128214e-05
2.217348065412296789e-06
1.268848496525677140e-05
7.991390403139395649e-06
1.993094133411570836e-05
3.450209440094940830e-05
5.320974248438642931e-06
2.124916709410083000e-05
5.594014129815954336e-05
2.218458305861116086e-05
3.421345782532259430e-06
2.698970945718541129e-05
7.105258074093533159e-05
4.622269158007904426e-06
5.143036944332927894e-06
1.197409390672500191e-08
8.401667848968411717e-06
8.213082957994156735e-06
9.138409650302511568e-06
8.874629376943261289e-09
6.226916949924600002e-06
1.162093085959248876e-05
9.090152950324144706e-06
9.419251399758841949e-07
4.103512873684920685e-05
2.064866106587387530e-05
1.615184614520448231e-05
6.981101520689246768e-07
3.041328736950703738e-05
1.495017275952593758e-06
8.555041278644001120e-06
3.073590520408325631e-05
7.665693860143144652e-05
9.960719115104558778e-06
5.699891537400531932e-05
2.534487357854690957e-05
6.321142666439523601e-05
2.870779968063059774e-06
4.427367830335746220e-07
1.992315739615207643e-05
5.244931412655826677e-05
1.912689128286147245e-05
2.949783128701626936e-06
1.642866550173651213e-05
4.324978317679461479e-05
9.819950713319126185e-05
1.092631510275247968e-04
6.409392995171929629e-08
4.497174606981816205e-05
9.988353096688058980e-05
1.111369053450977061e-04
1.692938546493440669e-07
1.187856673511214077e-04
7.573696508547290312e-05
5.924315400706641274e-05
1.546690912883318582e-06
6.738185237088667923e-05
7.703577867444790232e-05
6.025911514825127901e-05
4.085336424063444963e-06
1.779783753293545060e-04
4.190094257931200644e-06
2.397726763068342055e-05
7.644723518383566823e-06
1.906633617856796825e-05
2.694198590040566676e-06
1.541719986879428345e-05
9.709974312309188399e-06
2.421717856486872096e-05
8.045952948804837703e-06
1.240861147361575959e-06
4.955345511886448184e-06
1.304534558406693724e-05
5.173486264460702741e-06
7.978642359487868917e-07
6.294050728365379947e-06
1.656959472921130971e-05
4.102120474645468688e-05
4.564285728505403610e-05
1.062663685324492169e-07
7.456219559329466194e-05
7.288856319321245468e-05
8.110055051047629522e-05
7.875958242063684377e-08
5.526195606750716397e-05
3.163785279932606568e-05
2.474783857166841560e-05
2.564380537721110045e-06
1.117176737615799628e-04
5.621574615651757064e-05
4.397321840681367878e-05
1.900596991388200337e-06
8.279983080235005688e-05
1.229462983412518565e-07
7.035441491441619118e-07
2.527640203088516626e-06
6.304065508014548796e-06
8.191434063788622023e-07
4.687441253971461919e-06
2.084295906496366675e-06
5.198341882909005211e-06
1.075281546046211445e-06
1.658318289273400983e-07
7.462433110647174622e-06
1.964545531544900539e-05
7.164183064705471219e-06
1.104873030471711589e-06
6.153533547226998339e-06
1.619967194904349756e-05
5.324233775291201463e-06
5.924088379654026372e-06
3.475079219870645700e-09
2.438302353534061872e-06
5.415539086646412114e-06
6.025680600587358587e-06
9.178865405614841560e-09
6.440385299220931102e-06
8.854555878856417366e-06
6.926232349068393881e-06
1.808266425778879439e-07
7.877743402650692911e-06
9.006402701432663819e-06
7.045010341891527189e-06
4.776246263627445698e-07
2.080779798613987665e-05
3.445823583445407195e-07
1.971827581491788926e-06
6.286820049144194530e-07
1.567965463536992879e-06
2.215638233549155973e-07
1.267870067553383898e-06
7.985228116687743463e-07
1.991557227271887915e-06
3.013698305845184443e-06
4.647779028024492321e-07
1.856078014508902454e-06
4.886274644659385553e-06
1.937784982055422476e-06
2.988486399899336975e-07
2.357504466863182247e-06
6.206320106729308144e-06
2.224109776009138119e-06
2.474689022912038053e-06
5.761607212046516904e-09
4.042653285410507858e-06
3.951911382400206351e-06
4.397153334353558680e-06
4.270229465439459183e-09
2.996222502259705697e-06
3.698842899005996074e-06
2.893317936181571836e-06
2.998067157863809191e-07
1.306113050425757328e-05
6.572292209659310710e-06
5.140994481583378889e-06
2.222024904805852100e-07
9.680289245441282291e-06
8.762666212546984038e-06
5.014321397159267953e-05
1.801507463331865648e-04
4.493052867312495244e-04
5.838223962126659291e-05
3.340847480049179423e-04
1.485525759068553366e-04
3.704978140309807115e-04
6.150859025028028752e-05
9.485963981667716916e-06
4.268684254469623345e-04
1.123765460052090050e-03
4.098078333300331135e-04
6.320129156847756639e-05
3.519963445289825822e-04
9.266586855940086654e-04
1.226546791422309214e-03
1.364735641002055204e-03
8.005559949023010431e-07
5.617131129973902334e-04
1.247580848417002754e-03
1.388139499261909849e-03
2.114540493019271345e-06
1.483675258765434699e-03
4.248141100744313699e-04
3.322991318586878524e-04
8.675501097452434441e-06
3.779496791005618455e-04
4.320992493499529823e-04
3.379977313150507633e-04
2.291494721744612913e-05
9.982935683084976242e-04
1.739625081492221623e-04
9.954777527268058365e-04
3.173903009098340191e-04
7.915878399541242212e-04
1.118565634384949378e-04
6.400845882492194831e-04
4.031344837258694523e-04
1.005438270384445077e-03
1.221111060619916189e-03
1.883219155490855213e-04
7.520584885668060455e-04
1.979854453993490446e-03
7.851650810904351428e-04
1.210895526719235989e-04
9.552299161346027891e-04
2.514719576732659789e-03
1.275043085198301982e-03
1.418695767949887474e-03
3.303028256334770268e-06
2.317582150403572298e-03
2.265561410591606858e-03
2.520810804394902314e-03
2.448047578788329868e-06
1.717681754934247259e-03
4.416107867494945948e-04
3.454378693555582242e-04
3.579440469525904434e-05
1.559389321285596869e-03
7.846765090334584985e-04
6.137915774408685913e-04
2.652911175686817035e-05
1.155745260440991162e-03
4.246969304389583263e-06
2.430272766248554642e-05
8.731300169170005260e-05
2.177631459150305418e-04
2.829590601522722411e-05
1.619196298736123125e-04
7.199843228777276841e-05
1.795678170737556026e-04
4.249095789256878049e-05
6.553030958364882785e-06
2.948864250916782836e-04
7.763122297210992701e-04
2.831007395750211215e-04
4.366029863251346494e-05
2.431637888766436046e-04
6.401482301925906808e-04
2.595241989699627566e-04
2.887634833939814048e-04
1.693890969024488203e-07
1.188524944348245239e-04
2.639747807421478974e-04
2.937154897994214559e-04
4.474141805907096897e-07
3.139298359878682954e-04
6.524745032201569516e-04
5.103802012178890873e-04
1.332475342627960825e-05
5.804951466187169415e-04
6.636637917041312814e-04
5.191327138137855892e-04
3.519520290745439275e-05
1.533284993607769622e-03
8.431377098062751594e-05
4.824745524347221425e-04
1.538283934112377282e-04
3.836559759858813585e-04
5.421311047288132178e-05
3.102274504778992827e-04
1.953857121104542226e-04
4.873020800070099190e-04
8.435598742846237745e-04
1.300953013438252664e-04
5.195320757704322044e-04
1.367709971822494161e-03
5.424025532625016644e-04
8.365028466555126340e-05
6.598856188873954620e-04
1.737201961738651891e-03
2.697854966907221679e-04
3.001808698486918168e-04
6.988854957636005163e-07
4.903756263820193122e-04
4.793685935285318055e-04
5.333766386578600062e-04
5.179807173835326973e-07
3.634431108964884674e-04
6.782726182295461701e-04
5.305600658172748233e-04
5.497683779267217494e-05
2.395075277877113662e-03
1.205189289335113984e-03
9.427261126078860824e-04
4.074621959096835322e-05
1.775115978429159160e-03
1.362920089522580655e-05
7.799132366500216801e-05
2.802013284135122014e-04
6.988366174873743720e-04
9.080606897614249007e-05
5.196258805419496979e-04
2.310544361074460141e-04
5.762617240218396650e-04
2.617122727614690822e-05
4.036173131060145737e-06
1.816278105858964336e-04
4.781498184308172910e-04
1.743687166619260602e-04
2.689145303207655466e-05
1.497705653073220556e-04
3.942830581779730652e-04
1.397097317573470047e-03
1.554501235969889912e-03
9.118727804492484328e-07
6.398189526096082803e-04
1.421056146384963798e-03
1.581159385356752101e-03
2.408565960432688871e-06
1.689979329502497426e-03
1.077519774295338656e-03
8.428601523997757052e-04
2.200497526503545571e-05
9.586504856161193839e-04
1.095998166235980431e-03
8.573143653235036242e-04
5.812261920727164910e-05
2.532121779608007082e-03
2.255616817771613285e-04
1.290747290698978636e-03
4.115317191884346366e-04
1.026381410305051908e-03
1.450344377959779038e-04
8.299406449192505298e-04
5.227085600167083370e-04
1.303662206321493447e-03
4.331307524161496711e-04
6.679819355400540358e-05
2.667567836528532128e-04
7.022586863616847022e-04
2.784997641172301877e-04
4.295072802952043165e-05
3.388221314576864412e-04
8.919765101733559800e-04
4.931013984715904887e-04
5.486566495696234723e-04
1.277390443740608549e-06
8.962857904202209489e-04
8.761676470817020930e-04
9.748810431265546609e-04
9.467410934100127173e-07
6.642844350279222257e-04
3.803074423681891475e-04
2.974850174261042899e-04
3.082551176103364636e-05
1.342918656492872453e-03
6.757496084582570971e-04
5.285865109451841088e-04
2.284640444319023983e-05
9.953074907040255527e-04
9.562437488091899854e-07
5.471980073471280139e-06
1.965931610835006639e-05
4.903135202485318830e-05
6.371080482259904443e-06
3.645767670515196325e-05
1.621110157968047621e-05
4.043132649595896451e-05
8.363255099902189936e-06
1.289796048395199718e-06
5.804082846932517918e-05
1.527971487662530404e-04
5.572111859711576784e-05
8.593409829094022075e-06
4.786055429900749029e-05
1.259967582841396531e-04
6.462542862653258119e-05
7.190645018881858220e-05
4.218043263568267252e-08
2.959605858208273665e-05
6.573369042179660014e-05
7.313957425887858725e-05
1.114128597989045860e-07
7.817325047103286951e-05
1.074763981296788005e-04
8.407045092624980365e-05
2.194869680201760776e-06
9.561987048141883311e-05
1.093195114129662574e-04
8.551217550513989817e-05
5.797396865728653027e-06
2.525645793145219614e-04
1.582572227296564409e-05
9.056063062770252422e-05
2.887363954320226042e-05
7.201235164432620735e-05
1.017581849226688801e-05
5.822979349175939429e-05
3.667396179772499255e-05
9.146675912528403100e-05
1.384108943706420785e-04
2.134597384410615170e-05
8.524457060336545968e-05
2.244131877421705725e-04
8.899714743977022000e-05
1.372529807055664686e-05
1.082737117741470394e-04
2.850392539481457757e-04
2.280935539115969553e-05
2.537917058549473369e-05
5.908815650262122753e-08
4.145942637580886343e-05
4.052882288808622608e-05
4.509500124254705482e-05
4.379333364281310257e-08
3.072775661625013404e-05
3.793347933161933603e-05
2.967241895065120591e-05
3.074667447979362515e-06
1.339484096942810494e-04
6.740213561475461772e-05
5.272346331970993277e-05
2.278797399679979507e-06
9.927619583808892608e-05
1.709869564695671936e-08
9.784505465161172375e-08
3.515303113694570724e-07
8.767347932739787482e-07
1.139219641896616298e-07
6.519035745361269648e-07
2.898724225471158774e-07
7.229568268739466620e-07
1.200224496577300322e-07
1.851007525635113243e-08
8.329534768267436631e-07
2.192817016409885906e-06
7.996629388684970453e-07
1.233254380358124222e-07
6.868546875977585571e-07
1.808200204053585638e-06
1.869307253136209028e-06
2.079912686722988198e-06
1.220079933581021093e-09
8.560736562607116485e-07
1.901364012469023764e-06
2.115581119678397083e-06
3.222645812042393284e-09
2.261181507223927125e-06
6.474340014993533743e-07
5.064374076377471909e-07
1.322181692494051992e-08
5.760107004510750403e-07
6.585368503943787267e-07
5.151223052470299260e-07
3.492331261910823429e-08
1.521440047007374119e-06
1.261300675101892358e-07
7.217628527672207863e-07
2.301211939672509951e-07
5.739341698155723307e-07
8.110066961010422292e-08
4.640879991156112252e-07
2.922892995105195458e-07
7.289846431286061915e-07
8.853564032389897734e-07
1.365412362385539792e-07
5.452737428525416591e-07
1.435476980639660638e-06
5.692774019999239509e-07
8.779497154747495478e-08
6.925814940910218875e-07
1.823276482714376578e-06
3.872531102652209270e-07
4.308829678279108282e-07
1.003188033728770183e-09
7.038906421733658180e-07
6.880910244786052448e-07
7.656147746883993904e-07
7.435152976148909648e-10
5.216902940504618449e-07
1.341249975633692173e-07
1.049155835314584819e-07
1.087139306055314437e-08
4.736140855101384690e-07
2.383201181221285030e-07
1.864193454934154628e-07
8.057359911742159200e-09
3.510202533355598251e-07
1.337520133595418086e-07
7.653784433116530197e-07
2.749793778038261750e-06
6.858128023562284336e-06
8.911376862218637051e-07
5.099419125926606254e-06
2.267484077943991159e-06
5.655222665105830869e-06
1.338189838535562986e-06
2.063780125236123826e-07
9.287011570261072092e-06
2.444880484855685071e-05
8.915838845973662283e-06
1.375016494689937003e-06
7.658083684468792183e-06
2.016052118585132276e-05
6.383647866369391868e-06
7.102861320715347786e-06
4.166549213211162542e-09
2.923474864859752339e-06
6.493121075214169779e-06
7.224668324647161463e-06
1.100527268997316562e-08
7.721890812677522010e-06
1.604924506798634923e-05
1.255407971770234766e-05
3.277556933695147466e-07
1.427873246062596983e-05
1.632447365106419278e-05
1.276936969289511630e-05
8.657141909630273793e-07
3.771498579642393437e-05
9.866337656969372137e-07
5.645882979554893616e-06
1.800088945106150968e-06
4.489515009428968491e-06
6.343979721686605305e-07
3.630259613911670166e-06
2.286389739906286271e-06
5.702374364678047752e-06
9.871277795741151991e-06
1.522365985668321476e-06
6.079527488285437991e-06
1.600484504708646607e-05
6.347156193167728399e-06
9.788696959142858100e-07
7.721934691329579968e-06
2.032861409650539995e-05
1.322461830146954994e-06
1.471456944070996079e-06
3.425867598991942635e-09
2.403772835379873522e-06
2.349817448635722487e-06
2.614559545896308690e-06
2.539090262057873667e-09
1.781562194729357510e-06
3.324825311386947029e-06
2.600752984316118906e-06
2.694910231083960420e-07
1.174042220272554739e-05
5.907718735061393034e-06
4.621150193392228734e-06
1.997339397143909204e-07
8.701443014365192958e-06
2.167317992690674167e-05
1.240219440247092178e-04
4.455766594937789682e-04
1.111291253738895708e-03
1.443999752079693616e-04
8.263100155496269292e-04
3.674231824127564177e-04
9.163724363392241256e-04
4.161753297382178558e-05
6.418329816846079799e-06
2.888248730662688283e-04
7.603547065256753990e-04
2.772814487723590537e-04
4.276283727421723794e-05
2.381654239756033579e-04
6.269896326068257527e-04
1.423592637399532027e-03
1.583981650039087159e-03
9.291660360118927348e-07
6.519528301619684869e-04
1.448005834581813636e-03
1.611145359192681700e-03
2.454243326383593673e-06
1.722029024445990292e-03
1.097954450305200624e-03
8.588446146312702419e-04
2.242228968549709673e-05
9.768308592367081888e-04
1.116783276605840111e-03
8.735729451768921338e-04
5.922488843766409556e-05
2.580142325883032477e-03
6.074355676256501784e-05
3.475970772205826836e-04
1.108251195290109941e-04
2.764035848894754377e-04
3.905764283798098918e-05
2.235022645558090791e-04
1.407649421457205798e-04
3.510750523093434977e-04
1.166417196294677883e-04
1.798869306974359877e-05
7.183736041489754910e-05
1.891176286722230974e-04
7.499973442620801829e-05
1.156659218666471478e-05
9.124449335745795069e-05
2.402084669244382428e-04
5.946820585881879267e-04
6.616818910582744845e-04
1.540537465639149216e-06
1.080923884179871590e-03
1.056661331016149358e-03
1.175710041387159057e-03
1.141773160904015462e-06
8.011294158462134007e-04
4.586521421860324647e-04
3.587680000714722653e-04
3.717567795975746162e-05
1.619564725703523302e-03
8.149564562049621888e-04
6.374772317522441403e-04
2.755284586035798978e-05
1.200344410570993326e-03
1.520620539769218959e-06
8.701552614895734900e-06
3.126228005087659264e-05
7.796974471675656296e-05
1.013130371195801322e-05
5.797506347012166167e-05
2.577892306751826106e-05
6.429396855815532573e-05
1.329926339395978951e-05
2.051036010165095092e-06
9.229663046224947627e-05
2.429783024688823823e-04
8.860782362572923714e-05
1.366525586080723407e-05
7.610794005444834135e-05
2.003602730264028499e-04
6.585102070148569529e-05
7.327012355025523996e-05
4.298036549578231270e-08
3.015733447021134317e-05
6.698030018130696163e-05
7.452663326153756613e-05
1.135257543811052970e-07
7.965577087030629067e-05
1.095146394936697109e-04
8.566480906951857380e-05
2.236494392683834773e-06
9.743325815188693892e-05
1.113927065881928699e-04
8.713387530409601666e-05
5.907341879711554417e-06
2.573543525260943107e-04
4.261852685360731859e-06
2.438789586797858165e-05
7.775644997482608243e-06
1.939286112449897808e-05
2.740338710549365100e-06
1.568123068763741001e-05
9.876264721102157284e-06
2.463191545230406890e-05
3.727392858804165856e-05
5.748451437477166712e-06
2.295628571461690126e-05
6.043426835836325246e-05
2.396685126046715290e-05
3.696210348598307361e-06
2.915801258985131894e-05
7.676081311924095566e-05
2.750816457046799621e-05
3.060737092983997813e-05
7.126052908402833261e-08
5.000021719969207219e-05
4.887790604923986646e-05
5.438473355394433294e-05
5.281491775093372101e-08
3.705778490385123878e-05
4.574791239339700085e-05
3.578504388662984837e-05
3.708059991526878997e-06
1.615422634543560475e-04
8.128721777075190755e-05
6.358468623298850399e-05
2.748237853203282181e-06
1.197274489441550862e-04
7.282867903804539748e-07
4.167526124690416362e-06
1.497277262983915443e-05
3.734286999383030261e-05
4.852291857027852675e-06
2.776660698215085949e-05
1.234657079086730647e-05
3.079298666394917770e-05
5.112130564788750363e-06
7.884018510235284411e-07
3.547808714183170236e-05
9.339891765703418490e-05
3.406013927374591316e-05
5.252815144139440055e-06
2.925528392438361423e-05
7.701688773025513275e-05
1.019413274805950557e-04
1.134265434280764450e-04
6.653618224238639842e-08
4.668536153913088586e-05
1.036895198099354546e-04
1.153716957825256606e-04
1.757446730751243792e-07
1.233119082666843554e-04
3.530734792698548674e-05
2.761820002239157951e-05
7.210422827881806971e-07
3.141232953999100868e-05
3.591283381127573232e-05
2.809182467122229399e-05
1.904517752466184655e-06
8.297063942476948077e-05
1.445845289931512004e-05
8.273661005031297507e-05
2.637909032944008397e-05
6.579081677662322928e-05
9.296674732738750477e-06
5.319900804626466711e-05
3.350550073720733935e-05
8.356445322720166072e-05
1.014895504936115007e-04
1.565189864668795717e-05
6.250543493627999702e-05
1.645505843478041008e-04
6.525700545427410594e-05
1.006405122881055169e-05
7.939151313340408014e-05
2.090045432317330274e-04
1.059719740078920872e-04
1.179113025995587761e-04
2.745228209078150370e-07
1.926199657523926278e-04
1.882963938266898343e-04
2.095108001786494332e-04
2.034632691248177394e-07
1.427607650289031507e-04
3.670336113210156265e-05
2.871019288496871010e-05
2.974961213490303868e-06
1.296046906507170244e-04
6.521639902620595102e-05
5.101373110125976049e-05
2.204899876864993676e-06
9.605683770297766713e-05
5.696915514949328892e-06
3.259985565068774507e-05
1.171222955344002639e-04
2.921090678157893116e-04
3.795633413716541953e-05
2.172001692238313393e-04
9.657922074649769864e-05
2.408735758969876865e-04
5.699767997217161013e-05
8.790283390573718739e-06
3.955627954542476283e-04
1.041350871401858788e-03
3.797533911798251665e-04
5.856624214585340516e-05
3.261816750343385796e-04
8.586994920547674683e-04
3.481276481298421635e-04
3.873494369261588216e-04
2.272197666249709159e-07
1.594296005003735420e-04
3.540976908900539833e-04
3.939920943364964238e-04
6.001646360808594899e-07
4.211077653413454122e-04
8.752340443482498067e-04
6.846277141292078519e-04
1.787392116269535347e-05
7.786804118661447239e-04
8.902434373051787029e-04
6.963683981861461085e-04
4.721110116996363431e-05
2.056759642669130604e-03
1.130991056438678492e-04
6.471948738816375420e-04
2.063465257821463835e-04
5.146389166829967504e-04
7.272186070367895304e-05
4.161413584892247682e-04
2.620918153495943679e-04
6.536705544797962461e-04
1.131557350940519749e-03
1.745107834618953024e-04
6.969041052195238837e-04
1.834656104147750801e-03
7.275827300742414598e-04
1.122091002750021511e-04
8.851753688085272102e-04
2.330295346896035357e-03
3.618922275273170255e-04
4.026648021600879256e-04
9.374900873132091303e-07
6.577934319424636172e-04
6.430285180138937398e-04
7.154753025742019434e-04
6.948231017956377904e-07
4.875252324351914200e-04
9.098398234626719257e-04
7.116971312796908531e-04
7.374633008536490646e-05
3.212771398160796116e-03
1.616649678576095872e-03
1.264579664306204713e-03
5.465727532416994529e-05
2.381153484649691909e-03
1.065451138028428925e-05
6.096905107938345827e-05
2.190449950296282169e-04
5.463095563135177439e-04
7.098686876382425445e-05
4.062130935104042761e-04
1.806248317782365624e-04
4.504876803719028719e-04
2.045913337056978472e-05
3.155243868533901997e-06
1.419859894750998539e-04
3.737895362402760013e-04
1.363112548066434395e-04
2.102216370315621090e-05
1.170818601006494474e-04
3.082274127958627066e-04
1.092168894118026928e-03
1.215218062792578759e-03
7.128487569708706675e-07
5.001730009195600249e-04
1.110898503886987177e-03
1.236057843363949898e-03
1.882875865787895243e-06
1.321126905168511050e-03
8.423418794665024764e-04
6.588987244936180855e-04
1.720220144867929711e-05
7.494168284136058702e-04
8.567872045251332877e-04
6.701981819799960639e-04
4.543686108645814906e-05
1.979464572024142686e-03
1.763309179992105435e-04
1.009030669042430134e-03
3.217114062040898653e-04
8.023649002369654488e-04
1.133794328742836048e-04
6.487990098781308990e-04
4.086229518577921089e-04
1.019126794012140732e-03
3.385962659326187895e-04
5.221891722594584445e-05
2.085348370052233970e-04
5.489847294249675580e-04
2.177148116756376817e-04
3.357636475534827225e-05
2.648713070751379604e-04
6.972950176350624753e-04
3.854778062219336781e-04
4.289076492192503724e-04
9.985890680258569556e-07
7.006637606585172087e-04
6.849365739512229502e-04
7.621049281072475156e-04
7.401067627855705241e-07
5.192986828178567955e-04
2.973020945151715077e-04
2.325563712793145038e-04
2.409758051009921564e-05
1.049815188608117138e-03
5.282614842124144436e-04
4.132179897871350767e-04
1.785998152128016238e-05
7.780731290198321468e-04
7.873185674429089504e-07
4.505327765945180040e-06
1.618640081528209483e-05
4.036972151093175595e-05
5.245597646628127815e-06
3.001724804114201231e-05
1.334733041473959496e-05
3.328893296950252045e-05
6.885844778190004536e-06
1.061947205804598478e-06
4.778762944131629740e-05
1.258047777314277654e-04
4.587770777568924796e-05
7.075341537675417352e-06
3.940575098623431261e-05
1.037388086021503677e-04
5.320902745768265766e-05
5.920382059811219556e-05
3.472905087034922539e-08
2.436776865084783452e-05
5.412150933281707136e-05
6.021910721047229846e-05
9.173122781803872381e-08
6.436355965710004851e-05
8.849016154590019355e-05
6.921899052408033337e-05
1.807135110156046250e-06
7.872814806921084590e-05
9.000767976407415220e-05
7.040602733505295265e-05
4.773258074531244516e-06
2.079477988957906059e-04
1.303003026604559416e-05
7.456264792456851215e-05
2.377296850340305116e-05
5.929101403842925832e-05
8.378209894566615270e-06
4.794321285918959612e-05
3.019532530382311228e-05
7.530870434744551232e-05
1.139599262322920340e-04
1.757510213117112171e-05
7.018569616094790528e-05
1.847694896918151389e-04
7.327536176423874261e-05
1.130065637353918994e-05
8.914662579693154437e-05
2.346856618544337198e-04
1.877997009991167409e-05
2.089581474717494463e-05
4.864994180450223176e-08
3.413541392752148808e-05
3.336920614240021315e-05
3.712874653699083647e-05
3.605702494802817716e-08
2.529954663752560540e-05
3.123234284426697541e-05
2.443063958314475840e-05
2.531512256703384014e-06
1.102857615153946121e-04
5.549521544154983682e-05
4.340960310924423134e-05
1.876236583447377991e-06
8.173856549207349209e-05
1.058971875372092876e-07
6.059828372858601714e-07
2.177129301364609322e-06
5.429873175165590798e-06
7.055518067278442428e-07
4.037428147398854492e-06
1.795264090673524769e-06
4.477481572718812038e-06
7.433338847891634779e-07
1.146382713174118468e-07
5.158722768481560097e-06
1.358075256827391219e-05
4.952544799461655827e-06
7.637902509897788496e-07
4.253890540258661029e-06
1.119870895810485391e-05
1.157716265832612013e-05
1.288150326753884120e-05
7.556309335198395518e-09
5.301912753727517446e-06
1.177569947803414536e-05
1.310240823080775064e-05
1.995878135795671900e-08
1.400415371267108082e-05
4.009746783635256816e-06
3.136513932980490283e-06
8.188655178105809010e-08
3.567401539190703227e-06
4.078509951066865831e-06
3.190302025935720487e-06
2.162902166461173170e-07
9.422720031468388824e-06
7.811601357782321154e-07
4.470086944350359779e-06
1.425207380550913630e-06
3.554540981948506141e-06
5.022799982186381704e-07
2.874231747897167994e-06
1.810232511559679701e-06
4.514813589238629102e-06
5.483269309361355299e-06
8.456395270764448545e-07
3.377038634888439926e-06
8.890325798108517644e-06
3.525700266558690529e-06
5.437397541163708703e-07
4.289358315914071845e-06
1.129208072994460493e-05
2.398370968689802370e-06
2.668583346518765010e-06
6.213034814837926412e-09
4.359399154121236919e-06
4.261547533589230143e-06
4.741674631238079618e-06
4.604806152118498840e-09
3.230979487914120375e-06
8.306750592945858772e-07
6.497726758932075620e-07
6.732969423483568565e-08
2.933229567277411263e-06
1.475985698778184556e-06
1.154549142103342132e-06
4.990156975982059273e-08
2.173970363841787720e-06
1.136303053749066825e-07
6.502345950268973844e-07
2.336113669381376049e-06
5.826388418713050911e-06
7.570745656312342358e-07
4.332260412081060182e-06
1.926362839241204359e-06
4.804448637880829817e-06
1.136872008002152913e-06
1.753304193087978321e-07
7.889869724146276997e-06
2.077071657624377611e-05
7.574536377393291157e-06
1.168158446835110668e-06
6.505998420476862434e-06
1.712756407417573566e-05
5.423289251815045061e-06
6.034303937832422652e-06
3.539731833300184107e-09
2.483666101959123142e-06
5.516293266027260009e-06
6.137786245918270849e-06
9.349634933226662766e-09
6.560206378034584721e-06
1.363479002898989874e-05
1.066543879372319418e-05
2.784479918506239700e-07
1.213063406758634455e-05
1.386861311065797519e-05
1.084834045636620556e-05
7.354757914715257159e-07
3.204112779773860562e-05
8.382041755735493869e-07
4.796514018471358984e-06
1.529282822715830574e-06
3.814110522099645684e-06
5.389588799158349586e-07
3.084121862226500570e-06
1.942424325630313921e-06
4.844506816346781329e-06
8.386238697995518183e-06
1.293340619694839161e-06
5.164920868682617269e-06
1.359706956552334718e-05
5.392287400961408711e-06
8.316081356471580312e-07
6.560243655564153546e-06
1.727036901811056566e-05
1.123510127674172704e-06
1.250090355285752027e-06
2.910478666223992193e-09
2.042148259868676905e-06
1.996309943731495978e-06
2.221224130828236525e-06
2.157108477137592010e-09
1.513543244297218727e-06
2.824637221987401815e-06
2.209494634059338042e-06
2.289486825838386137e-07
9.974188250459460831e-06
5.018959095064669368e-06
3.925942454764606500e-06
1.696858835498070485e-07
7.392394343005444795e-06
1.694282327726677161e-05
9.695309535565789082e-05
3.483257474785994394e-04
8.687424450481909385e-04
1.128834471656372921e-04
6.459607963809770080e-04
2.872299343513437563e-04
7.163663245271537040e-04
3.253415090860280407e-05
5.017474509452636190e-06
2.257863774002828012e-04
5.944007969365478145e-04
2.167624040615382254e-04
3.342948276233799389e-05
1.861837858026713891e-04
4.901437895944237661e-04
1.112881384071119552e-03
1.238264124671803034e-03
7.263676117893436258e-07
5.096585560494930897e-04
1.131966192432764477e-03
1.259499122272365922e-03
1.918583756447559171e-06
1.346181480424621423e-03
8.583165128858222725e-04
6.713944413050739347e-04
1.752843343220834290e-05
7.636291801961846235e-04
8.730357870119988435e-04
6.829081879008765815e-04
4.629855064182066313e-05
2.017004223886927419e-03
4.748575663246698417e-05
2.717310459703878604e-04
8.663659053237921057e-05
2.160761414697379655e-04
3.053297866128878670e-05
1.747209861777977973e-04
1.100417911193898591e-04
2.744499232874378380e-04
9.118366797597226203e-05
1.406250714927545260e-05
5.615824287528260939e-05
1.478410907866506950e-04
5.863040174587532229e-05
9.042084641007470705e-06
7.132960327893115855e-05
1.877809171764113923e-04
4.648876195741013704e-04
5.172641663003100295e-04
1.204302004613946548e-06
8.450030132910982435e-04
8.260359696041728048e-04
9.191012820320203182e-04
8.925714156004776464e-07
6.262760776535291609e-04
3.585473943835273221e-04
2.804638194879293940e-04
2.906176869333301776e-05
1.266080890124651878e-03
6.370852483444934241e-04
4.983423806421104219e-04
2.153920189709988039e-05
9.383589897166452580e-04
1.251995410674582664e-06
7.164380366219623466e-06
2.573964386727360350e-05
6.419600419948507254e-05
8.341558870069497341e-06
4.773348215405268449e-05
2.122494897876646430e-05
5.293612144755260597e-05
1.094988282686038064e-05
1.688710368363647494e-06
7.599197481378343029e-05
2.000549852040735613e-04
7.295481392492071378e-05
1.125122091670626032e-05
6.266309652671600214e-05
1.649656411642536785e-04
5.421811263907401371e-05
6.032659432470999526e-05
3.538767163963367101e-08
2.482989238104943227e-05
5.514789932097676389e-05
6.136113538926267822e-05
9.347086913615217349e-08
6.558418550528404055e-05
9.016833750553246809e-05
7.053169742638687120e-05
1.841406611582769055e-06
8.022119185089257045e-05
9.171463477154126194e-05
7.174124585452204658e-05
4.863780758746752502e-06
2.118914350115902749e-04
3.508975358081502742e-06
2.007965360467431874e-05
6.402038902723537819e-06
1.596701642041947574e-05
2.256244342077877705e-06
1.291106383294749870e-05
8.131573776652920049e-06
2.028056592415186275e-05
3.068930499723671230e-05
4.732959097934713991e-06
1.890094445600269533e-05
4.975825635212727027e-05
1.973298860672973346e-05
3.043256533964289331e-06
2.400710564676835081e-05
6.320063633990139038e-05
2.264871142904197678e-05
2.520042767723634048e-05
5.867200464685717677e-08
4.116743186715567153e-05
4.024338252482052218e-05
4.477740175115092367e-05
4.348490166347487925e-08
3.051134416244899046e-05
3.766631770814340518e-05
2.946343913232206386e-05
3.053012878941028779e-06
1.330050247154580649e-04
6.692742925262101534e-05
5.235213734845828645e-05
2.262748062166039230e-06
9.857700372284019369e-05
4.510491584515562082e-06
2.581069952380310171e-05
9.273072893231343696e-05
2.312752380979486353e-04
3.005165255751000568e-05
1.719666603565843963e-04
7.646589830462376840e-05
1.907099085750084758e-04
3.166090913083694929e-05
4.882801612261065288e-06
2.197260963697364672e-04
5.784466197373184680e-04
2.109443334560610948e-04
3.253220958501779059e-05
1.811864689659036908e-04
4.769879511221446992e-04
6.313522444576656536e-04
7.024835220830589165e-04
4.120778984791156300e-07
2.891360012616917105e-04
6.421793072216151104e-04
7.145304154789429213e-04
1.088437795932955142e-06
7.637064572005756394e-04
2.186686588301810176e-04
1.710475329579835358e-04
4.465624245219406766e-06
1.945456788611302484e-04
2.224186087423680070e-04
1.739808279469728198e-04
1.179523150567055659e-05
5.138612643129189961e-04
8.954539748470183422e-05
5.124118524356775436e-04
1.633733667968346819e-04
4.074616336983730939e-04
5.757700633852112624e-05
3.294769056183233214e-04
2.075092959343749141e-04
5.175389256326312030e-04
6.285542583829731387e-04
9.693675357024748428e-05
3.871143098988473951e-04
1.019109553724247040e-03
4.041555851623052304e-04
6.232959182188372834e-05
4.916946958259516389e-04
1.294425830351504008e-03
6.563152088855015408e-04
7.302589379889040102e-04
1.700199550255916076e-06
1.192951384003518474e-03
1.166174247518943783e-03
1.297561226638832294e-03
1.260107110642639633e-06
8.841588750023729806e-04
2.273145740063429445e-04
1.778105618664608894e-04
1.842479871246660309e-05
8.026794859047481226e-04
4.039040977613282896e-04
3.159428509018683256e-04
1.365558523188870915e-05
5.949078904316290259e-04
4.839869198219849409e-06
2.769551993813976161e-05
9.950236914945504666e-05
2.481640593286780290e-04
3.224616759468328504e-05
1.845244862971976167e-04
8.204980299470126333e-05
2.046364559189484112e-04
4.842292551880318944e-05
7.467869536422232933e-06
3.360541655667821453e-04
8.846896173572765462e-04
3.226231345835776443e-04
4.975551255295772546e-05
2.771107694821577420e-04
7.295163867565032743e-04
2.957551813452383898e-04
3.290764280788869320e-04
1.930367313380599684e-07
1.354449457292183261e-04
3.008270884134374174e-04
3.347197613721850031e-04
5.098756210104007778e-07
3.577561396616388430e-04
7.435634741920789771e-04
5.816320388053164946e-04
1.518496110039444399e-05
6.615354099527347240e-04
7.563148478899322114e-04
5.916064495165327753e-04
4.010864366286470987e-05
1.747339874810224574e-03
9.608442960327759070e-05
5.498306104638411114e-04
1.753036694456879018e-04
4.372164260683125583e-04
6.178155402399375222e-05
3.535368811021022471e-04
2.226626146881358851e-04
5.553320870053651132e-04
9.613253969564932453e-04
1.482573093138020838e-04
5.920615645631419587e-04
1.558649684112386373e-03
6.181248844576463968e-04
9.532831700871304155e-05
7.520092217055441034e-04
1.979724755019027314e-03
3.074490117482827972e-04
3.420877434583532366e-04
7.964536924090217949e-07
5.588347170842625439e-04
5.462910428890364704e-04
6.078389033379768798e-04
5.902936281515474875e-07
4.141817356473543503e-04
7.729631456417934308e-04
6.046291216893078012e-04
6.265190180990177235e-05
2.729440745623986243e-03
1.373440235004443283e-03
1.074335778705195208e-03
4.643461231010106294e-05
2.022931773579655576e-03
1.497907796618108991e-05
8.571581905971871842e-05
3.079533111881665682e-04
7.680514990891709878e-04
9.979977530982901701e-05
5.710911914586176480e-04
2.539387627705886556e-04
6.333364193107414788e-04
2.876330438253142972e-05
4.435927863997743952e-06
1.996167755180659786e-04
5.255072153422739962e-04
1.916387190871073206e-04
2.955486346470042442e-05
1.646042927992385748e-04
4.333340387741288816e-04
1.535470040184534887e-03
1.708463716333829836e-03
1.002187404719543010e-06
7.031885470803210308e-04
1.561801823500713398e-03
1.737762169058214160e-03
2.647117581240506709e-06
1.857359967943515971e-03
1.184240575316893550e-03
9.263395583086637139e-04
2.418441423475630960e-05
1.053598114574075479e-03
1.204549122802276665e-03
9.422253599773541171e-04
6.387925832169281536e-05
2.782910740562911326e-03
2.479019895221119514e-04
1.418586786609743163e-03
4.522910590773834578e-04
1.128037313866562651e-03
1.593990849667640218e-04
9.121404639286521997e-04
5.744791887852497211e-04
1.432780834340308248e-03
4.760293255538436950e-04
7.341408765909342952e-05
2.931771782558046367e-04
7.718124999628090841e-04
3.060832188434711395e-04
4.720469738499418497e-05
3.723800949731510975e-04
9.803205479617708128e-04
5.419396448640070993e-04
6.029972552129531744e-04
1.403907037333917356e-06
9.850566322921823666e-04
9.629459274959797487e-04
1.071436195342887095e-03
1.040509180324996465e-06
7.300771645012094037e-04
4.179742359177870351e-04
3.269488287722923043e-04
3.387856320891842330e-05
1.475925361470917328e-03
7.426778832101786762e-04
5.809393096621725747e-04
2.510918109082453564e-05
1.093885739757646369e-03
7.978864527797684731e-08
4.565801110794792275e-07
1.640366487446453152e-06
4.091158932105350145e-06
5.316007359729280249e-07
3.042015843668512528e-06
1.352648668414431957e-06
3.373575797929580077e-06
6.978270920634055333e-07
1.076201329572046790e-07
4.842906508038214882e-06
1.274934086374824578e-05
4.649350724408752145e-06
7.170311224891252132e-07
3.993467977726724786e-06
1.051312561826139580e-05
5.392323251305799839e-06
5.999849154003712476e-06
3.519520604899287419e-09
2.469484817833015093e-06
5.484796229422071612e-06
6.102740596831209012e-06
9.296250209185504546e-09
6.522748786412493163e-06
8.967793218834100972e-06
7.014809138012573419e-06
1.831391614984032501e-07
7.978488682272567745e-06
9.121581949113890885e-06
7.135106134627560043e-06
4.837327748613384953e-07
2.107390051313051804e-05
1.320492753315134341e-06
7.556347471344848197e-06
2.409206424894946805e-06
6.008685534558817281e-06
8.490667500871373847e-07
4.858673683681165363e-06
3.060062596446467665e-06
7.631954517518829722e-06
1.154895680865814027e-05
1.781100621343992796e-06
7.112777274847909885e-06
1.872495820731684283e-05
7.425890978807919096e-06
1.145234089582180728e-06
9.034320791571690256e-06
2.378357605149260140e-05
1.903204667837990590e-06
2.117629152417463720e-06
4.930295194283120637e-09
3.459360093749371579e-06
3.381710862924265803e-06
3.762711194119894276e-06
3.654100503054627228e-09
2.563913307558999624e-06
3.165156300701720713e-06
2.475856300385023235e-06
2.565491807502731388e-07
1.117660864183982826e-05
5.624010715093167562e-06
4.399227412342724005e-06
1.901420611741148411e-07
8.283571196294246431e-06
4.777286625810179455e-06
2.733739933384955308e-05
9.821574053054119219e-05
2.449551409516841235e-04
3.182920423559688244e-05
1.821384678838697333e-04
8.098884710378512566e-05
2.019903770073703728e-04
3.353364814402679715e-05
5.171618747459540881e-06
2.327228688624990505e-04
6.126616685646680584e-04
2.234216657159149712e-04
3.445648591654589546e-05
1.919036270769471401e-04
5.052017317560653998e-04
5.222747234247077054e-04
5.811167861159720251e-04
3.408839872621154865e-07
2.391825267379747450e-04
5.312312152407796910e-04
5.910823607562697363e-04
9.003904774650722948e-07
6.317623517038741541e-04
1.808896924256399330e-04
1.414959774869377189e-04
3.694106876255863540e-06
1.609343936172255931e-04
1.839917706560361863e-04
1.439224927049416198e-04
9.757391894038894468e-06
4.250824354449507883e-04
3.524008480355678353e-05
2.016567868523435714e-04
6.429466463138577999e-05
1.603542217586289870e-04
2.265910524827424895e-05
1.296637730240329366e-04
8.166410995610404590e-05
2.036745175155588779e-04
2.473639739310658507e-04
3.814891119312541613e-05
1.523466475408338685e-04
4.010648018340968622e-04
1.590531450528652371e-04
2.452945838952267786e-05
1.935036670234876663e-04
5.094139655954345661e-04
1.081965047317926350e-04
1.203864599964411071e-04
2.802855185949960417e-07
1.966633841737666080e-04
1.922490531707155741e-04
2.139087857436979022e-04
2.077343067986059006e-07
1.457575546135785537e-04
3.747382667521483946e-05
2.931286832590149753e-05
3.037410674149862888e-06
1.323253120132357279e-04
6.658540139399375408e-05
5.208459548062012033e-05
2.251184449414764887e-06
9.807323296890985056e-05
3.707487439312257785e-06
2.121561308591612006e-05
7.622184994980908917e-05
1.901012393451097053e-04
2.470154800200359397e-05
1.413513851663664752e-04
6.285265190902008018e-05
1.567577673842777215e-04
3.709343802137210857e-05
5.720615861869087736e-06
2.574277416889007939e-04
6.776992331215228767e-04
2.471391622608535774e-04
3.811424033824783981e-05
2.122753023017929423e-04
5.588318051378340923e-04
1.769490693043732240e-04
1.968850297523419438e-04
1.154930567791318268e-07
8.103613596811254350e-05
1.799835697693657902e-04
2.002614121016940501e-04
3.050564192600317429e-07
2.140439794262003501e-04
4.448708696448100365e-04
3.479879793688787611e-04
9.085097755232167562e-06
3.957938270788235839e-04
4.524999623894390612e-04
3.539556269488178209e-04
2.399683121331365883e-05
1.045426028378410857e-03
2.734861481067786217e-05
1.564988795664611738e-04
4.989687247313351901e-05
1.244453828243948434e-04
1.758495034402175229e-05
1.006275837047795494e-04
6.337670012703586610e-05
1.580647707669953906e-04
2.736230843814916680e-04
4.219863782333768915e-05
1.685191215715175323e-04
4.436401403596438035e-04
1.759375524184855278e-04
2.713340166753252657e-05
2.140451957036026032e-04
5.634911918583330971e-04
3.665747154818405670e-05
4.078748424494525699e-05
9.496201793887509758e-08
6.663045564910085163e-05
6.513486007926483769e-05
7.247327671761734857e-05
7.038133496020433838e-08
4.938332734892971268e-05
9.216121514925358399e-05
7.209057104947129598e-05
7.470052660037287732e-06
3.254341131435573909e-04
1.637567349835132959e-04
1.280941936262438468e-04
5.536448043625870047e-06
2.411962995497509972e-04
3.053215223647768131e-05
1.747162570696554379e-04
6.277073528926723585e-04
1.565534630942581320e-03
2.034238649271697015e-04
1.164066522511825966e-03
5.176084256427102275e-04
1.290942207187884255e-03
5.862881481853273661e-05
9.041839902255504618e-06
4.068828397070043540e-04
1.071151798289784974e-03
3.906210087684648083e-04
6.024226542313707922e-05
3.355162005212130824e-04
8.832733811100235968e-04
2.005490069957388370e-03
2.231438535640991282e-03
1.308965226153067689e-06
9.184403547905520488e-04
2.039882229089661977e-03
2.269705486129200162e-03
3.457422082002617736e-06
2.425913156598893602e-03
1.546746372174885196e-03
1.209899729058516640e-03
3.158746268322558924e-05
1.376113177858028641e-03
1.573271533364158396e-03
1.230648305498368775e-03
8.343322558413544972e-05
3.634782646169987339e-03
8.557265379213123239e-05
4.896783450534579300e-04
1.561251940184734202e-04
3.893843155925901986e-04
5.502256250116437699e-05
3.148594340853337202e-04
1.983030020350832448e-04
4.945779520904892979e-04
1.643193455165367514e-04
2.534162117386485136e-05
1.012010804068200052e-04
2.664199830710341351e-04
1.056560835520733744e-04
1.629446877161155516e-05
1.285409326792680317e-04
3.383943429327032843e-04
8.377599967494893558e-04
9.321461962686269096e-04
2.170236420567800880e-06
1.522754514987080402e-03
1.488574576033095892e-03
1.656284776421893630e-03
1.608476102067831096e-06
1.128593282952920643e-03
6.461274753422484481e-04
5.054154135526621114e-04
5.237133926768358498e-05
2.281566292015121348e-03
1.148072164346283742e-03
8.980478154469773199e-04
3.881514790140530910e-05
1.690988512223793802e-03
1.626347809838252969e-07
9.306563121642287424e-07
3.343591603662648045e-06
8.339090538195006151e-06
1.083572342462883739e-06
6.200601335700480843e-06
2.757130656489097646e-06
6.876426578207005099e-06
1.422394826819265305e-06
2.193642553018284415e-07
9.871392558626841175e-06
2.598723479813425748e-05
9.476863959111704244e-06
1.461538783599236929e-06
8.139965124871888393e-06
2.142911283209017546e-05
7.042957824950104632e-06
7.836452411764793368e-06
4.596874858781132210e-09
3.225414466230444871e-06
7.163737543536656402e-06
7.970839772946609132e-06
1.214190898841648488e-08
8.519415929733628563e-06
1.171290860721812592e-05
9.162100008958713336e-06
2.391995676849738810e-07
1.042076980130595875e-05
1.191377333487533508e-05
9.319220907343717705e-06
6.318073626371485099e-07
2.752479508442501471e-05
4.558175165608143770e-07
2.608356259443262215e-06
8.316278046365760353e-07
2.074122793390190135e-06
2.930871801056516110e-07
1.677153143563222884e-06
1.056295182030424624e-06
2.634454862358729349e-06
3.986554866109410871e-06
6.148135685922946805e-07
2.455241397676675080e-06
6.463620437398412702e-06
2.563324316406747967e-06
3.953204266237694940e-07
3.118534090164130077e-06
8.209791794396489590e-06
2.942078055097204949e-06
3.273547172012221937e-06
7.621520449889070634e-09
5.347668376654805715e-06
5.227633941122848492e-06
5.816605128687656391e-06
5.648708771489740835e-09
3.963437671635187461e-06
4.892872033476892964e-06
3.827314325164839338e-06
3.965877803336681685e-07
1.727741402238187315e-05
8.693903911713001201e-06
6.800566774533230658e-06
2.939320163431488689e-07
1.280519822502199368e-05
2.947021014793842779e-06
1.686394320395272713e-05
6.058749955744125218e-05
1.511083601654267835e-04
1.963485574838445876e-05
1.123578998915702320e-04
4.996054310187076345e-05
1.246041806683306937e-04
2.068629611822587165e-05
3.190277310748626181e-06
1.435624945456532816e-04
3.779398126258623676e-04
1.378247519141440535e-04
2.125557791391425948e-05
1.183818485488115965e-04
3.116497369346924113e-04
4.125067738827926846e-04
4.589818345371145052e-04
2.692394396032261839e-07
1.889128614665581192e-04
4.195808545890706968e-04
4.668529162884984944e-04
7.111528749819893386e-07
4.989830789686700799e-04
1.428715963159348445e-04
1.117573693932430792e-04
2.917706030095150272e-06
1.271103588596235435e-04
1.453217020280434045e-04
1.136738970739103614e-04
7.706653359226462889e-06
3.357416627973493087e-04
5.850629875276149424e-05
3.347946601965715854e-04
1.067432975289776289e-04
2.662233095287561981e-04
3.761910303325933337e-05
2.152704082366072426e-04
1.355804005893866942e-04
3.381445372937109538e-04
4.106786530213045526e-04
6.333559092719015841e-05
2.529289734883404775e-04
6.658558640288643254e-04
2.640632357697965719e-04
4.072430099929833327e-05
3.212586864004482999e-04
8.457393285542646067e-04
4.288168321950475690e-04
4.771294649750406399e-04
1.110859805425258837e-06
7.794389441618608094e-04
7.619435597991117484e-04
8.477879032107796253e-04
8.233164980738688353e-07
5.776831053168514363e-04
1.485205800772050415e-04
1.161761312828258176e-04
1.203821534339862267e-05
5.244468964815225068e-04
2.638989213837151333e-04
2.064276595212149242e-04
8.922153138659875027e-06
3.886951171768968658e-04
2.287081402381731669e-06
1.308752488664562917e-05
4.701986947464259839e-05
1.172699884201280717e-04
1.523793457703576406e-05
8.719709223744877031e-05
3.877265496499107038e-05
9.670100852181675102e-05
2.288226558761225496e-05
3.528943620717359028e-06
1.588024801462384848e-04
4.180603003656066735e-04
1.524556430896093048e-04
2.351197992451847815e-05
1.309487635565528721e-04
3.447331513622712488e-04
1.397591850543241200e-04
1.555051485478687310e-04
9.121955576448642936e-08
6.400454304381529775e-05
1.421559160103080344e-04
1.581719071097098029e-04
2.409418524718883881e-07
1.690577534427922237e-04
3.513711060498383521e-04
2.748503656814288627e-04
7.175657173002922412e-06
3.126087237391384703e-04
3.573967708859678580e-04
2.795637759623782618e-04
1.895334961321550017e-05
8.257058956858522383e-04
4.540472128563725001e-05
2.598225927499381023e-04
8.283979292373743614e-05
2.066067316952359693e-04
2.919488883511349398e-05
1.670639417532313975e-04
1.052192743651483679e-04
2.624223168681823030e-04
4.542745572184283078e-04
7.005902866620203600e-05
2.797788406916950819e-04
7.365402987900486302e-04
2.920950690387279962e-04
4.504742008961087462e-05
3.553621461536416695e-04
9.355194290589742209e-04
1.452851075414950393e-04
1.616536488907800760e-04
3.763643919213601512e-07
2.640774855896459530e-04
2.581499692055277896e-04
2.872344260831913884e-04
2.789434018973907340e-07
1.957216829648340925e-04
3.652639281603008441e-04
2.857176429608133364e-04
2.960617189943400549e-05
1.289797908281401992e-03
6.490195272047457080e-04
5.076776414316507393e-04
2.194268768261325439e-05
9.559369165065109870e-04
1.282078062922088593e-05
7.336524418257095925e-05
2.635810999648778292e-04
6.573849074020807811e-04
8.541987891255120829e-05
4.888041107404704141e-04
2.173493707748901018e-04
5.420805816494075804e-04
2.461887283666768899e-05
3.796766273582789753e-06
1.708545008316043933e-04
4.497882140801578001e-04
1.640259823086486369e-04
2.529637817915062650e-05
1.408868779087552470e-04
3.708960366479634803e-04
1.314228058121645268e-03
1.462295514420362168e-03
8.577847644752775639e-07
6.018678935680736629e-04
1.336765761592786841e-03
1.487372427432164575e-03
2.265701125627483619e-06
1.589737682937744688e-03
1.013606355654152191e-03
7.928656418010906993e-04
2.069974335203143162e-05
9.017878355939154891e-04
1.030988696062291182e-03
8.064624986152032484e-04
5.467505807425577298e-05
2.381928193178106928e-03
2.121824208663704227e-04
1.214186215980539571e-03
3.871215879963471238e-04
9.655012795387666030e-04
1.364316752654197071e-04
7.807124589022008824e-04
4.917039401288481612e-04
1.226335079388896770e-03
4.074394678885416587e-04
6.283603804564442702e-05
2.509340225344960451e-04
6.606039952028178912e-04
2.619804644810478441e-04
4.040309231370286440e-05
3.187247919476841819e-04
8.390686476238296693e-04
4.638529365269550026e-04
5.161129107253443083e-04
1.201621634530182678e-06
8.431223215801834578e-04
8.241974921354342214e-04
9.170556725662310687e-04
8.905848526695584711e-07
6.248821983306616793e-04
3.577493888119722353e-04
2.798396016186130973e-04
2.899708699797054126e-05
1.263263021078089507e-03
6.356673114533088059e-04
4.972332385802131225e-04
2.149126289826740687e-05
9.362705190886541195e-04
1.054347361440067045e-06
6.033365195329808974e-06
2.167621811109077338e-05
5.406161002319768278e-05
7.024706728130908629e-06
4.019796760625113336e-05
1.787424199934151722e-05
4.457928479388404027e-05
9.221263886548623017e-06
1.422119686653929292e-06
6.399539283643410396e-05
1.684730183469262846e-04
6.143769770261889307e-05
9.475030807115217198e-06
5.277069701638047666e-05
1.389231038763030378e-04
7.125552479602589851e-05
7.928352590175265376e-05
4.650783642686764297e-08
3.263239766419761395e-05
7.247748614330431398e-05
8.064315947971337781e-05
1.228430041040789069e-07
8.619325404424002372e-05
1.185026902672285735e-04
9.269546412151797102e-05
2.420047251453770904e-06
1.054297696260725445e-04
1.205348934889377387e-04
9.428509909436773079e-05
6.392167369683488754e-06
2.784758573586479228e-04
1.744932559524018016e-05
9.985148877738631186e-05
3.183586371723459084e-05
7.940029207180725624e-05
1.121978302203309967e-05
6.420374428767869801e-05
4.043644196695380191e-05
1.008505794294720933e-04
1.526108395019332381e-04
2.353591459073986383e-05
9.399003988750165360e-05
2.474363389700184705e-04
9.812760365300756240e-05
1.513341323662597765e-05
1.193818024583745440e-04
3.142821960209653395e-04
2.514942837824161060e-05
2.798288781043121074e-05
6.515016906356552333e-08
4.571286019970128992e-05
4.468678360254796687e-05
4.972141844945369711e-05
4.828620927714739050e-08
3.388019963702849409e-05
4.182517678504042355e-05
3.271659204791934662e-05
3.390105833496613973e-06
1.476905365458646942e-04
7.431710160650946114e-05
5.813250492496612831e-05
2.512585340924929973e-06
1.094612072142107164e-04
1.499030435984955256e-05
8.578006063256795851e-05
3.081841134518779673e-04
7.686271318821834763e-04
9.987457240803366437e-05
5.715192080929112168e-04
2.541290826637743910e-04
6.338110869761216922e-04
1.052228244500226728e-04
1.622765078374905278e-05
7.302443644261319682e-04
1.922427017834654967e-03
7.010587875493331025e-04
1.081185307721194361e-04
6.021605993035103769e-04
1.585236205261635230e-03
1.638808318783863301e-03
1.823444598327548984e-03
1.069635364319717939e-06
7.505136606183943678e-04
1.666912250751028876e-03
1.854714858766135606e-03
2.825270568232383743e-06
1.982361678692310010e-03
5.676007653319432465e-04
4.439900584495291890e-04
1.159147247178147057e-05
5.049844673870521180e-04
5.773345536649422205e-04
4.516040461586122868e-04
3.061701876118154105e-05
1.333835623535622669e-03
1.105773294024696923e-04
6.327643384037657994e-04
2.017456072934449161e-04
5.031639878088756514e-04
7.110037785013396017e-05
4.068626344451484579e-04
2.562479414369684501e-04
6.390956304376973866e-04
7.761856357655149774e-04
1.197047266731329941e-04
4.780375961746964196e-04
1.258472417173895101e-03
4.990814327221580879e-04
7.696922454989835714e-05
6.071812496569927104e-04
1.598453471093218585e-03
3.395020361221086033e-04
3.777520206557540418e-04
8.794877846971799588e-07
6.170958990141860254e-04
6.032444870173955549e-04
6.712090051745803589e-04
6.518345514521777648e-07
4.573621550359436129e-04
1.175864274826619621e-04
9.197874280589928822e-05
9.530872655906537965e-06
4.152140863547331643e-04
2.089335455457298340e-04
1.634325088421359647e-04
7.063829891338095887e-06
3.077369492162442032e-04
7.265295851230855453e-06
4.157470746900712282e-05
1.493664642910332789e-04
3.725276937914784705e-04
4.840584281284235205e-05
2.769961190766539213e-04
1.231678107150022735e-04
3.071868956180388074e-04
7.268933631628301791e-05
1.121027848861240731e-05
5.044625866705671705e-04
1.328038329832745236e-03
4.843007992991400670e-04
7.468972902404626601e-05
4.159806063747795287e-04
1.095102400712894648e-03
3.467543343409684384e-04
3.858213987892832844e-04
2.263234171385481849e-07
1.588006735251735514e-04
3.527008261362200425e-04
3.924378518660514236e-04
5.977970724163474903e-07
4.194465554263851915e-04
8.717813712036369140e-04
6.819269557001960812e-04
1.780341109971748879e-05
7.756086289942976239e-04
8.867315542517257643e-04
6.936213244374726068e-04
4.702486012713660444e-05
2.048646019999830238e-03
5.359310880302991305e-05
3.066795718254420005e-04
9.777930377444486200e-05
2.438666450901391832e-04
3.445995943878946691e-05
1.971926212500771033e-04
1.241947502276823838e-04
3.097481359214623886e-04
5.361994321757187218e-04
8.269362831944229481e-05
3.302347735084250595e-04
8.693695997503626989e-04
3.447721376228987254e-04
5.317137112175155820e-05
4.194489388775253665e-04
1.104233064960269840e-03
7.183500424887176818e-05
7.992829238604638883e-05
1.860902204658045916e-07
1.305709003515418212e-04
1.276400895351835929e-04
1.420206555734911894e-04
1.379212281256753251e-07
9.677294641750938599e-05
1.806016891570302581e-04
1.412706948659938537e-04
1.463852365997831804e-05
6.377297700324708035e-04
3.209022678462607669e-04
2.510169565651033420e-04
1.084937809239666255e-05
4.726549996825087888e-04
2.613285189152768733e-05
1.495418349050560306e-04
5.372625931285977168e-04
1.339960718281801074e-03
1.741130363876746030e-04
9.963391309291025778e-04
4.430275409463977818e-04
1.104933620128403923e-03
5.018113765324503712e-05
7.739024133066078014e-06
3.482561237384297344e-04
9.168122535628951035e-04
3.343374187578422390e-04
5.156211025412332782e-05
2.871725225106659001e-04
7.560047608009707329e-04
1.716524094410583822e-03
1.909916218984527778e-03
1.120359748021629616e-06
7.861046144748474497e-04
1.745960774598486875e-03
1.942669381673596757e-03
2.959250906902169905e-06
2.076369485259088338e-03
1.323879612047524669e-03
1.035568347039438585e-03
2.703610533369729359e-05
1.177832521743382406e-03
1.346582830064694527e-03
1.053327313746505074e-03
7.141154380914236819e-05
3.111056037404767716e-03
7.324270723512953780e-05
4.191218348008173412e-04
1.336295109568560264e-04
3.332789175637540383e-04
4.709450108195633694e-05
2.694921371370538566e-04
1.697300256362794385e-04
4.233154698919084865e-04
1.406429879570064733e-04
2.169021127952465159e-05
8.661927351372043966e-05
2.280322037114881906e-04
9.043236655968344925e-05
1.394664011110578503e-05
1.100197958430482192e-04
2.896359606849435980e-04
7.170492845094891951e-04
7.978356160308847176e-04
1.857532561380951225e-06
1.303344680686134528e-03
1.274089642409508135e-03
1.417634905564022505e-03
1.376714861790222555e-06
9.659771404501599906e-04
5.530286068727405420e-04
4.325913890304464398e-04
4.482528587710239145e-05
1.952821194134450470e-03
9.826493592483237331e-04
7.686503843822469059e-04
3.322237172796785310e-05
1.447338268129805088e-03
2.149097175560258419e-06
1.229792815405448612e-05
4.418306605874815289e-05
1.101948538557599640e-04
1.431859929724254947e-05
8.193631606177994783e-05
3.643342260903355794e-05
9.086684193734618283e-05
1.879588539645048756e-05
2.898734813280347424e-06
1.304430807374553746e-04
3.434019006724399101e-04
1.252296799275753999e-04
1.931314355271447421e-05
1.075635602249250033e-04
2.831697228822614276e-04
9.306742799804691073e-05
1.035528663835507312e-04
6.074426832716067626e-08
4.262144344189473978e-05
9.466344178125568674e-05
1.053286950015113165e-04
1.604462597426239002e-07
1.125777192385097903e-04
1.547773400812178649e-04
1.210703093910278844e-04
3.160843653474947192e-06
1.377026907262694929e-04
1.574316174520634139e-04
1.231465447257948560e-04
8.348862465506146568e-06
3.637196116106046419e-04
6.023288078268831053e-06
3.446748005632285973e-05
1.098934038125333889e-05
2.740798376629736085e-05
3.872928208515373441e-06
2.216232629951523170e-05
1.395815199262489428e-05
3.481235360349649782e-05
5.267934540904760458e-05
8.124302168115145347e-06
3.244418150377278932e-05
8.541191706888332923e-05
3.387241655880821641e-05
5.223864213786557087e-06
4.120909909010580179e-05
1.084862675163562532e-04
3.887736436350629302e-05
4.325748120344820508e-05
1.007127010178735836e-07
7.066544397563242379e-05
6.907927855141509537e-05
7.686209295326056415e-05
7.464346797735962233e-08
5.237386894791857866e-05
6.465564994100956426e-05
5.057510058079832480e-05
5.240611346607117356e-06
2.283081235875301668e-04
1.148834476132931149e-04
8.986441128365912640e-05
3.884092088472864505e-06
1.692111316620578329e-04
9.247245440112242704e-06
5.291615536917803974e-05
1.901131604416279744e-04
4.741520632150399562e-04
6.161080269704537606e-05
3.525597789147742701e-04
1.567675975383651542e-04
3.909865032247650403e-04
6.491004186661949223e-05
1.001054188837453047e-05
4.504744338076259133e-04
1.185910175528851959e-03
4.324703835754041439e-04
6.669635029906431862e-05
3.714618944655323084e-04
9.779033112809738890e-04
1.294375358931708093e-03
1.440206111599307134e-03
8.448270873098866297e-07
5.927760908408013975e-04
1.316572608366215922e-03
1.464904213332839621e-03
2.231475495894944821e-06
1.565723141614240501e-03
4.483065139074032725e-04
3.506754174241613706e-04
9.155260056492268639e-06
3.988504596523586741e-04
4.559945245324900729e-04
3.566891518926070936e-04
2.418215369923921160e-05
1.053499633960254577e-03
1.835827100123903579e-04
1.050528102560289480e-03
3.349421216823029253e-04
8.353629895182805489e-04
1.180422797255673001e-04
6.754815425353602985e-04
4.254279948548322812e-04
1.061039441147953186e-03
1.288639029867372308e-03
1.987361988456144018e-04
7.936476479201297384e-04
2.089341260718375476e-03
8.285850493144021264e-04
1.277858572528244962e-04
1.008054543214993801e-03
2.653784655839690459e-03
1.345553518706898597e-03
1.497150256881452134e-03
3.485687146021691346e-06
2.445745444659096473e-03
2.390847935459365983e-03
2.660212731023440906e-03
2.583425667602630641e-06
1.812670298126404806e-03
4.660320540597961492e-04
3.645407327813523645e-04
3.777385074029393882e-05
1.645624224504905380e-03
8.280694590115815273e-04
6.477345168691078054e-04
2.799618309923293356e-05
1.219658472696502150e-03
4.481828541874597199e-06
2.564667900249591691e-05
9.214144840984458571e-05
2.298055419712207500e-04
2.986068184344316565e-05
1.708738553648742693e-04
7.597997670104303966e-05
1.894979949422891249e-04
4.484072622273826080e-05
6.915416401675373662e-06
3.111937718083430124e-04
8.192426314393650702e-04
2.987563327904727613e-04
4.607473201082908792e-05
2.566108514632529296e-04
6.755487039056971756e-04
2.738759993034372295e-04
3.047322287892756062e-04
1.787563871476751820e-07
1.254250887286669099e-04
2.785727001705496741e-04
3.099580832885082409e-04
4.721563780878539438e-07
3.312902915550184984e-04
6.885566251573966602e-04
5.386044468609148435e-04
1.406161804786689428e-05
6.125967790363826861e-04
7.003646861289964786e-04
5.478409771849887012e-04
3.714151283473161267e-05
1.618076316227816695e-03
8.897635894459736243e-05
5.091556036430799253e-04
1.623351700302179835e-04
4.048723172209079844e-04
5.721111890543385071e-05
3.273831625266896903e-04
2.061906264088219243e-04
5.142500955759044543e-04
8.902090998023758778e-04
1.372896277173203357e-04
5.482624240303868562e-04
1.443344924199210051e-03
5.723976488092223733e-04
8.827618154963043828e-05
6.963775787230918864e-04
1.833269980801024599e-03
2.847047512216672733e-04
3.167810016479455891e-04
7.375341656408995203e-07
5.174936103934132774e-04
5.058778838674117236e-04
5.628725972271932240e-04
5.466252748544095198e-07
3.835416719588691822e-04
7.157813870731795760e-04
5.599002666915906890e-04
5.801708067598637582e-05
2.527523975563728161e-03
1.271836777751335053e-03
9.948592739508362558e-04
4.299950313922494419e-05
1.873280658995706482e-03
8.108313285036162122e-06
4.639876472963347116e-05
1.666979723261625035e-04
4.157533719843764498e-04
5.402254036031415749e-05
3.091369378759970281e-04
1.374593982625056698e-04
3.428308547554584926e-04
1.556984238769392170e-05
2.401208733429471330e-06
1.080544047172661489e-04
2.844619104835632308e-04
1.037358090671226194e-04
1.599832063157065603e-05
8.910182436404795762e-05
2.345677184792994985e-04
8.311641179592185779e-04
9.248071930346991572e-04
5.424933007311874694e-07
3.806424568354311298e-04
8.454177555304566655e-04
9.406667161637250526e-04
1.432909201720200879e-06
1.005406109586483689e-03
6.410403638461673352e-04
5.014361607601409455e-04
1.309124684932035985e-05
5.703223929254998140e-04
6.520335682174443386e-04
5.100352919619751497e-04
3.457843266838209266e-05
1.506415293365946434e-03
1.341916371332902487e-04
7.678941329909544887e-04
2.448293287010111356e-04
6.106170191977877129e-04
8.628419727680554396e-05
4.937500597960586693e-04
3.109708921284029298e-04
7.755775021570688070e-04
2.576790716470973505e-04
3.973972387479327771e-05
1.586995150628096429e-04
4.177892365027136338e-04
1.656856740634140505e-04
2.555233878794223808e-05
2.015727855860555042e-04
5.306565691545623567e-04
2.933569363921878438e-04
3.264079849455548787e-04
7.599478490913103153e-07
5.332202553562117014e-04
5.212515265836307858e-04
5.799783108400640656e-04
5.632372318963373790e-07
3.951975138517762514e-04
2.262533152939501452e-04
1.769804214816609635e-04
1.833877924696086906e-05
7.989320332770446674e-04
4.020183992987720243e-04
3.144678152399292981e-04
1.359183169182857855e-05
5.921304566284880163e-04
5.688905719276857973e-07
3.255402064014057428e-06
1.169576229754585750e-05
2.916983659296299724e-05
3.790296798137165952e-06
2.168947883609865257e-05
9.644343150715302561e-06
2.405349105050278574e-05
4.975485573511303095e-06
7.673282178893785796e-07
3.452977354799914144e-05
9.090240585499342993e-05
3.314972679992797110e-05
5.112409716215351827e-06
2.847330311109978445e-05
7.495826034999930013e-05
3.844709792686555692e-05
4.277873881439538697e-05
2.509407300821888611e-08
1.760735033774949872e-05
3.910642739943830446e-05
4.351235161798007266e-05
6.628197633712861880e-08
4.650699701335890107e-05
6.394008815938521570e-05
5.001537209441786036e-05
1.305776554598812831e-06
5.688637742580431142e-05
6.503659704758726488e-05
5.087308595792637008e-05
3.448999716592395953e-06
1.502562585677976045e-04
9.415072471059498615e-06
5.387652365422758883e-05
1.717756726129859458e-05
4.284174193432870384e-05
6.053819655403739314e-06
3.464219302244883218e-05
2.181815162498384615e-05
5.441559955393522597e-05
8.234370468574853639e-05
1.269919231749153521e-05
5.071388187862056475e-05
1.335083726107926265e-04
5.294637289916145060e-05
8.165483621681681725e-06
6.441442769443802207e-05
1.695761613106851369e-04
1.356979039072173915e-05
1.509863033082516708e-05
3.515285217685257451e-08
2.466513042526988006e-05
2.411149381219115362e-05
2.682801438430250016e-05
2.605362351775352304e-08
1.828062254759000132e-05
2.256746648440372671e-05
1.765277881119219612e-05
1.829187720334520123e-06
7.968887377792307656e-05
4.009902237455199631e-05
3.136635532447612507e-05
1.355707012595539569e-06
5.906160631059445266e-05
2.755741984974525569e-07
1.576937391558075595e-06
5.665501381120832680e-06
1.413005371519717356e-05
1.836043790767695082e-06
1.050652100953629424e-05
4.671780945124543187e-06
1.165166350858515572e-05
1.934363360167570358e-06
2.983209513881468089e-07
1.342444426765679392e-05
3.534092916942949158e-05
1.288791133527340363e-05
1.987596565420770357e-06
1.106981689873280164e-05
2.914218325441010697e-05
3.012702598283691275e-05
3.352128626784379371e-05
1.966363731722758650e-08
1.379706479077646322e-05
3.064367450047623541e-05
3.409614297190449787e-05
5.193834986195674169e-08
3.644273776060813984e-05
1.043448633316880697e-05
8.162089411992040733e-06
2.130917864731415709e-07
9.283379877634888127e-06
1.061342739092308755e-05
8.302061123701907615e-06
5.628478383729595452e-07
2.452056169504407280e-05
2.032797879921112623e-06
1.163242061051379135e-05
3.708789541270588098e-06
9.249913098802788205e-06
1.307073503550487419e-06
7.479557565628313420e-06
4.710732976660085826e-06
1.174881189155922989e-05
1.426900544022471226e-05
2.200591350076919393e-06
8.788002181619015643e-06
2.313512250109700898e-05
9.174861464170388299e-06
1.414963422698748062e-06
1.116211400384046369e-05
2.938516280642120435e-05
6.241234283620793427e-06
6.944402716853666127e-06
1.616806006990627982e-08
1.134437991948857270e-05
1.108974254405960068e-05
1.233916798385232094e-05
1.198299779359404678e-08
8.407915294547280057e-06
2.161649605628061835e-06
1.690890839777013281e-06
1.752107582396740492e-07
7.633086447432614762e-06
3.840928974545074391e-06
3.004460853592132750e-06
1.298578877318659381e-07
5.657280939235639931e-06
2.155638338737055147e-06
1.233535910678524039e-05
4.431754515444848250e-05
1.105302516816520823e-04
1.436218052545854031e-05
8.218570395338424561e-05
3.654431427325658289e-05
9.114341148814716334e-05
2.156717680728519111e-05
3.326128294400869511e-06
1.496757894726764881e-04
3.940335531711064822e-04
1.436937176169309340e-04
2.216070022349321027e-05
1.234228807242098824e-04
3.249206595516373986e-04
1.028832070344395434e-04
1.144745398075476897e-04
6.715093850654142914e-08
4.711670757497601534e-05
1.046475516609089598e-04
1.164376642570936490e-04
1.773684533255635513e-07
1.244512397626769211e-04
2.586605398106323040e-04
2.023300798792039958e-04
5.282333481346952346e-06
2.301257554752077249e-04
2.630963106876210733e-04
2.057998394201221426e-04
1.395243819928264875e-05
6.078403403853886115e-04
1.590126023682098317e-05
9.099288676900722241e-05
2.901145669319182957e-05
7.235607475040769653e-05
1.022438882581687128e-05
5.850773088761513361e-05
3.684901076881942221e-05
9.190334032048001224e-05
1.590922210017364975e-04
2.453548475172727544e-05
9.798179635565806215e-05
2.579449589016911460e-04
1.022950824311357246e-04
1.577612921211540582e-05
1.244519469408513119e-04
3.276297591275953826e-04
2.131369353609641862e-05
2.371500004200887934e-05
5.521361028018692707e-08
3.874083650337719828e-05
3.787125482512293431e-05
4.213801837056949237e-05
4.092170410693413669e-08
2.871286699423101840e-05
5.358514410966639584e-05
4.191550244186801932e-05
4.343300461551440755e-06
1.892166224453284060e-04
9.521280973573485306e-05
7.447759682809884944e-05
3.219047902015161389e-06
1.402383687016342951e-04
2.920006439407750137e-05
1.670935582140505526e-04
6.003210970238659523e-04
1.497231891175564676e-03
1.945486813100844210e-04
1.113279442375022686e-03
4.950256779352365513e-04
1.234619665425442997e-03
5.607089715753037836e-05
8.647353299626376306e-06
3.891309406644136138e-04
1.024418496398207725e-03
3.735785974527994257e-04
5.761395449545440091e-05
3.208779579177768499e-04
8.447370302042838709e-04
1.917992506092473142e-03
2.134083061930254054e-03
1.251856357758264326e-06
8.783697033307272554e-04
1.950884169069115213e-03
2.170680462918110881e-03
3.306578149160596244e-06
2.320072946004004145e-03
1.479263345701922793e-03
1.157112991093919895e-03
3.020933268155727826e-05
1.316074710219271825e-03
1.504631240136324868e-03
1.176956327503243761e-03
7.979311582076031742e-05
3.476200645948415453e-03
8.183920287535536360e-05
4.683141593556990490e-04
1.493136050013091809e-04
3.723958599866828605e-04
5.262198209013336148e-05
3.011224259320407983e-04
1.896512366411325426e-04
4.730000013454447563e-04
1.571502537100239350e-04
2.423599110851735677e-05
9.678577657224042119e-05
2.547963406342791432e-04
1.010464123017386568e-04
1.558355708805520405e-05
1.229328179172742145e-04
3.236305298000312553e-04
8.012093501433870417e-04
8.914775723939720670e-04
2.075551135083125658e-06
1.456318229701209725e-03
1.423629527944718798e-03
1.584022696856203852e-03
1.538299868051942709e-06
1.079353865449953149e-03
6.179375676057138845e-04
4.833646349982829754e-04
5.008642912481627610e-05
2.182023793481647090e-03
1.097982902361778132e-03
8.588668704685317951e-04
3.712168108583464144e-05
1.617212342718111302e-03
2.048717254688305838e-06
1.172351715531910880e-05
4.211936567083936694e-05
1.050478782623208597e-04
1.364980689418162077e-05
7.810923880517492846e-05
3.473169217069924607e-05
8.662263813526487023e-05
1.791796814344301302e-05
2.763340855996866245e-06
1.243503519992558476e-04
3.273623022732696070e-04
1.193804584475495478e-04
1.841106623222070048e-05
1.025394869597090084e-04
2.699434459602586037e-04
8.872043933488203650e-05
9.871612440098546568e-05
5.790702815140386300e-08
4.063068324324040905e-05
9.024190658799855294e-05
1.004090077067563015e-04
1.529521440551996002e-07
1.073194448907430269e-04
1.475480080031680923e-04
1.154153635771207402e-04
3.013207129900012034e-06
1.312708804963042398e-04
1.500783095224385451e-04
1.173946222181460064e-04
7.958904224813821858e-06
3.467310146089209772e-04
5.741952647018273997e-06
3.285757476211143398e-05
1.047605083322832388e-05
2.612781306345166127e-05
3.692031675992511909e-06
2.112716949712271699e-05
1.330619534381811642e-05
3.318633997329644656e-05
5.021880124013726639e-05
7.744832678298971403e-06
3.092878033478890472e-05
8.142250161834132703e-05
3.229030545997966161e-05
4.979868231478768451e-06
3.928430659914229986e-05
1.034190964862019834e-04
3.706148241880016190e-05
4.123701298558358797e-05
9.600861733383111306e-08
6.736480603551407785e-05
6.585272714474130283e-05
7.327202224987805945e-05
7.115702469578851855e-08
4.992759295791848197e-05
6.163571715304186880e-05
4.821284137161757139e-05
4.995833140076769167e-06
2.176443194372288845e-04
1.095174774226184494e-04
8.566702896123962077e-05
3.702674114016385478e-06
1.613076267856610986e-04
5.267674509065660880e-07
3.014358000565773962e-06
1.082975741891974772e-05
2.700997559753792781e-05
3.509646812687609713e-06
2.008349591604046539e-05
8.930234227570011909e-06
2.227246643083385331e-05
3.697587299240388964e-06
5.702484774394013541e-07
2.566118426640802376e-05
6.755513133215904173e-05
2.463558721610349162e-05
3.799343994851621234e-06
2.116025107409252041e-05
5.570606272458970099e-05
7.373382838775945070e-05
8.204104747737893074e-05
4.812540276141368391e-08
3.376736914282420173e-05
7.499829017559441163e-05
8.344796980648344024e-05
1.271155466074421929e-07
8.919109949822448600e-05
2.553768915134854942e-05
1.997615364796452271e-05
5.215275222852306121e-07
2.272043510520630244e-05
2.597563510895800002e-05
2.031872480570958919e-05
1.377531454537061142e-06
6.001239183130274951e-05
1.045775164183079731e-05
5.984311915102344186e-05
1.907990966417800013e-05
4.758628236052223981e-05
6.724254394774899292e-06
3.847866833428267126e-05
2.423441897863710899e-05
6.044189541032128708e-05
7.340705957229425168e-05
1.132096704329435633e-05
4.520997643248495689e-05
1.190188988829489139e-04
4.720017837888608637e-05
7.279295301819480363e-06
5.742362150362687891e-05
1.511723017913823392e-04
7.664918182370533391e-05
8.528485910199657869e-05
1.985614575128377296e-07
1.393213905473866430e-04
1.361941651298778069e-04
1.515384757834872863e-04
1.471643163732347863e-07
1.032583939143829439e-04
2.654742093174613940e-05
2.076598851003502898e-05
2.151779705021889718e-06
9.374264839260299377e-05
4.717080788241901398e-05
3.689806467505141814e-05
1.594796861595728551e-06
6.947759619875877753e-05
4.120560338973388983e-06
2.357936885284426316e-05
8.471417287515493530e-05
2.112815323200269374e-04
2.745369220379191485e-05
1.571001712371345219e-04
6.985543414373664107e-05
1.742230687717425482e-04
4.122623530058039951e-05
6.357983195026679919e-06
2.861092747900288334e-04
7.532056756667635964e-04
2.746743844419031501e-04
4.236077118497724042e-05
2.359261375597838397e-04
6.210945310269256519e-04
2.517995880436837129e-04
2.801685794590550306e-04
1.643473132309514803e-07
1.153149080333613528e-04
2.561177004248750967e-04
2.849731918143899980e-04
4.340971162025707052e-07
3.045858678693595060e-04
6.330539185629387774e-04
4.951889840037267294e-04
1.292814865371839589e-05
5.632169923270554431e-04
6.439101633445392086e-04
5.036809823404559978e-04
3.414763489641510816e-05
1.487647515246481693e-03
8.180421280016619216e-05
4.681139332162415696e-04
1.492497664730464159e-04
3.722366433926390977e-04
5.259948373915674568e-05
3.009936820543596559e-04
1.895701518944995444e-04
4.727977717900473512e-04
8.184517269606674320e-04
1.262230782902271802e-04
5.040684574836720245e-04
1.327000753051170087e-03
5.262582063923351228e-04
8.116047483094446322e-05
6.402444459949133007e-04
1.685494994496060210e-03
2.617554632535321231e-04
2.912461329867873771e-04
6.780835105991332124e-07
4.757798355595616578e-04
4.651004216586936135e-04
5.175009437240116455e-04
5.025632745208508690e-07
3.526254043525341142e-04
6.580841652892551255e-04
5.147682047972789365e-04
5.334047908858579343e-05
2.323787032949743529e-03
1.169317419237520580e-03
9.146663306729372342e-04
3.953342828169477917e-05
1.722280519012238213e-03
6.338604650004814007e-06
3.627183799280424964e-05
1.303147159450530521e-04
3.250116472162923827e-04
4.223165947039908189e-05
2.416651605612331300e-04
1.074577104243816061e-04
2.680050922709731765e-04
1.217159129021475760e-05
1.877124416422981620e-06
8.447060789552494290e-05
2.223756686693347711e-04
8.109458263512847717e-05
1.250655049733804591e-05
6.965459009584232838e-05
1.833713102622522946e-04
6.497554494763156663e-04
7.229601235248151901e-04
4.240895039116423753e-07
2.975639892132707419e-04
6.608981088941837502e-04
7.353581702601361516e-04
1.120164528647445046e-06
7.859676380695882056e-04
5.011278287205416003e-04
3.919934354461262994e-04
1.023397040005871290e-05
4.458446590206366551e-04
5.097216723347031912e-04
3.987157328100600362e-04
2.703139437226464146e-05
1.177627287908273061e-03
1.049031660745751210e-04
6.002946791745937581e-04
1.913932363992106608e-04
4.773446389154800272e-04
6.745193418833878897e-05
3.859848916715228283e-04
2.430988386325589549e-04
6.063010873894705052e-04
2.014384131858233565e-04
3.106618968553440720e-05
1.240619903016176634e-04
3.266031669133083329e-04
1.295233604251213211e-04
1.997532258141240897e-05
1.575778033130716875e-04
4.148362401100426041e-04
2.293292791927927041e-04
2.551666540799388955e-04
5.940827396125768938e-07
4.168403798993768495e-04
4.074839284173483595e-04
4.533930903702584913e-04
4.403058949069752833e-07
3.089422807076501422e-04
1.768715965930812734e-04
1.383529327404947379e-04
1.433618402790655378e-05
6.245582925999497957e-04
3.142744496423739188e-04
2.458325284045534301e-04
1.062529832473329336e-05
4.628929265376885991e-04
4.683932424966439334e-07
2.680319210119791213e-06
9.629648119241220424e-06
2.401684088132849095e-05
3.120722147474412580e-06
1.785792526966673756e-05
7.940622297196478328e-06
1.980432304991887947e-05
4.096541471719927881e-06
6.317758981635288750e-07
2.842991849912050969e-05
7.484404686984083013e-05
2.729366382550961785e-05
4.209277288310985889e-06
2.344335347939830813e-05
6.171651342062803704e-05
3.165522817776574553e-05
3.522166330740092211e-05
2.066108106509672021e-08
1.449692493325623317e-05
3.219808384240700836e-05
3.582567978572596371e-05
5.457293783307748865e-08
3.829130628067064211e-05
5.264475576913352065e-05
4.117990957487415284e-05
1.075104676655423831e-06
4.683711787677042991e-05
5.354756094628916179e-05
4.188610404791973324e-05
2.839716881140490402e-06
1.237127483366537906e-04
7.751853415530002438e-06
4.435896964040136908e-05
1.414306516007192325e-05
3.527353661500903938e-05
4.984382511870691277e-06
2.852247851813933383e-05
1.796386737484664044e-05
4.480281511978814318e-05
6.779728253581702297e-05
1.045581726995896219e-05
4.175502415557408217e-05
1.099234591561631616e-04
4.359313461047665617e-05
6.723010608442444472e-06
5.303530088243165038e-05
1.396196948339341294e-04
1.117261989344041100e-05
1.243138270678238893e-05
2.894292721063790642e-08
2.030791330808578282e-05
1.985207933726411669e-05
2.208871313270309976e-05
2.145112223764996986e-08
1.505126028176005497e-05
1.858081206328702164e-05
1.453432824248210963e-05
1.506052674698639685e-06
6.561144062076636023e-05
3.301533201247947502e-05
2.582533372973665667e-05
1.116214672627377049e-06
4.862808183503536678e-05
1.706711036984559665e-06
9.766431202486790361e-06
3.508809529314325628e-05
8.751152597159643238e-05
1.137115237629607497e-05
6.506993566544477814e-05
2.893369606041663026e-05
7.216213570704207113e-05
1.198007402121519335e-05
1.847588283206386626e-06
8.314148175670281753e-05
2.188766372165006850e-04
7.981857749934764595e-05
1.230976272006680776e-05
6.855859068620355284e-05
1.804860036727571595e-04
1.865854206844537607e-04
2.076070603096639804e-04
1.217826161504158554e-07
8.544922886395305884e-05
1.897851749869411831e-04
2.111673148140930404e-04
3.216692833926049468e-07
2.257004577826571430e-04
6.462380399610731486e-05
5.055018996791312675e-05
1.319739314665301324e-06
5.749466744008799562e-05
6.573203793057613351e-05
5.141707542578032605e-05
3.485880111896293746e-06
1.518629592544361415e-04
1.258970758705571319e-05
7.204295885122232444e-05
2.296961064734051364e-05
5.728739796015664516e-05
8.095085776618216180e-06
4.632307203875332989e-05
2.917493730323674007e-05
7.276380385431816011e-05
8.837209435573976089e-05
1.362890127431051744e-05
5.442664951287958696e-05
1.432825320000961043e-04
5.682258139217147232e-05
8.763279376721930586e-06
6.913021346086046202e-05
1.819908465986914438e-04
3.865377634895124864e-05
4.300870265337730126e-05
1.001334911555353083e-07
7.025903920579173610e-05
6.868199599404337271e-05
7.642005057103321800e-05
7.421418515230713972e-08
5.207266104547076860e-05
1.338772374240558108e-05
1.047217799895078294e-05
1.085131106310191477e-06
4.727392098796554453e-05
2.378798853039379370e-05
1.860749855019951625e-05
8.042476089557642079e-07
3.503718370936346674e-05
1.831343219111802965e-06
1.047962260160735368e-05
3.765039540623068014e-05
9.390203508929404277e-05
1.220152817117176537e-05
6.982165279688856089e-05
3.104657258073690028e-05
7.743175912028320577e-05
1.832260184449470709e-05
2.825744183699988216e-06
1.271585020502956690e-04
3.347549831226386777e-04
1.220763755486499458e-04
1.882683535348557150e-05
1.048550917079869600e-04
2.760394616881087552e-04
8.740541498876142057e-05
9.725294288480770301e-05
5.704872365695521146e-08
4.002845067918941947e-05
8.890433088285995804e-05
9.892073408351819677e-05
1.506850701460552061e-07
1.057287439891077085e-04
2.197475416546584718e-04
1.718914593188294426e-04
4.487657056526303398e-06
1.955055420286388296e-04
2.235159933337404342e-04
1.748392268051563998e-04
1.185342764932590409e-05
5.163965891975978500e-04
1.350906809678261976e-05
7.730387940189445959e-05
2.464696119793468587e-05
6.147079706020634922e-05
8.686227559253952832e-06
4.970580375251065948e-05
3.130543040999737603e-05
7.807736394605174020e-05
1.351583217413288333e-04
2.084435631907625701e-05
8.324137455147377802e-05
2.191396130324189397e-04
8.690576809303757352e-05
1.340276183497744052e-05
1.057293447791062289e-04
2.783410032079334140e-04
1.810725270103782732e-05
2.014730566706009584e-05
4.690725200617062709e-08
3.291264910177172824e-05
3.217388764939014672e-05
3.579875752950416394e-05
3.476542608471152427e-08
2.439329145627992936e-05
4.552377295713727894e-05
3.560971698877479964e-05
3.689892551033178497e-06
1.607507958229717081e-04
8.088895541924650038e-05
6.327315648263708524e-05
2.734773009653098275e-06
1.191408507474900076e-04
2.282690091542437957e-05
1.306239618338461163e-04
4.692958897029712883e-04
1.170448241689838863e-03
1.520867697946757917e-04
8.702966945315328750e-04
3.869820952555956908e-04
9.651533774225892282e-04
4.383294489972074668e-05
6.759994576973447837e-06
3.041997889386188671e-04
8.008304090573456014e-04
2.920418774798277765e-04
4.503921679296883776e-05
2.508436026880278449e-04
6.603659576851502551e-04
1.499374258297164189e-03
1.668301204494874882e-03
9.786280144193067376e-07
6.866580126141077134e-04
1.525087034871164607e-03
1.696910910105020251e-03
2.584889223576687553e-06
1.813697207658616179e-03
1.156401484751716675e-03
9.045631968198164594e-04
2.361588777807163426e-05
1.028830162907600496e-03
1.176232619535258093e-03
9.200755555575919169e-04
6.237758670638099076e-05
2.717490161538583648e-03
6.397709778379652304e-05
3.661005937737259967e-04
1.167246352847427693e-04
2.911172825685412902e-04
4.113678500614344988e-05
2.353998843083739373e-04
1.482582342583084597e-04
3.697637107231171354e-04
1.228508684727456818e-04
1.894627902716000074e-05
7.566145409888342050e-05
1.991848628406135018e-04
7.899216968640448641e-05
1.218231264007230308e-05
9.610168032439982274e-05
2.529954022447284648e-04
6.263385656075521604e-04
6.969049772879161008e-04
1.622544370657231650e-06
1.138464336313529165e-03
1.112910222939703531e-03
1.238296212670465715e-03
1.202552781813529891e-06
8.437756645599603974e-04
4.830674151018294303e-04
3.778661745473408046e-04
3.915463813400015496e-05
1.705778461879230200e-03
8.583387550380163150e-04
6.714118396157454319e-04
2.901955709838088612e-05
1.264241934819675811e-03
1.686801232494775356e-06
9.652499944300290251e-06
3.467877168647127040e-05
8.649065170820878165e-05
1.123850108634156686e-05
6.431085596818635812e-05
2.859616719979149980e-05
7.132032125669964299e-05
1.475267056935102197e-05
2.275183044918437136e-06
1.023832481195245182e-04
2.695321346482680200e-04
9.829131081133727732e-05
1.515866044520510628e-05
8.442538011880709606e-05
2.222566029097690875e-04
7.304753551281309648e-05
8.127743344067434473e-05
4.767746561043070142e-08
3.345307236270134778e-05
7.430022806074005552e-05
8.267126054888529127e-05
1.259323923370194657e-07
8.836093487185572479e-05
1.214829236110272318e-04
9.502666953441514107e-05
2.480909207381410764e-06
1.080812310752606351e-04
1.235662348690945260e-04
9.665628236042482708e-05
6.552924482381214010e-06
2.854792682826670191e-04
4.727608350909617951e-06
2.705312188818905268e-05
8.625404709570790588e-06
2.151220583365886705e-05
3.039816044513869757e-06
1.739495065281447769e-05
1.095559021353751075e-05
2.732380910096047141e-05
4.134740195721221405e-05
6.376669731913828980e-06
2.546505852327553466e-05
6.703881454033129312e-05
2.658606351017099844e-05
4.100149911510339289e-06
3.234453980289118225e-05
8.514960227782249788e-05
3.051438849311917764e-05
3.395229096123768411e-05
7.904822087002164460e-08
5.546448031686274284e-05
5.421951763069993770e-05
6.032815760966628055e-05
5.858678482003530508e-08
4.110763705640160695e-05
5.074746328295462255e-05
3.969580480742940470e-05
4.113294540149625154e-06
1.791963754061605949e-04
9.017067410031514468e-05
7.053352516327076401e-05
3.048578443295028949e-06
1.328118377732202219e-04
3.262423794710842766e-06
1.866879445550078344e-05
6.707183261536950867e-05
1.672806224688257084e-04
2.173626189894187799e-05
1.243829223781900786e-04
5.530753387709449440e-05
1.379398524449436619e-04
2.290023190935938269e-05
3.531714418751956037e-06
1.589271660713111403e-04
4.183885460909834205e-04
1.525753457093270325e-04
2.353044067503370207e-05
1.310515797575727086e-04
3.450038232802490174e-04
4.566550112262334144e-04
5.081040314327947343e-04
2.980545947337344959e-07
2.091311230159402491e-04
4.644861902731466422e-04
5.168175099817849194e-04
7.872634940068682646e-07
5.523863799455625131e-04
1.581623249612402300e-04
1.237181205402129941e-04
3.229971395103747231e-06
1.407142525337163859e-04
1.608746514545411957e-04
1.258397632014779399e-04
8.531452327796678470e-06
3.716741699795717111e-04
6.476789280880739235e-05
3.706258151144650975e-04
1.181674212828091294e-04
2.947156655325180118e-04
4.164526016451549912e-05
2.383095670518500266e-04
1.500907943169809452e-04
3.743342103706247671e-04
4.546312370596472400e-04
7.011403646451154525e-05
2.799985128500597268e-04
7.371186034136498156e-04
2.923244114511305467e-04
4.508278968359224597e-05
3.556411635713052828e-04
9.362539648504065570e-04
4.747106416624975907e-04
5.281938988145008437e-04
1.229748767862364069e-06
8.628578300571890757e-04
8.434900149122952651e-04
9.385217867190346393e-04
9.114313472522325071e-07
6.395092193531526316e-04
1.644158870994770775e-04
1.286097972060289076e-04
1.332659658177028817e-05
5.805754440007829210e-04
2.921425114374305012e-04
2.285204295889932445e-04
9.877040086751545634e-06
4.302949292862562466e-04
3.500661544246374406e-06
2.003207888986229478e-05
7.196973781254688610e-05
1.794962515671930385e-04
2.332354743999090509e-05
1.334659567638741922e-04
5.934635385646107070e-05
1.480128785401507220e-04
3.502414348014385836e-05
5.401485584200864637e-06
2.430668776371340621e-04
6.398931035606840022e-04
2.333522569032144521e-04
3.598799931875656927e-05
2.004333122431310602e-04
5.276568139393859880e-04
2.139187542976773591e-04
2.380199029588296546e-04
1.396228357309150428e-07
9.796688576856737031e-05
2.175872480735352541e-04
2.421017074523230061e-04
3.687913672287575441e-07
2.587638444427739688e-04
5.378170262881975345e-04
4.206925492730841727e-04
1.098323264491936064e-05
4.784863960023086620e-04
5.470400531329741968e-04
4.279070078820311224e-04
2.901045063658218987e-05
1.263845210264414372e-03
6.949755332990360010e-05
3.976906802787616760e-04
1.267965701262163756e-04
3.162372094297774766e-04
4.468639573877808364e-05
2.557120685414676479e-04
1.610511401561845100e-04
4.016698802481680360e-04
6.953235120219276475e-04
1.072340263987215980e-04
4.282361911050939596e-04
1.127366213147014884e-03
4.470877050475867572e-04
6.895065956593864477e-05
5.439258078114000278e-04
1.431928433238801668e-03
2.223768635399546716e-04
2.474309447708093637e-04
5.760723479499795713e-07
4.042033211158315765e-04
3.951305226412500952e-04
4.396478885823576922e-04
4.269574484872111411e-07
2.995762932690830289e-04
5.590817123866044687e-04
4.373262640254261223e-04
4.531591544260990946e-05
1.974195554503705742e-03
9.934048250248516364e-04
7.770635511192224530e-04
3.358600304647660448e-05
1.463179928294156169e-03
