5.820653712459369298e-07
1.524347406758668434e-07
4.605680940305944284e-07
2.344452125627268223e-07
1.886981379209515578e-09
4.941739045294560178e-10
9.296333159167841003e-07
4.732157593639677476e-07
2.170057191664698113e-06
1.469532530163472366e-08
6.356657666737425205e-07
8.563809609562000733e-07
7.035047461637776953e-09
4.764036236386008377e-11
1.283059078878446693e-06
1.728561493382192731e-06
5.652847289696664506e-06
1.164038163028880270e-06
3.314190039328576722e-06
1.100683961410606222e-05
1.787684739228290536e-07
3.681212587714759813e-08
2.780641474596110868e-06
9.234858101683049734e-06
6.893053456214703214e-06
2.473355887985978613e-06
2.178860750211519517e-06
3.093703101024847971e-06
2.179893748911283583e-07
7.821864538410760714e-08
1.828087857820961923e-06
2.595650536243563177e-06
3.998159909924052432e-07
1.047061892284275098e-07
1.342252279402360609e-06
6.832531932539539465e-07
1.169044444614615383e-06
3.061563108829858346e-07
1.575560920625959581e-06
8.020154234069488777e-07
1.490594715742030680e-06
1.009409997343123140e-08
1.852546529632603126e-06
2.495785773653453152e-06
4.358433656654879889e-06
2.951470617279156357e-08
2.174553890144980412e-06
2.929600188850825665e-06
1.392067617072040081e-06
2.866555115936063762e-07
7.234813544081204376e-07
2.402772061127697284e-06
7.529108782245153921e-07
1.550399207157699107e-07
1.158438767908438723e-06
3.847320029877948924e-06
1.697480226758062621e-06
6.090875024052701145e-07
4.756411394408389776e-07
6.753494769779419165e-07
9.180957251094666199e-07
3.294298356829000274e-07
7.615968707185067274e-07
1.081369977610517179e-06
2.788548945980624076e-06
7.302817800904959382e-07
2.206481843117005595e-06
1.123176163156019162e-06
9.040118509053959928e-09
2.367479992250721569e-09
4.453671582797010422e-06
2.267074064501005810e-06
5.458457086442165486e-06
3.696391175236591868e-08
1.598922978636917296e-06
2.154099321889114203e-06
1.769561872282999067e-08
1.198322673450832707e-10
3.227344859079709814e-06
4.347940123027390800e-06
7.761521676180295620e-06
1.598257828531319973e-06
4.550478106159826520e-06
1.511270690203067615e-05
2.454542488523806055e-07
5.054410605829236393e-08
3.817900603488930365e-06
1.267972539490066995e-05
5.414654086890870828e-06
1.942878675218232006e-06
1.711545883234398095e-06
2.430175864150354858e-06
1.712357327780267806e-07
6.144256831756887553e-08
1.436005603818653310e-06
2.038943970692735858e-06
1.915431694350006187e-06
5.016246422383565721e-07
6.430439541448102932e-06
3.273317853985817951e-06
5.600638373068900595e-06
1.466728481357025818e-06
7.548170637836152915e-06
3.842281939594533549e-06
3.749369979928391831e-06
2.539021171555591628e-08
4.659806097036434524e-06
6.277779034933926060e-06
1.096299358852647834e-05
7.423986689472708158e-08
5.469767864692421505e-06
7.368974869739713326e-06
1.911348817843808050e-06
3.935862500452788559e-07
9.933606776864175704e-07
3.299075046544156624e-06
1.033768259090030824e-06
2.128742638248936818e-07
1.590569698218651442e-06
5.282480894456057122e-06
1.333410266671476249e-06
4.784524238963225895e-07
3.736271967026147668e-07
5.305027487203524548e-07
7.211855822239499815e-07
2.587748111130625554e-07
5.982520859288132303e-07
8.494413115904171219e-07
2.300335307319875038e-04
6.024254892337288524e-05
1.820175362529766780e-04
9.265327001600390895e-05
7.457392425801524095e-07
1.952986273881799573e-07
3.673931563540266064e-04
1.870159217537748538e-04
3.592719002998018144e-04
2.432939310042771046e-06
1.052400134086849310e-04
1.417813394066730446e-04
1.164713483105486664e-06
7.887277617925466002e-09
2.124216242945905424e-04
2.861784357102970487e-04
1.512717761512612853e-04
3.114998714898577301e-05
8.868865335630794126e-05
2.945461097582974166e-04
4.783894413607609779e-06
9.851027950975732995e-07
7.441074438163132725e-05
2.471273883681055048e-04
2.295848287496462365e-04
8.237931006732974082e-05
7.257065034881347637e-05
1.030410254559494058e-04
7.260505612139166467e-06
2.605204561318043914e-06
6.088756462475058810e-05
8.645254061103050194e-05
2.111347241226954011e-04
5.529321706670487554e-05
7.088162332157938155e-04
3.608121678814105019e-04
6.173486850493809224e-04
1.616749447070746641e-04
8.320217995512363711e-04
4.235280953692257015e-04
3.297552896460720362e-04
2.233056930433452693e-06
4.098277090414344844e-04
5.521276521337624855e-04
9.641900227305986223e-04
6.529360650512308283e-06
4.810634576406551876e-04
6.480978019171246491e-04
4.015788168280953253e-04
8.269338340413069849e-05
2.087073808321809009e-04
6.931433140042148966e-04
2.171971073433540686e-04
4.472537623791198309e-05
3.341823802804491997e-04
1.109861479866221376e-03
6.094752520045364349e-04
2.186910652445409953e-04
1.707775435346780353e-04
2.424822311234666654e-04
3.296395531475796131e-04
1.182808076086444554e-04
2.734491026110702386e-04
3.882626903248429743e-04
2.846551659509534773e-04
7.454718756228071906e-05
2.252377373994285045e-04
1.146538588021446482e-04
9.228155876984638781e-07
2.416724336329343096e-07
4.546309381872106208e-04
2.314229933040308593e-04
1.148452717585617990e-03
7.777161976786638626e-06
3.364114457520732751e-04
4.532198716588924569e-04
3.723136609806957390e-06
2.521256298391260285e-08
6.790294244874131493e-04
9.148013021102754071e-04
1.911005189765719323e-04
3.935154899174556732e-05
1.120397215854493811e-04
3.720979277790520423e-04
6.043458524975579229e-06
1.244473094572362317e-06
9.400254449675950099e-05
3.121942068244567712e-04
1.463735956612002040e-04
5.252157073407030916e-05
4.626798333704760141e-05
6.569460830119341812e-05
4.628991900531977253e-06
1.660968458368438151e-06
3.881934104146319279e-05
5.511849059103810666e-05
2.612688234706875734e-04
6.842263312657269716e-05
8.771251819364198976e-04
4.464872890425282707e-04
7.639385955305772477e-04
2.000647821613599187e-04
1.029586002842386135e-03
5.240951607732450071e-04
1.054099578108510680e-03
7.138215647089703558e-06
1.310060001346514741e-03
1.764937647553439966e-03
3.082140993909802257e-03
2.087182987848491532e-05
1.537773020371248399e-03
2.071716939877243664e-03
5.073115571083803513e-04
1.044659412781427204e-04
2.636584947041904292e-04
8.756428357058195855e-04
2.743835035824631154e-04
5.650123789080764547e-05
4.221701359582236612e-04
1.402079820775427527e-03
3.885756937349789668e-04
1.394281918938466047e-04
1.088805529594320012e-04
1.545964349943863587e-04
2.101642644644344173e-04
7.541085010572421625e-05
1.743396050927973728e-04
2.475399021505506232e-04
3.742094744138151118e-05
9.800020239757650242e-06
2.960989485253876251e-05
1.507246850712656314e-05
1.213139185090420162e-07
3.177041037283343428e-08
5.976606953994607733e-05
3.042301249031070283e-05
1.395128453360013955e-04
9.447615730332207241e-07
4.086691361498796869e-05
5.505668007898253876e-05
4.522827749502704626e-07
3.062796009132663513e-09
8.248779042141459784e-05
1.111291136502264362e-04
4.432424829602563099e-05
9.127279390367235197e-06
2.598672397734230443e-05
8.630516039225031124e-05
1.401732227951668592e-06
2.886456548467624707e-07
2.180314394249955297e-05
7.241096787164900354e-05
5.404876467615189517e-05
1.939370283420662462e-05
1.708455225225488311e-05
2.425787525765057192e-05
1.709265204489235297e-06
6.133161717818145031e-07
1.433412508147800223e-05
2.035262107077819474e-05
1.789791356849715950e-05
4.687212035330277971e-06
6.008642932022718950e-05
3.058608678433587019e-05
5.233271529612631886e-05
1.370520267844342710e-05
7.053057860259745167e-05
3.590252279082028071e-05
6.672703440847674598e-05
4.518661908139473428e-07
8.292994381411203386e-05
1.117247910756597070e-04
1.951069257815648921e-04
1.321236948949967075e-06
9.734472470510424440e-05
1.311446569211911133e-04
1.614955202664158029e-04
3.325526749872619899e-05
8.393198455326476870e-05
2.787486177644088502e-04
8.734614073478565546e-05
1.798637677580670104e-05
1.343919427661518563e-04
4.463324498298330725e-04
1.969268223757985269e-04
7.066100948142408896e-05
5.517972857932945094e-05
7.834814473711037468e-05
1.065094431926955890e-04
3.821757079357202512e-05
8.835381368087265211e-05
1.254510951860288203e-04
1.792756427373348250e-04
4.694977138335600867e-05
1.418545839703575179e-04
7.220892745930953096e-05
5.811886710715052788e-07
1.522051452208856540e-07
2.863262761436517778e-04
1.457500542109486832e-04
3.509238752780632453e-04
2.376407646365038821e-06
1.027946613939832742e-04
1.384869148552543799e-04
1.137650255249349769e-06
7.704009205191556241e-09
2.074858053972879343e-04
2.795288070029085877e-04
6.085846588444830793e-05
1.253201673464813984e-05
3.568051834881245796e-05
1.184994638669273234e-04
1.924618606145149800e-06
3.963187738879500787e-07
2.993634281029201722e-05
9.942233850070221111e-05
4.245656390220996923e-05
1.523420541828352367e-05
1.342031383667411866e-05
1.905512618427536957e-05
1.342667641250296447e-06
4.817741422127784836e-07
1.125978921350937248e-05
1.598745803435966867e-05
8.574502192056569067e-05
2.245541622366214541e-05
2.878610503662192661e-04
1.465313077834589403e-04
2.507146882264142521e-04
6.565865342859637430e-05
3.378967042837108508e-04
1.720011995767495446e-04
1.678419606742317688e-04
1.136602399626122063e-06
2.085979766934795740e-04
2.810271452386836470e-04
4.907625410689554291e-04
3.323375630175329177e-06
2.448562205804015479e-04
3.298749381675789081e-04
2.217379874100688648e-04
4.566043735322415902e-05
1.152410252833755891e-04
3.827298577350833186e-04
1.199287597737515570e-04
2.469581187445463438e-05
1.845239970987155734e-04
6.128272720989774974e-04
1.546906070537134746e-04
5.550586923527700968e-05
4.334496239779182071e-05
6.154429307647871369e-05
8.366564912620010432e-05
3.002079226614522327e-05
6.940397914776167635e-05
9.854475807692168157e-05
4.912826547705551478e-05
1.286600230455192501e-05
3.887348863472601631e-05
1.978796061678055057e-05
1.592675440382720529e-07
4.170993151780916279e-08
7.846416329992932385e-05
3.994099391997063937e-05
7.672970649196095196e-05
5.196028941215773753e-07
2.247611163945760978e-05
3.028024331887088541e-05
2.487478804530454052e-07
1.684486028935249328e-09
4.536689028857658341e-05
6.111913388733152832e-05
8.415476188186550620e-04
1.732920586934095825e-04
4.933883038009915113e-04
1.638604263174222317e-03
2.661352338737501923e-05
5.480274857598093803e-06
4.139581509657798853e-04
1.374806791572917792e-03
1.277214896703270704e-03
4.582884791262297939e-04
4.037214313931090123e-04
5.732327061882232580e-04
4.039128358753162469e-05
1.449314439806965290e-05
3.387266701647610018e-04
4.809484726303928613e-04
3.521007315422792746e-04
9.221023334465369855e-05
1.182063799696396900e-03
6.017116738531986088e-04
1.029527116042896562e-03
2.696186832362903042e-04
1.387528676291402722e-03
7.063004573399909482e-04
5.499193900802671914e-04
3.723977578999561162e-06
6.834528842159043544e-04
9.207606708408882243e-04
1.607940208603127587e-03
1.088874732046802907e-05
8.022498244064325476e-04
1.080806158788702584e-03
4.745156897373929120e-04
9.771259393775993821e-05
2.466139213992982410e-04
8.190356760585020077e-04
2.566455970313713422e-04
5.284863609571851026e-05
3.948783552115065127e-04
1.311440403633457909e-03
7.201713772332889044e-04
2.584108954839134625e-04
2.017950660398128615e-04
2.865231389928328217e-04
3.895104357397128963e-04
1.397635947245140986e-04
3.231143777912669083e-04
4.587810177688114981e-04
6.079380913623081464e-05
1.592104424721723071e-05
4.810402780498516728e-05
2.448662677687333506e-05
1.970857423896021868e-07
5.161398618811823248e-08
9.709553800383526653e-05
4.942501302465243060e-05
2.452750684556890735e-04
1.660968629389931067e-06
7.184739878502284472e-05
9.679417649889111332e-05
7.951503556542407712e-07
5.384647549812179601e-09
1.450203269358027209e-04
1.953741312660734809e-04
1.063120899294090664e-03
2.189185794825019074e-04
6.232938047812684517e-04
2.070036678730476695e-03
3.362066778429965215e-05
6.923190803114810913e-06
5.229502786100725118e-04
1.736783278722081429e-03
8.142983048168605294e-04
2.921853891877100357e-04
2.573957429170369688e-04
3.654689763793892636e-04
2.575177743353974322e-05
9.240217088977421180e-06
2.159578266925786701e-04
3.066324445307294882e-04
4.357073155799822523e-04
1.141056227393226393e-04
1.462745739703602728e-03
7.445885642422593815e-04
1.273989105569319456e-03
3.336398427476358858e-04
1.716998406078516911e-03
8.740120331830911150e-04
1.757878691497145613e-03
1.190410986013958241e-05
2.184733405436097356e-03
2.943314224660386474e-03
5.139960293984800754e-03
3.480709579808327967e-05
2.564481080355342137e-03
3.454917485081266011e-03
5.994521706459495121e-04
1.234395991581491560e-04
3.115455477902806243e-04
1.034681728061418631e-03
3.242184896190119245e-04
6.676329214907279416e-05
4.988469133731713136e-04
1.656732988251549991e-03
4.591508705170813456e-04
1.647518790157396541e-04
1.286560160085589764e-04
1.826750588134382861e-04
2.483354119577053888e-04
8.910736834736693009e-05
2.060040880955295436e-04
2.924994110353616641e-04
2.173330738182175105e-06
5.691647774347864719e-07
1.719681062008644969e-06
8.753775985531703935e-07
7.045659880152270850e-09
1.845159306457998237e-09
3.471088919781311487e-06
1.766905241960156135e-06
8.102615670406276415e-06
5.486978570339048148e-08
2.373465280995835528e-06
3.197577382169495107e-06
2.626764217259659401e-08
1.778808172042360991e-10
4.790719174826190883e-06
6.454147612946192646e-06
2.110674742022512477e-05
4.346315800770871909e-06
1.237460848981963127e-05
4.109762244122662934e-05
6.674903517499279317e-07
1.374500677396118134e-07
1.038243105867659183e-05
3.448135203813425026e-05
2.573746128249656588e-05
9.235080187501050605e-06
8.135486625010975376e-06
1.155134865672315369e-05
8.139343662274496201e-07
2.920548012474448695e-07
6.825761726720545740e-06
9.691707108295970940e-06
1.492843288341605246e-06
3.909546775492862174e-07
5.011736277964675664e-06
2.551148445201908827e-06
4.365008384442330402e-06
1.143134352256994247e-06
5.882870117054581907e-06
2.994585931912506886e-06
5.565621103622197919e-06
3.768961156301583228e-08
6.917086148150332636e-06
9.318829474751530423e-06
1.627363231738019979e-05
1.102027733009393262e-07
8.119405559498313798e-06
1.093861695875323471e-05
5.197738074221155283e-06
1.070321763485376356e-06
2.701353393814038372e-06
8.971532469138645248e-06
2.811238111029436244e-06
5.788920660503253982e-07
4.325408634442742321e-06
1.436522303785148044e-05
6.338095575713219607e-06
2.274226670427824212e-06
1.775961188823230525e-06
2.521637344942226818e-06
3.428009564807081377e-06
1.230033641120765123e-06
2.843670094465253303e-06
4.037647191856909221e-06
3.191949025350309694e-06
8.359265916959612497e-07
2.525678302596098249e-06
1.285658286346416480e-06
1.034788989650626113e-08
2.709966939864342707e-09
5.097953431453974393e-06
2.595035981352012607e-06
6.248094300836641144e-06
4.231122507681421820e-08
1.830228101474315625e-06
2.465717964507084644e-06
2.025552143049970015e-08
1.371675722274784914e-10
3.694222506747561461e-06
4.976926533056887740e-06
8.884327307658864431e-06
1.829466728705753595e-06
5.208764284654484186e-06
1.729895763023013179e-05
2.809624165004319606e-07
5.785597211858658766e-08
4.370209864078724399e-06
1.451401352459673959e-05
6.197954624455237362e-06
2.223941488520613706e-06
1.959143382333993183e-06
2.781732589698811005e-06
1.960072212947150261e-07
7.033103949599688981e-08
1.643742597422703611e-06
2.333903885523474638e-06
2.192523942862173239e-06
5.741912080088500349e-07
7.360686731529216799e-06
3.746846096695481167e-06
6.410843970310943823e-06
1.678909941053488742e-06
8.640112250977984926e-06
4.398118279360869284e-06
4.291765389436810502e-06
2.906323794521261858e-08
5.333907999425959088e-06
7.185941885942133034e-06
1.254893400750869712e-05
8.497963470152672226e-08
6.261041331106236531e-06
8.434993471138462205e-06
2.187850424865162837e-06
4.505236492384812680e-07
1.137063292911809497e-06
3.776329404062509016e-06
1.183316359498263013e-06
2.436693104911902728e-07
1.820666409782300367e-06
6.046660850903996047e-06
1.526305502806005797e-06
5.476668251900828790e-07
4.276772577645714621e-07
6.072469103202735359e-07
8.255145098293813991e-07
2.962099723256175515e-07
6.847970753200232038e-07
9.723241080388624936e-07
3.414206384666370296e-04
8.941326706078976195e-05
2.701542824729333248e-04
1.375179457717505798e-04
1.106841978737392955e-06
2.898663592318550083e-07
5.452927041180357509e-04
2.775729920999798778e-04
5.332389638725973033e-04
3.611020054085858153e-06
1.561994569048025261e-04
2.104348669032970705e-04
1.728692420479722080e-06
1.170646449457495736e-08
3.152806739087023104e-04
4.247520955952805810e-04
2.245207741288820895e-04
4.623347068921621647e-05
1.316335777540899362e-04
4.371715746462610558e-04
7.100357412475979064e-06
1.462110433149617561e-06
1.104420028450292768e-04
3.667917040213406745e-04
3.407546654808522521e-04
1.222691168114896983e-04
1.077108963079771221e-04
1.529356724103666566e-04
1.077619620843585103e-05
3.866699788639620248e-06
9.037061302633060255e-05
1.283146918562531197e-04
3.133706294167835481e-04
8.206736389132683281e-05
1.052040066202404849e-03
5.355250616403832474e-04
9.162819939136327297e-04
2.399613772405220118e-04
1.234904377274951507e-03
6.286093695531497173e-04
4.894297851728669291e-04
3.314350392722639404e-06
6.082749659886366395e-04
8.194795554663082768e-04
1.431071253466031706e-03
9.691015370599001907e-06
7.140045728463936554e-04
9.619204844409204357e-04
5.960317854524824731e-04
1.227352711101030458e-04
3.097679150934062875e-04
1.028777987553149750e-03
3.223685469953223694e-04
6.638235070434042151e-05
4.960005668590368368e-04
1.647279915496074323e-03
9.045960778276554773e-04
3.245859109545783279e-04
2.534716472152368752e-04
3.598972632535279992e-04
4.892580066104834386e-04
1.755548798629002778e-04
4.058589497996959675e-04
5.762677084582464851e-04
1.664381710207507646e-04
4.358781795214176322e-05
1.316967388678001347e-04
6.703823025923357295e-05
5.395712320655219449e-07
1.413061228157367482e-07
2.658231814923922337e-04
1.353132644158897338e-04
6.715014961354886158e-04
4.547314680990278457e-06
1.967001215466050940e-04
2.649981294285123543e-04
2.176921840594450996e-06
1.474181174885451132e-08
3.970292093712816201e-04
5.348852709627963890e-04
1.117366718194645229e-04
2.300889154475456731e-05
6.550974151499976508e-05
2.175660446324999633e-04
3.533616473027617797e-06
7.276447102345797482e-07
5.496338534756524028e-05
1.825402768066733102e-04
8.558479332772303929e-05
3.070941692876862973e-05
2.705293788612860438e-05
3.841170566867289145e-05
2.706576369413788926e-06
9.711699817934496075e-07
2.269770900376051034e-05
3.222783866489711341e-05
1.527641522961055258e-04
4.000678461592644585e-05
5.128560043870581103e-04
2.610615813838975535e-04
4.466756898210596507e-04
1.169780858090558554e-04
6.020000046343028117e-04
3.064389845464986044e-04
6.163331175389754561e-04
4.173722098751658587e-06
7.659934427085913263e-04
1.031960874636208463e-03
1.802131038587280508e-03
1.220378059616821086e-05
8.991374813121989122e-04
1.211335045313341853e-03
2.966255940612595081e-04
6.108134430727686951e-05
1.541613955469574825e-04
5.119892750072613415e-04
1.604323193712894630e-04
3.303633244644744614e-05
2.468433167328332200e-04
8.197975266507982056e-04
2.272006114918451625e-04
8.152380853520346880e-05
6.366257233995985081e-05
9.039269602164008764e-05
1.228832635955351654e-04
4.409280233782697289e-05
1.019365480727821939e-04
1.447368377487731486e-04
1.397233014432169764e-04
3.659156904710197651e-05
1.105581912554188043e-04
5.627797275880224375e-05
4.529650466934024934e-07
1.186251799864699287e-07
2.231560962877069364e-04
1.135942309224842564e-04
5.209166703921213303e-04
3.527575197492518352e-06
1.525899390715711407e-04
2.055720561107855359e-04
1.688745123328130315e-06
1.143594695760931661e-08
3.079950454084686871e-04
4.149367588832717337e-04
1.654990247270165182e-04
3.407967186331777130e-05
9.702990212889768898e-05
3.222484401412148924e-04
5.233824048297066066e-06
1.077752611838735222e-06
8.140914278719949644e-05
2.703699447368132611e-04
2.018086755101320870e-04
7.241270925726152102e-05
6.379074308857404210e-05
9.057468206292789651e-05
6.382098630382361432e-06
2.290015785519797092e-06
5.352112697898565342e-05
7.599314297123328408e-05
6.682769260861473669e-05
1.750123353147652974e-05
2.243522639213730197e-04
1.142031219394049209e-04
1.954012459496605621e-04
5.117284024356171695e-05
2.633488986480726226e-04
1.340537682091501813e-04
2.491471269580262504e-04
1.687189670705047491e-06
3.096459691823463508e-04
4.171609146614521256e-04
7.284952858914180802e-04
4.933268693563498508e-06
3.634682509090452602e-04
4.896713120471001901e-04
6.029961506255365235e-04
1.241693779287111497e-04
3.133874148118120017e-04
1.040798798795423584e-03
3.261352794689568947e-04
6.715799882015326225e-05
5.017961119255232028e-04
1.666527645489270871e-03
7.352904628662905321e-04
2.638359048370085666e-04
2.060314977840098599e-04
2.925383292811658750e-04
3.976877138419344319e-04
1.426977543201565280e-04
3.298977547783499037e-04
4.684125439773230122e-04
2.052102093919861943e-04
5.374166991887699706e-05
1.623757050053954828e-04
8.265489331200563769e-05
6.652652143134456312e-07
1.742236103265745325e-07
3.277471171471641798e-04
1.668347059691973082e-04
4.016896039355912569e-04
2.720186095920374437e-06
1.176652537229733419e-04
1.585208585035437472e-04
1.302226245182760506e-06
8.818494905476144648e-09
2.375013410707760210e-04
3.199663051840397478e-04
6.966243900584186328e-05
1.434493687460339939e-05
4.084217203059885190e-05
1.356419612930835844e-04
2.203039861613663496e-06
4.536514683965177423e-07
3.426702636638184502e-05
1.138050802130586333e-04
4.859846120424665271e-05
1.743803249606448534e-05
1.536173777139965103e-05
2.181169942865602272e-05
1.536902077704488600e-06
5.514690735092246404e-07
1.288866500174420859e-05
1.830025295563089265e-05
9.814916088974839459e-05
2.570388589817205522e-05
3.295039165359353421e-04
1.677289780897996542e-04
2.869838472366804841e-04
7.515703646489917361e-05
3.867778822609795920e-04
1.968834228782099258e-04
1.921224956654290312e-04
1.301026803537638752e-06
2.387744024922075871e-04
3.216813976439447751e-04
5.617577618285701400e-04
3.804145384968553394e-06
2.802778756166770927e-04
3.775956627511222580e-04
2.538152876308259580e-04
5.226581685674504127e-05
1.319121469479119348e-04
4.380967377785630295e-04
1.372780235480785356e-04
2.826838408431788270e-05
2.112178068604290905e-04
7.014807528137295255e-04
1.770686267234627108e-04
6.353551923918613308e-05
4.961537816250285673e-05
7.044748007184701980e-05
9.576897962239715330e-05
3.436369254062653311e-05
7.944417253835443337e-05
1.128005463021905958e-04
7.291721216711428782e-05
1.909599312480799303e-05
5.769685517959202177e-05
2.936971026021999197e-05
2.363882621786781423e-07
6.190676378306733547e-08
1.164581730557558847e-04
5.928126913391841579e-05
1.138838555252419789e-04
7.712056207440214343e-07
3.335952094363059650e-05
4.494257847521886205e-05
3.691968726961411541e-07
2.500149841882287540e-09
6.733449944572723715e-05
9.071431303053455728e-05
1.249042799990330178e-03
2.572037438717386854e-04
7.322973705601661283e-04
2.432051153355188101e-03
3.950035509106254267e-05
8.133940016917780164e-06
6.144054553763007376e-04
2.040517358723578992e-03
1.895669401343031291e-03
6.802014673568782021e-04
5.992118993708623904e-04
8.508041237030244215e-04
5.994959859573380364e-05
2.151103188318806344e-05
5.027452981542621015e-04
7.138339096587578052e-04
5.225953633159552761e-04
1.368603813605310594e-04
1.754444127846978198e-03
8.930732107013682241e-04
1.528045951212289285e-03
4.001737602346318984e-04
2.059399449474708273e-03
1.048306098362923426e-03
8.162020061550976204e-04
5.527206397309233530e-06
1.014395246416181263e-03
1.366612489549335870e-03
2.386538914090222899e-03
1.616130939879156686e-05
1.190716181188900121e-03
1.604155392555557625e-03
7.042862370413939315e-04
1.450271014938701310e-04
3.660296054709083566e-04
1.215630097738453494e-03
3.809188309168416806e-04
7.843906503749589559e-05
5.860868184040814687e-04
1.946467623631604592e-03
1.068893611457294966e-03
3.835389242694639696e-04
2.995085110744229412e-04
4.252637115081017282e-04
5.781196386304833339e-04
2.074400875098180829e-04
4.795732031421807138e-04
6.809325036422606871e-04
3.554620330959419139e-05
9.309051098351954690e-06
2.812647499245658284e-05
1.431735609503308765e-05
1.152362381620861768e-07
3.017875130262295357e-08
5.677186186186622651e-05
2.889885642165834596e-05
1.434125871363536571e-04
9.711700817898941259e-07
4.200924865153552265e-05
5.659565547709396500e-05
4.649252383650549533e-07
3.148409011964057050e-09
8.479353569920859766e-05
1.142354573614033679e-04
6.216078934008593005e-04
1.280019206741061632e-04
3.644405346721644534e-04
1.210352594876615024e-03
1.965803935376064787e-05
4.047996849270783664e-06
3.057695707572349376e-04
1.015498985954580227e-03
4.761210641171646795e-04
1.708411003641081643e-04
1.504995580758948330e-04
2.136900898678658028e-04
1.505709099728861257e-05
5.402764523827664185e-06
1.262707654443980736e-04
1.792883086200863232e-04
2.547585197100843239e-04
6.671767606419944693e-05
8.552689524229846203e-04
4.353617064402808337e-04
7.449027525038998815e-04
1.950795623928194822e-04
1.003930750381997090e-03
5.110357430793508338e-04
1.027833495702470956e-03
6.960345392407522374e-06
1.277415890043510308e-03
1.720958882496588472e-03
3.005340119481661552e-03
2.035174504500375842e-05
1.499454749769779790e-03
2.020093839939712983e-03
3.505003064441895313e-04
7.217526176551770152e-05
1.821610051960432955e-04
6.049794804595413564e-04
1.895708874385803472e-04
3.903656622388624285e-05
2.916763080824720132e-04
9.686934980194318633e-04
2.684659906176299843e-04
9.633059468288866095e-05
7.522530611290761753e-05
1.068102965159445312e-04
1.452019731588036981e-04
5.210117077152735945e-05
1.204508041541225641e-04
1.710247092644036999e-04
1.707950445407694902e-04
4.472882189772951089e-05
1.351441814269616895e-04
6.879309867946488508e-05
5.536956579633350280e-07
1.450051114608092691e-07
2.727816692800701017e-04
1.388553772318698305e-04
6.367584003718147669e-04
4.312039271570598041e-06
1.865229719811168231e-04
2.512872807693284629e-04
2.064289174229481328e-06
1.397907900697962859e-08
3.764871496416351314e-04
5.072106190095422096e-04
1.658711121328624227e-03
3.415629235529116714e-04
9.724805208254351475e-04
3.229729434204807719e-03
5.245591126779836056e-05
1.080175696652341599e-05
8.159217297001654682e-04
2.709778108648569234e-03
2.022623970149664031e-03
7.257551297880761396e-04
6.393416225465045578e-04
9.077831890332438165e-04
6.396447346498051860e-05
2.295164371950355481e-05
5.364145721856504543e-04
7.616399649424878283e-04
1.173177333045758228e-04
3.072386562815705529e-05
3.938561700634339211e-04
2.004865180772367550e-04
3.430319133411015775e-04
8.983523730636681405e-05
4.623157653907330870e-04
2.353348381986056779e-04
4.373841898933836497e-04
2.961904864518603368e-06
5.435914635587541606e-04
7.323367158278374246e-04
1.278892212609968482e-03
8.660480084220177418e-06
6.380778635372359904e-04
8.596305835380275854e-04
4.084734505896645560e-04
8.411313108300431354e-05
2.122906399431569125e-04
7.050437656567361787e-04
2.209261250266889584e-04
4.549325809842553889e-05
3.399198968651187341e-04
1.128916490013896637e-03
4.980904641614901374e-04
1.787241300403340563e-04
1.395670548521529039e-04
1.981673360057977450e-04
2.693962018855558332e-04
9.666437180085386599e-05
2.234748498747528029e-04
3.173056543386120333e-04
6.510527957765924894e-05
1.705015776459416516e-05
5.151554448639743359e-05
2.622320767316498012e-05
2.110629773221199443e-07
5.527442758792757009e-08
1.039815112311427253e-04
5.293021340197189830e-05
1.274406085601273528e-04
8.630100656438068940e-07
3.733064384519628400e-05
5.029255046492249015e-05
4.131461296062589125e-07
2.797768093391988848e-09
7.535000941861384001e-05
1.015129598871266519e-04
1.812111060141641597e-04
3.731511434063139562e-05
1.062416887968124486e-04
3.528419357494627846e-04
5.730710776331347594e-06
1.180071865215468711e-06
8.913793195136117268e-05
2.960382201620820200e-04
1.264179237920376366e-04
4.536110421080417215e-05
3.996009229050177580e-05
5.673821120710135309e-05
3.997903738526037198e-06
1.434522278710808994e-06
3.352695187454256346e-05
4.760397605588793989e-05
4.472028943666717782e-05
1.171161532704845625e-05
1.501338410274841943e-04
7.642335786770551804e-05
1.307601674403426257e-04
3.424425021511823692e-05
1.762299207207875852e-04
8.970717198780382739e-05
8.753792223556569130e-05
5.927946269904608793e-07
1.087942096775898682e-04
1.465696199398828614e-04
2.559570502134774351e-04
1.733305523274469181e-06
1.277046854669663869e-04
1.720461711051072683e-04
4.462496501469487449e-05
9.189203181839515147e-06
2.319235770827909182e-05
7.702472053163266299e-05
2.413576839796097395e-05
4.970053863026004860e-06
3.713561672981941783e-05
1.233320275740265625e-04
3.113162074077892522e-05
1.117060500848574692e-05
8.723211810286736785e-06
1.238584311813447578e-05
1.683778548185234990e-05
6.041710850891035753e-06
1.396761185363243335e-05
1.983221924636496551e-05
2.981979179880891269e-04
7.809384399779314848e-05
2.359536463021023672e-04
1.201086299273092716e-04
9.667194551672072140e-07
2.531702395201664831e-07
4.762604562875094550e-04
2.424331718951623714e-04
4.657326795798626042e-04
3.153876891501573227e-06
1.364251237097780401e-04
1.837945106789311723e-04
1.509845693406188910e-06
1.022446491507237432e-08
2.753671862477164085e-04
3.709798890202926176e-04
1.960971887668971631e-04
4.038046663729975383e-05
1.149692033846646633e-04
3.818271032137045122e-04
6.201475713011216551e-06
1.277012101529661954e-06
9.646041157538445886e-05
3.203570907889191979e-04
2.976162549735471090e-04
1.067902521393460899e-04
9.407505406797002747e-05
1.335745235077117547e-04
9.411965508642564782e-06
3.377188419644970336e-06
7.892999313921793443e-05
1.120704774341194093e-04
2.736989470536452577e-04
7.167790780625560830e-05
9.188552830038253412e-04
4.677293649522894789e-04
8.002837324133235068e-04
2.095830627347104681e-04
1.078569578780026001e-03
5.490295082055263046e-04
4.274695976065555868e-04
2.894764625336128624e-06
5.312693726914574600e-04
7.157361616196994143e-04
1.249902379049870919e-03
8.464164965778956130e-06
6.236139619824860409e-04
8.401445414038912537e-04
5.205761382056042124e-04
1.071973928497963645e-04
2.705523244148914019e-04
8.985381063608532254e-04
2.815577581091195766e-04
5.797856526802732508e-05
4.332085401238269882e-04
1.438739741541796794e-03
7.900772145464710072e-04
2.834944111452147907e-04
2.213829773386151781e-04
3.143354633562974549e-04
4.273195656404512590e-04
1.533302143153291526e-04
3.544785528216630433e-04
5.033141278095532370e-04
9.477403390778360497e-06
2.481998757392947645e-06
7.499139841812659412e-06
3.817323555492737559e-06
3.072452787111362769e-08
8.046322062411028473e-09
1.513663305822672564e-05
7.705073800844377467e-06
3.823696521871642028e-05
2.589354071379478151e-07
1.120059411539610045e-05
1.508965254179934523e-05
1.239593436227863001e-07
8.394354239652818790e-10
2.260783059592926366e-05
3.045769759190749420e-05
6.362563983258706918e-06
1.310183507827186502e-06
3.730287605034222594e-06
1.238875166959876567e-05
2.012129101022558367e-07
4.143389945807178808e-08
3.129751856001396691e-06
1.039429734027476292e-05
4.873410982040295081e-06
1.748670574451649686e-06
1.540461564075622069e-06
2.187258050945978552e-06
1.541191897481541881e-07
5.530083406963095227e-08
1.292464000029901718e-06
1.835133284431930737e-06
8.698770757220026289e-06
2.278085813174724201e-06
2.920329636615001984e-05
1.486549570591736993e-05
2.543482466387222136e-05
6.661023131258072722e-06
3.427937744195955173e-05
1.744939789590438793e-05
3.509554053730032619e-05
2.376621163780024005e-07
4.361757165869898099e-05
5.876241869545922799e-05
1.026178232492390126e-04
6.949136180306845779e-07
5.119912434691275334e-05
6.897643007859061831e-05
1.689059903570637350e-05
3.478123654572679650e-06
8.778333262876946807e-06
2.915394263970256879e-05
9.135415261264370003e-06
1.881170931082909059e-06
1.405587235576543758e-05
4.668131000948883962e-05
1.293736786780281403e-05
4.642168408257590302e-06
3.625105198285219960e-06
5.147184918718442503e-06
6.997278640637292691e-06
2.510753824213445058e-06
5.804520564148587923e-06
8.241675502909360677e-06
2.751928299955631136e-04
7.206913475446579580e-05
2.177505198954518106e-04
1.108426041321531648e-04
8.921399065229521296e-07
2.336389038336345643e-07
4.395183697626386552e-04
2.237301692404687267e-04
1.025974416839354510e-03
6.947755969068899824e-06
3.005343899565776958e-04
4.048856225468191734e-04
3.326077646531557881e-06
2.252373494211074946e-08
6.066134087521100546e-04
8.172410740858398028e-04
3.259595536728878253e-04
6.712181324457156190e-05
1.911058004301125792e-04
6.346862641243570169e-04
1.030830818247621916e-05
2.122693840064638054e-06
1.603398442472883005e-04
5.325086758567978322e-04
3.974734346930622743e-04
1.426208669729304990e-04
1.256394240383647862e-04
1.783918847134823721e-04
1.256989897364747718e-05
4.510313728936721530e-06
1.054128427095934995e-04
1.496727307363975522e-04
1.316208653895291781e-04
3.446965491219488746e-05
4.418742885883289386e-04
2.249294140362508010e-04
3.848536450407259073e-04
1.007877610969536722e-04
5.186803342506912402e-04
2.640263682864487510e-04
4.907091533383719281e-04
3.323014095893627151e-06
6.098649951428382517e-04
8.216216728594608835e-04
1.434812069942100659e-03
9.716347659176789991e-06
7.158709789136133254e-04
9.644349420461235251e-04
1.187634528049781113e-03
2.445585106996444919e-04
6.172339808482441145e-04
2.049911245569126846e-03
6.423416108223741752e-04
1.322714218835391656e-04
9.883154112105966334e-04
3.282319085585128516e-03
1.448195549739103192e-03
5.196395200842229920e-04
4.057905185302846307e-04
5.761705448233677166e-04
7.832681184612860781e-04
2.810511807247441330e-04
6.497520156545351453e-04
9.225646134258196464e-04
1.049006204061830806e-04
2.747199826391609820e-05
8.300421428556142931e-05
4.225203811119382862e-05
3.400743750659517212e-07
8.906069959585776678e-08
1.675397926201722650e-04
8.528359389771852331e-05
2.053381690336262123e-04
1.390521504401640514e-06
6.014885006141838537e-05
8.103367007719591397e-05
6.656800430818162487e-07
4.507892611064884275e-09
1.214074002431081721e-04
1.635623491751607265e-04
3.561047519210841983e-05
7.332933299429664564e-06
2.087795337980484416e-05
6.933829430277657223e-05
1.126163503012583914e-06
2.319003553671588413e-07
1.751682986903508959e-05
5.817558276021860577e-05
2.484286111405517399e-05
8.914080994898989317e-06
7.852707852652527403e-06
1.114983903071130002e-05
7.856430824393897080e-07
2.819033620078736703e-07
6.588507262364429977e-06
9.354836166892650646e-06
5.017249336758856389e-05
1.313947091402990904e-05
1.684378441662299337e-04
8.574073343546901736e-05
1.467021729127317598e-04
3.841923740742469171e-05
1.977155031846619605e-04
1.006440823232436342e-04
9.821036218909858775e-05
6.650669051044850164e-07
1.220581716317199609e-04
1.644390807161062729e-04
2.871627971551941622e-04
1.944626498754029754e-06
1.432741729830553268e-04
1.930216795871728661e-04
1.297468640567900127e-04
2.671756259375761332e-05
6.743166480335914417e-05
2.239489922409818609e-04
7.017462669618237134e-05
1.445040691255695406e-05
1.079716211300626668e-04
3.585872573844283329e-04
9.051503262335960378e-05
3.247847855994577732e-05
2.536269499629090703e-05
3.601177732572190872e-05
4.895577762832733961e-05
1.756624428014360274e-05
4.061076206501195075e-05
5.766207892051529622e-05
9.559417041667009427e-06
2.503476979982159552e-06
7.564034392734699597e-06
3.850357143755301484e-06
3.099040562250193828e-08
8.115951708987675528e-09
1.526761941472970074e-05
7.771750421720152816e-06
1.493012742702922271e-05
1.011047451550086630e-07
4.373419711652291132e-06
5.891953872123286537e-06
4.840156077954633596e-08
3.277686336997608082e-10
8.827525660448966519e-06
1.189260977119891578e-05
1.637490062104163301e-04
3.371930685875754066e-05
9.600388928278239063e-05
3.188409231596324813e-04
5.178480586229812044e-06
1.066356248445398057e-06
8.054830685458212400e-05
2.675110009430233904e-04
2.485214922785828348e-04
8.917413743021302644e-05
7.855643780356793280e-05
1.115400767188866478e-04
7.859368144022591365e-06
2.820087585037034051e-06
6.590970537627470569e-05
9.358333702161578972e-05
6.851204089549346407e-05
1.794234067682792970e-05
2.300069160070955532e-04
1.170815369390279748e-04
2.003262065613763403e-04
5.246261821485516955e-05
2.699864354082764364e-04
1.374325057656764317e-04
1.070037530946738399e-04
7.246145245673322664e-07
1.329868067823665033e-04
1.791623449894424666e-04
3.128742869882325897e-04
2.118741129712823275e-06
1.561024100614117780e-04
2.103041235577247318e-04
9.233164100068855739e-05
1.901299438528630155e-05
4.798633332654096093e-05
1.593686144507491071e-04
4.993830476421571728e-05
1.028332972101804943e-05
7.683574499403547523e-05
2.551811186877611117e-04
1.401315204107898100e-04
5.028179794369180920e-05
3.926544473926587935e-05
5.575190068534398394e-05
7.579125094608412337e-05
2.719531162438748129e-05
6.287185308644840790e-05
8.926997599173870993e-05
3.038198659997959383e-07
7.956615317403453763e-08
2.404020983289741988e-07
1.223730470559212658e-07
9.849450905288623105e-10
2.579432772874878511e-10
4.852394308670271795e-07
2.470037829105023265e-07
1.225773470853094618e-06
8.300767357417810439e-09
3.590606902486470531e-07
4.837333628421653905e-07
3.973800588201462859e-09
2.691002456144985047e-11
7.247457746585587438e-07
9.763912349704952518e-07
5.312995743387611712e-06
1.094055701201339480e-06
3.114939546275134208e-06
1.034510380715303027e-05
1.680208384074102091e-07
3.459896545353681326e-08
2.613468144689425639e-06
8.679654565312604629e-06
4.069493347569801887e-06
1.460209963010915974e-06
1.286347100684742112e-06
1.826448071083193872e-06
1.286956958328156665e-07
4.617841121768208114e-08
1.079259202533567872e-06
1.532409788630856236e-06
2.177467411821537210e-06
5.702481141262081228e-07
7.310139320809043538e-06
3.721115702852786668e-06
6.366819333065863066e-06
1.667380507259071411e-06
8.580778751462533955e-06
4.367915460089879409e-06
8.785079863934184459e-06
5.949133824547668782e-08
1.091830599062255403e-05
1.470934863330812650e-05
2.568718871132662831e-05
1.739500671444745426e-07
1.281611251643440093e-05
1.726610953108014595e-05
2.995789879703380816e-06
6.168950919205814056e-07
1.556963248846107104e-06
5.170869673055454729e-06
1.620296860326190074e-06
3.336526327702669784e-07
2.493010464862035962e-06
8.279599545409151471e-06
2.294627659234023430e-06
8.233551165318538409e-07
6.429643758001153389e-07
9.129270344918650416e-07
1.241067678699364111e-06
4.453181844589704108e-07
1.029514934659584784e-06
1.461779301682568275e-06
1.693959909317442939e-04
4.436242941912029808e-05
1.340371589411950485e-04
6.822958564990179756e-05
5.491601053619229764e-07
1.438173139748703828e-07
2.705472005932980451e-04
1.377179547898362065e-04
6.315424461237707570e-04
4.276717555291475374e-06
1.849950843435220753e-04
2.492288816043659459e-04
2.047379718647542278e-06
1.386457052701670727e-08
3.734031860121634250e-04
5.030558447948148054e-04
1.645123925125919952e-03
3.387650388590624927e-04
9.645145263434184773e-04
3.203273370252550812e-03
5.202622296992505467e-05
1.071327525964215741e-05
8.092381737241217780e-04
2.687581183364491210e-03
2.006055811672072947e-03
7.198101661251745786e-04
6.341045080457370165e-04
9.003471574420216774e-04
6.344051372310863799e-05
2.276363721108774714e-05
5.320205761820316842e-04
7.554010535935332029e-04
1.163567347075513032e-04
3.047219360098639686e-05
3.906299295267387593e-04
1.988442491962453130e-04
3.402219955378006687e-04
8.909935932285128069e-05
4.585287436898501925e-04
2.334071121595019652e-04
4.338013931497999767e-04
2.937642663578078292e-06
5.391386786376692677e-04
7.263378396423164716e-04
1.268416271868144825e-03
8.589538471421647063e-06
6.328511010148153574e-04
8.525889900681407965e-04
4.051274737975683708e-04
8.342412526363467628e-05
2.105516785653644449e-04
6.992684574356166890e-04
2.191164267805975098e-04
4.512060380333137789e-05
3.371354708897204627e-04
1.119669063111736326e-03
4.940103969477143038e-04
1.772601259773055665e-04
1.384238027612217400e-04
1.965440645146647361e-04
2.671894649774735498e-04
9.587255352184135139e-05
2.216442739579614673e-04
3.147064710774105244e-04
1.396181928974527485e-04
3.656404259610886832e-05
1.104750225170254911e-04
5.623563697218586591e-05
4.526242982509579813e-07
1.185359427581006534e-07
2.229882244115277722e-04
1.135087782864805083e-04
2.732962301113022667e-04
1.850724036501134411e-06
8.005552033837242450e-05
1.078523133249231596e-04
8.859913726258904409e-07
5.999810274673663465e-09
1.615880035855480354e-04
2.176944190556196791e-04
3.886069965257949333e-04
8.002221733471421791e-05
2.278351724531187778e-04
7.566691022195332550e-04
1.228950229228257451e-05
2.530662680189873352e-06
1.911561866932790790e-04
6.348536032059566483e-04
2.711030838695428443e-04
9.727683282875801928e-05
8.569436933237236666e-05
1.216750249497093481e-04
8.573499706504820355e-06
3.076331282562631746e-06
7.189850753194163956e-05
1.020866687735932514e-04
9.590260632474195115e-05
2.511554482954276115e-05
3.219618395464761244e-04
1.638897980296177728e-04
2.804150200939104810e-04
7.343675295119457764e-05
3.779248507204146005e-04
1.923769212593322644e-04
1.877249678030926919e-04
1.271247356844595235e-06
2.333090503785189413e-04
3.143183717575956902e-04
5.488995829829924379e-04
3.717071587260295247e-06
2.738625427169464580e-04
3.689528047563090914e-04
9.569818321772047276e-05
1.970623505096210341e-05
4.973598290748105740e-05
1.651794195312558439e-04
5.175912598447849559e-05
1.065827446652742582e-05
7.963728492656619706e-05
2.644853831819378529e-04
6.676172282789673317e-05
2.395534885916065536e-05
1.870691712123264284e-05
2.656142550778153847e-05
3.610861049397727106e-05
1.295644157405315511e-05
2.995352663789781382e-05
4.253017006125743571e-05
1.597781818961374622e-04
4.184366039653695412e-05
1.264269209935263828e-04
6.435570928630029639e-05
5.179804003742593953e-07
1.356517874224648269e-07
2.551863216485724339e-04
1.298987320168681913e-04
2.495454069396256026e-04
1.689886767313013480e-06
7.309829115632738412e-05
9.847940239456274268e-05
8.089942460489939641e-07
5.478396448952947469e-09
1.475451896826207772e-04
1.987756741818056988e-04
1.050713315086592526e-04
2.163636012939265373e-05
6.160194013018800848e-05
2.045877474992678039e-04
3.322828412697243978e-06
6.842390893216264258e-07
5.168469750041539156e-05
1.716513444129206959e-04
1.594665195627222260e-04
5.721955554275989531e-05
5.040659305126828223e-05
7.157090384030627677e-05
5.043049083595986886e-06
1.809539882948198365e-06
4.229167958631615480e-05
6.004876643495189997e-05
1.466513262137041367e-04
3.840592137152322824e-05
4.923341770276082633e-04
2.506152559874574534e-04
4.288020541148219360e-04
1.122972318046624459e-04
5.779110984699726986e-04
2.941768917109388094e-04
2.290435680512600109e-04
1.551051167540125865e-06
2.846607885073601562e-04
3.835004060138455344e-04
6.697133602395645815e-04
4.535205673552565269e-06
3.341401768425107644e-04
4.501599751640108994e-04
2.789312194470993842e-04
5.743770663828244691e-05
1.449653263659338631e-04
4.814479791387067729e-04
1.508621756749639489e-04
3.106564194000163183e-05
2.321185653805595515e-04
7.708947858396821137e-04
4.233332739192429946e-04
1.518998586445790666e-04
1.186197739426557961e-04
1.684248809629691854e-04
2.289631790434084593e-04
8.215625058128998848e-05
1.899340514284930030e-04
2.696820179249633095e-04
1.935800736883524576e-04
5.069590082216247115e-05
1.531731829194758364e-04
7.797048882435283590e-05
6.275618040187214087e-07
1.643496170351170327e-07
3.091722935056406634e-04
1.573794733263063437e-04
7.810065942598006525e-04
5.288867965993672172e-06
2.287769914195488669e-04
3.082126960867128296e-04
2.531923342653881513e-06
1.714583251631193685e-08
4.617747427477969426e-04
6.221116798674939611e-04
1.299581281856700100e-04
2.676106624703047154e-05
7.619274179717776567e-05
2.530456246529639848e-04
4.109860935384705093e-06
8.463053622993030324e-07
6.392653872900626766e-05
2.123080301748960842e-04
9.954153243439259671e-05
3.571735471219644097e-05
3.146459539518901854e-05
4.467569409249245397e-05
3.147951277167978010e-06
1.129543514486547825e-06
2.639913761703701088e-05
3.748339305404471542e-05
1.776761645303822224e-04
4.653089051921590735e-05
5.964899909191089889e-04
3.036341955187194875e-04
5.195173223789872679e-04
1.360542856963756100e-04
7.001711478971237761e-04
3.564115181372624246e-04
7.168416330103256516e-04
4.854351778056487614e-06
8.909078138441985486e-04
1.200247881422992959e-03
2.096013535274303050e-03
1.419391196499145667e-05
1.045764314885884536e-03
1.408873492750681994e-03
3.449978091207872881e-04
7.104218376992442344e-05
1.793012632069757560e-04
5.954819196564897690e-04
1.865948178559083187e-04
3.842373194895829294e-05
2.870972875366534422e-04
9.534859981055969881e-04
2.642513483829782967e-04
9.481830259737876671e-05
7.404434553190937063e-05
1.051334838002775882e-04
1.429224502768850576e-04
5.128323553025789151e-05
1.185598493809767411e-04
1.683397957631572344e-04
2.729386104834083675e-04
7.147878634389763898e-05
2.159668343585208845e-04
1.099346460250441235e-04
8.848320155982923717e-07
2.317250699018830464e-07
4.359180910595729505e-04
2.218975018960190281e-04
1.017570231492489867e-03
6.890843995485076057e-06
2.980725871329918848e-04
4.015690351540782740e-04
3.298832354094707941e-06
2.233923361337363189e-08
6.016443847322408859e-04
8.105467108083941200e-04
3.232894827045615848e-04
6.657199041267016751e-05
1.895403729288856667e-04
6.294872836105522241e-04
1.022386852086651535e-05
2.105305967449346457e-06
1.590264335545608693e-04
5.281466746828302828e-04
3.942175636296238591e-04
1.414525998303018295e-04
1.246102589937386881e-04
1.769306022108180253e-04
1.246693367643145634e-05
4.473367863690622614e-06
1.045493620481551054e-04
1.484466988297199164e-04
1.305427038583128454e-04
3.418729955910824173e-05
4.382547115692933515e-04
2.230869231763463743e-04
3.817011479499089668e-04
9.996216641247439305e-05
5.144316068036217625e-04
2.618636179301829709e-04
4.866895495272328563e-04
3.295793898280740552e-06
6.048693360195488405e-04
8.148914262661940966e-04
1.423058924468104114e-03
9.636756993676714057e-06
7.100069804624965699e-04
9.565348522632637464e-04
1.177906117151569093e-03
2.425552297032190492e-04
6.121779592825095373e-04
2.033119565611396593e-03
6.370799221635233076e-04
1.311879313721216276e-04
9.802197065218146328e-04
3.255432237813827602e-03
1.436332774587257199e-03
5.153829355450127627e-04
4.024665187562602030e-04
5.714508910282791940e-04
7.768520418654217960e-04
2.787489730127405783e-04
6.444296252718569344e-04
9.150075010081685622e-04
2.249592529199229054e-04
5.891366687573677802e-05
1.780024366165187315e-04
9.060944435823401865e-05
7.292890838569044246e-07
1.909905620008033235e-07
3.592888815743481689e-04
1.828905634234554659e-04
4.403474538366667647e-04
2.981971675554004283e-06
1.289891358260412046e-04
1.737766069575221361e-04
1.427550043036359358e-06
9.667170223605504072e-09
2.603580222107996361e-04
3.507592589424089855e-04
7.636662075325513412e-05
1.572546654503952904e-05
4.477274563898618067e-05
1.486958878288479951e-04
2.415056262989096381e-06
4.973100301338710697e-07
3.756482035668931926e-05
1.247574664977723756e-04
5.327548545443921459e-05
1.911623585556947484e-05
1.684012244246937634e-05
2.391081624507121790e-05
1.684810635084225023e-06
6.045414170798166465e-07
1.412904581364732949e-05
2.006143478602729699e-05
1.075948510256593535e-04
2.817757939979733723e-05
3.612147520229924366e-04
1.838708986063582824e-04
3.146026314467084868e-04
8.239000790902844206e-05
4.240006561914152843e-04
2.158311121762784531e-04
2.106120023075900682e-04
1.426235169389443293e-06
2.617536006624514582e-04
3.526394086660118070e-04
6.158202693586756595e-04
4.170249162246203402e-06
3.072512897653765455e-04
4.139347571934831236e-04
2.782419922198847945e-04
5.729578049834608129e-05
1.446071231854813126e-04
4.802583415772764008e-04
1.504894016296702108e-04
3.098888005476558200e-05
2.315450102384732838e-04
7.689899374803924482e-04
1.941093774100618422e-04
6.965005778355228818e-05
5.439026858286502705e-05
7.722721269087475708e-05
1.049856056021310094e-04
3.767078950123208718e-05
8.708972987270675306e-05
1.236562581378611130e-04
5.122055463061671159e-06
1.341394342989207636e-06
4.052904430805845928e-06
2.063069615746277310e-06
1.660504774813678225e-08
4.348628646262704200e-09
8.180581837815245649e-06
4.164201282527349237e-06
7.999749400878347210e-06
5.417318964173602546e-08
2.343333095385475335e-06
3.156982730983951846e-06
2.593416290250627434e-08
1.756225419964892554e-10
4.729898887906969112e-06
6.372209370416533170e-06
8.773876986171545310e-05
1.806722723297295551e-05
5.144008713425607751e-05
1.708389627943914196e-04
2.774694802145777204e-06
5.713670430019469391e-07
4.315879235800492851e-05
1.433357471315391675e-04
1.331609303857480230e-04
4.778062049153826348e-05
4.209152395555101173e-05
5.976457108399814422e-05
4.211147956286228642e-06
1.511038273389568709e-06
3.531524621426729353e-05
5.014312489493811875e-05
3.670961020161450807e-05
9.613731013437817476e-06
1.232405883686258123e-04
6.273375492336794252e-05
1.073372922469742799e-04
2.811012837526103071e-05
1.446621159436680694e-04
7.363805908781465351e-05
5.733395203052047307e-05
3.882575441573904693e-07
7.125599785276892759e-05
9.599742996128193308e-05
1.676419643514309070e-04
1.135248052360999704e-06
8.364162780711950401e-05
1.126835852309876859e-04
4.947245047890020498e-05
1.018740068937656325e-05
2.571167882896819730e-05
8.539170105561999199e-05
2.675756959014152000e-05
5.509936949755655517e-06
4.116955518204725844e-05
1.367292416836441923e-04
7.508422496253575669e-05
2.694161754084721950e-05
2.103891742139444191e-05
2.987256714888965811e-05
4.060990218007803676e-05
1.457158881846078449e-05
3.368752688271631424e-05
4.783197199398816216e-05
6.205652500288440766e-06
1.625173178712125613e-06
4.910317097469814338e-06
2.499522547452518570e-06
2.011793054931886185e-08
5.268603283607427622e-09
9.911225776791467143e-06
5.045159367558575117e-06
2.503695464137903142e-05
1.695467725139050233e-07
7.333970288165113197e-06
9.880463684347865920e-06
8.116660006635856587e-08
5.496489199382925397e-10
1.480324669943205212e-05
1.994321434056073395e-05
1.085202417902366882e-04
2.234656208300570503e-05
6.362399088018360640e-05
2.113032309304151233e-04
3.431898478831550354e-06
7.066988716079491919e-07
5.338122006322988921e-05
1.772857080218326038e-04
8.312116616913614196e-05
2.982542164609758401e-05
2.627419729560547099e-05
3.730599380546113851e-05
2.628665390240839789e-06
9.432140722244576309e-07
2.204433718190844293e-05
3.130013439045470591e-05
4.447571604312404198e-05
1.164756499239075000e-05
1.493127653267609187e-04
7.600540171815651689e-05
1.300450455506141356e-04
3.405696984216106233e-05
1.752661266510832693e-04
8.921656721411857745e-05
1.794390654589170827e-04
1.215136379293892647e-06
2.230111340700367936e-04
3.004448238548174544e-04
5.246719674740827179e-04
3.553005546718184108e-06
2.617746552545794823e-04
3.526677738113199556e-04
6.119030727678808181e-05
1.260034974011605526e-05
3.180164946180822223e-05
1.056172551773945027e-04
3.309526593794062178e-05
6.814999697156138703e-06
5.092081972192933942e-05
1.691144107751987890e-04
4.686876489757318986e-05
1.681738526451265656e-05
1.313282616707842807e-05
1.864693052750921378e-05
2.534934546825535914e-05
9.095817008929805942e-06
2.102828894131245809e-05
2.985747606893623146e-05
2.511918642669388736e-05
6.578361912761813273e-06
1.987593900557494783e-05
1.011754571243980060e-05
8.143318498161669316e-08
2.132620672573515709e-08
4.011857383131057093e-05
2.042175237820591341e-05
9.364939721002829402e-05
6.341806850019700150e-07
2.743232579523858673e-05
3.695734890478627330e-05
3.035993505871227569e-07
2.055932551169450516e-09
5.537075694749090044e-05
7.459653253264167025e-05
2.439501333116163512e-04
5.023437756195643140e-05
1.430247555754547738e-04
4.750031008435112679e-04
7.714801198482142721e-06
1.588637115950827074e-06
1.199993248810955917e-04
3.985327658020511657e-04
2.974715613904206396e-04
1.067383333883813754e-04
9.402931712844326054e-05
1.335095829135817414e-04
9.407389646299869833e-06
3.375546515060911812e-06
7.889161934970678899e-05
1.120159915696155505e-04
1.725416578659195500e-05
4.518623538156268971e-06
5.792525531245999449e-05
2.948597388853817295e-05
5.045042497977038229e-05
1.321225729734949099e-05
6.799375198545311186e-05
3.461118962380396817e-05
6.432701273951659080e-05
4.356135780755311224e-07
7.994713985880496949e-05
1.077063010900240628e-04
1.880893675491183460e-04
1.273715021212266183e-06
9.384345343293856495e-05
1.264276779460365497e-04
6.007504950336827262e-05
1.237069510001256955e-05
3.122203091847550307e-05
1.036922695042381630e-04
3.249206987236562445e-05
6.690789152604908574e-06
4.999273417127331415e-05
1.660321225892413691e-04
7.325521217709792888e-05
2.628533370802916633e-05
2.052642030266275654e-05
2.914488690345285756e-05
3.962066602108719554e-05
1.421663247088702626e-05
3.286691619639688685e-05
4.666680995930829243e-05
1.203405739188903746e-04
3.151550510356715932e-05
9.522131276377332400e-05
4.847096705296694919e-05
3.901287267137307642e-07
1.021692308537737748e-07
1.921993856670748486e-04
9.783618624730359352e-05
2.355611722149948857e-04
1.595187475901611493e-06
6.900194783333929362e-05
9.296073108132911933e-05
7.636591482551008367e-07
5.171393475841619605e-09
1.392769286462190042e-04
1.876365163051086694e-04
3.349505391833760442e-04
6.897324310302960118e-05
1.963770970166875374e-04
6.521928993499489027e-04
1.059264361140278104e-05
2.181244385198763415e-06
1.647625193925243161e-04
5.471969331417565838e-04
2.336708420800443701e-04
8.384544770768389502e-05
7.386221933591002192e-05
1.048748879366885985e-04
7.389723744182995858e-06
2.651570432372911388e-06
6.197120504675558261e-05
8.799117116997159373e-05
8.266096592378549383e-05
2.164774529987443993e-05
2.775073344450335413e-04
1.412609055097937606e-04
2.416970435820189075e-04
6.329705902566337239e-05
3.257433181885525746e-04
1.658147024585905583e-04
1.618050620446151596e-04
1.095721362243344874e-06
2.010951756383499045e-04
2.709192295472713269e-04
4.731109139088279575e-04
3.203841267570693548e-06
2.360492918687908575e-04
3.180100769959800936e-04
8.248476829859980783e-05
1.698531965354351040e-05
4.286874513482969638e-05
1.423724640282402691e-04
4.461254509351218999e-05
9.186645663212607388e-06
6.864145978772385396e-05
2.279668726886432116e-04
5.754367589346986935e-05
2.064774203356147528e-05
1.612398138024693543e-05
2.289398769154676403e-05
3.112295625721545896e-05
1.116749603050172600e-05
2.581772841843705938e-05
3.665786648448380501e-05
6.950651130427606722e-05
1.820277850110205335e-05
5.499808615242346996e-05
2.799594276213923170e-05
2.253312068440631710e-07
5.901107638121607429e-08
1.110108447841332409e-04
5.650838918176374220e-05
1.085569408948103693e-04
7.351324961973922343e-07
3.179913014583724776e-05
4.284039043719709586e-05
3.519276977669628822e-07
2.383205392560916872e-09
6.418492983749836021e-05
8.647115319858805814e-05
4.570800346200779712e-05
9.412223196372304158e-06
2.679800143681417869e-05
8.899951429862901317e-05
1.445492794375662585e-06
2.976568604822188991e-07
2.248381455113775354e-05
7.467156009189310250e-05
6.937093233320774292e-05
2.489158179771875889e-05
2.192781510059677841e-05
3.113468796426304883e-05
2.193821108596912994e-06
7.871838497413635998e-07
1.839767526678914069e-05
2.612234169576387540e-05
6.379608243311921979e-05
1.670729743123612886e-05
2.141746178041732435e-04
1.090223453327287493e-04
1.865369505894294414e-04
4.885140586305776526e-05
2.514021865937929507e-04
1.279724753812426583e-04
9.963825575556560792e-05
6.747364016209558168e-07
1.238327916832384051e-04
1.668298824624452515e-04
2.913378953978528331e-04
1.972899683017476413e-06
1.453572553104524781e-04
1.958280475541344543e-04
1.213403214853078712e-04
2.498648162325836571e-05
6.306264081995685913e-05
2.094389171744252441e-04
6.562788106924286003e-05
1.351413795708933854e-05
1.009759373719987756e-04
3.353537166995930506e-04
1.841579284477724452e-04
6.607929265874695648e-05
5.160183049157094943e-05
7.326798786697775589e-05
9.960328502666717342e-05
3.573951269177268056e-05
8.262488116971522490e-05
1.173167450337259424e-04
8.601088479158510293e-05
2.252504197327930574e-05
6.805742315429300722e-05
3.464360046794680910e-05
2.788362717123054747e-07
7.302330093698649082e-08
1.373704535327068812e-04
6.992634877607108797e-05
3.470143745708772804e-04
2.349933051649405208e-06
1.016494677217195112e-04
1.369440882489608550e-04
1.124976154708588937e-06
7.618181960145896354e-09
2.051742901084265100e-04
2.764146898235324431e-04
5.774258361479418414e-05
1.189039213601564128e-05
3.385371754337935786e-05
1.124324299208608578e-04
1.826080384657274029e-06
3.760277162225599047e-07
2.840363707370669098e-05
9.433203105966221126e-05
4.422797819560660317e-05
1.586982184001385206e-05
1.398024929934861060e-05
1.985016280012229871e-05
1.398687734079054669e-06
5.018751942826138413e-07
1.172958115426521653e-05
1.665450239862743370e-05
7.894451028175702957e-05
2.067445779642217542e-05
2.650305421976088338e-04
1.349097833880903783e-04
2.308302900757726848e-04
6.045120899825587053e-05
3.110978252499493565e-04
1.583596360968970854e-04
3.185048023585530775e-04
2.156870196218780920e-06
3.958453361260752448e-04
5.332903345032080763e-04
9.312940907043802501e-04
6.306593976858464568e-06
4.646506858531730742e-04
6.259862048920596242e-04
1.532883330823049423e-04
3.156523792533943746e-05
7.966656897501112782e-05
2.645826391692711354e-04
8.290721805979457031e-05
1.707231079602306449e-05
1.275621568470219523e-04
4.236498766163271715e-04
1.174113215721795338e-04
4.212936768464255524e-05
3.289914892411041397e-05
4.671257630287667276e-05
6.350285011610603972e-05
2.278600466923025143e-05
5.267813650299506397e-05
7.479620450260772598e-05
8.260878897908527677e-05
2.163408089132594879e-05
6.536546300432138760e-05
3.327329892567678504e-05
2.678071128487018336e-07
7.013491922885014045e-08
1.319368686340366122e-04
6.716046467976251051e-05
3.079822395808377465e-04
2.085612865481438243e-06
9.021594785475088097e-05
1.215406337228153860e-04
9.984389725372130333e-07
6.761289772279586865e-09
1.820963107080027829e-04
2.453235988571598612e-04
9.784820333260334756e-05
2.014896865700963906e-05
5.736711505406911089e-05
1.905233637875605463e-04
3.094400589547646492e-06
6.372010764376783356e-07
4.813163322088438869e-05
1.598511735719842846e-04
1.193156053225688897e-04
4.281266014078549675e-05
3.771508388502137302e-05
5.355058691069445643e-05
3.773296462045200666e-06
1.353929007050118039e-06
3.164336541479918346e-05
4.492952461561539729e-05
3.951062349401873622e-05
1.034727703068901378e-05
1.326440803776218075e-04
6.752046010649884395e-05
1.155273324218283117e-04
3.025498479835736588e-05
1.557001113742955182e-04
7.925678348175401724e-05
1.473035794533190360e-04
9.975193402627106992e-07
1.830723885149836648e-04
2.466385893665344500e-04
4.307092140169586545e-04
2.916702856819726454e-06
2.148938060424006216e-04
2.895090057863391499e-04
3.565101972806546354e-04
7.341282257881508871e-05
1.852844482737265664e-04
6.153528255580060710e-04
1.928213848513667876e-04
3.970591086445462211e-05
2.966775669656449704e-04
9.853033042594081230e-04
4.347267353251056264e-04
1.559880446758834605e-04
1.218122700199795392e-04
1.729578163575176144e-04
2.351254235550277846e-04
8.436737861661391849e-05
1.950458780150856046e-04
2.769401567304411132e-04
3.957607904817822910e-04
1.036441892044400647e-04
3.131517557453530822e-04
1.594051583070221908e-04
1.283005791362948089e-06
3.360011860410283225e-07
6.320809210448200899e-04
3.217512194436838221e-04
7.746836556177298877e-04
5.246049905453882096e-06
2.269248394785856155e-04
3.057174419103886537e-04
2.511425185455605457e-06
1.700702184843197248e-08
4.580362680840592278e-04
6.170751359903633082e-04
1.343483933354319693e-04
2.766511263608705903e-05
7.876669652895916844e-05
2.615940502322125169e-04
4.248700879348880999e-06
8.748953780992457336e-07
6.608611473279339243e-05
2.194802521736601334e-04
9.372518784215022874e-05
3.363034200655612015e-05
2.962607709234370935e-05
4.206523366070426105e-05
2.964012282661678206e-06
1.063542779401256794e-06
2.485660077273117493e-05
3.529318837106496464e-05
1.892868274631142938e-04
4.957155997089180978e-05
6.354690191169285775e-04
3.234758794516045199e-04
5.534663922151189606e-04
1.449450699833367820e-04
7.459254628607806664e-04
3.797020591806980392e-04
3.705203117289556335e-04
2.509111986833487518e-06
4.604914470733033924e-04
6.203827996280177146e-04
1.083385161680137238e-03
7.336533543450360005e-06
5.405335043381251326e-04
7.282169752452502878e-04
4.894987396911615069e-04
1.007979137864924141e-04
2.544008687722404578e-04
8.448971021687629772e-04
2.647492991510290851e-04
5.451735595416809125e-05
4.073468199003564289e-04
1.352849734249911891e-03
3.414879790300426017e-04
1.225322433629013491e-04
9.568637613022922201e-05
1.358623943871505903e-04
1.846964982458310220e-04
6.627254152727539232e-05
1.532130814354018772e-04
2.175429453709976427e-04
5.288273673185645593e-05
1.384924556273703068e-05
4.184427122262489280e-05
2.130019249806961118e-05
1.714390589514884707e-07
4.489748022124277816e-08
8.446053713444168947e-05
4.299335720014270775e-05
8.259352998778381639e-05
5.593118907846480415e-07
2.419377690304098125e-05
3.259431449612778240e-05
2.677576451533641466e-07
1.813217509954152421e-09
4.883391042157351640e-05
6.578996907904997372e-05
9.058602159299136833e-04
1.865353524822681611e-04
5.310939338713418622e-04
1.763829376341613433e-03
2.864737716944142955e-05
5.899087413292123833e-06
4.455935845272889721e-04
1.479872022957410844e-03
1.374821978274582248e-03
4.933117168607161537e-04
4.345745562570516680e-04
6.170401904703741881e-04
4.347805882173413119e-05
1.560073680960400436e-05
3.646127773582254769e-04
5.177034282144558647e-04
3.790089087908179500e-04
9.925710681208108662e-05
1.272399261659197360e-03
6.476955725563814277e-04
1.108205447664972927e-03
2.902234325824828444e-04
1.493566137206465147e-03
7.602772207894196912e-04
5.919452284131573915e-04
4.008570707580640852e-06
7.356835946405952242e-04
9.911268732226488631e-04
1.730821919040442716e-03
1.172088516247226327e-05
8.635592127118221859e-04
1.163403327969836538e-03
5.107790403721336383e-04
1.051799677928921351e-04
2.654606050738895075e-04
8.816278696268715518e-04
2.762589195732699987e-04
5.688742482864211285e-05
4.250556761364041643e-04
1.411663060591007539e-03
7.752081815677627731e-04
2.781591253389820769e-04
2.172166114058095006e-04
3.084197575430305187e-04
4.192775305115146729e-04
1.504445824159258559e-04
3.478073652527675376e-04
4.938418962007148395e-04
6.543978241974583590e-05
1.713775935800224782e-05
5.178022495707698935e-05
2.635793925794894634e-05
2.121473926910655873e-07
5.555842073322722353e-08
1.045157553240475006e-04
5.320216226587457518e-05
2.640194345572421269e-04
1.787902868032715473e-06
7.733810746059314187e-05
1.041913632256836808e-04
8.559171896663812787e-07
5.796152093005262238e-09
1.561030436479690208e-04
2.103049771375354335e-04
1.144366528831773687e-03
2.356487348386435794e-04
6.709270491187815065e-04
2.228232640489129310e-03
3.619002026474327710e-05
7.452273615410237007e-06
5.629150884739306422e-04
1.869511410530976317e-03
8.765284598728309041e-04
3.145147271793071711e-04
2.770663929696321696e-04
3.933987791724225360e-04
2.771977502505682369e-05
9.946371257291965898e-06
2.324617159443830927e-04
3.300658527245855958e-04
4.690048597934153084e-04
1.228257816219118783e-04
1.574531425183677436e-03
8.014913743446572562e-04
1.371349666324786151e-03
3.591372053532286578e-04
1.848214541994642893e-03
9.408056197889240295e-04
1.892218973055335724e-03
1.281384355111957664e-05
2.351694699315769882e-03
3.168247642175303722e-03
5.532765392784734677e-03
3.746711726165477828e-05
2.760463381097707104e-03
3.718948552726120214e-03
6.452633940112313888e-04
1.328730774672880774e-04
3.353544242564385756e-04
1.113753984493688707e-03
3.489958553112337326e-04
7.186546416380915840e-05
5.369697002987642784e-04
1.783343531507467763e-03
4.942400137675858783e-04
1.773425167663828699e-04
1.384881423653696079e-04
1.966354185091095735e-04
2.673136550666505343e-04
9.591711523752316092e-05
2.217472945697611375e-04
3.148527471467569118e-04
9.379066798357205571e-05
2.456245785810768934e-05
7.421329514687500086e-05
3.777715386974616913e-05
3.040573323401567791e-07
7.962834227134274291e-08
1.497957686315923591e-04
7.625126723497664585e-05
3.496705415288991472e-04
2.367920244638380332e-06
1.024275275868096082e-04
1.379923052363785747e-04
1.133587107768947272e-06
7.676494135910261955e-09
2.067447644459680860e-04
2.785304625972944326e-04
9.108673174885698227e-04
1.875664182446602182e-04
5.340295316791670481e-04
1.773578863805765895e-03
2.880572425694352109e-05
5.931694353372190989e-06
4.480565830036304601e-04
1.488051948935454737e-03
1.110707009972051887e-03
3.985423499747929002e-04
3.510890963468424092e-04
4.985015338859059061e-04
3.512555478192426435e-05
1.260370288588406979e-05
2.945675688465588605e-04
4.182482065976368094e-04
6.442405049010769191e-05
1.687175344021475722e-05
2.162828165127652919e-04
1.100954919548382578e-04
1.883731016813245274e-04
4.933226802968281385e-05
2.538768298103802334e-04
1.292321550300269413e-04
2.401858639743012459e-04
1.626505244891221151e-06
2.985086986242921608e-04
4.021565728155101702e-04
7.022929454551315879e-04
4.755830090629707956e-06
3.503951136732334597e-04
4.720589339457905765e-04
2.243097736668481527e-04
4.619002133039983851e-05
1.165776265960448313e-04
3.871688778582428212e-04
1.213197308914262340e-04
2.498224159414571272e-05
1.866641639024614954e-04
6.199350337169676466e-04
2.735222059607371275e-04
9.814485886482737602e-05
7.664207903853209646e-05
1.088219325477685193e-04
1.479366675714775500e-04
5.308243003063422107e-05
1.227193417914320458e-04
1.742457420553494688e-04
1.377494119958574319e-04
3.607463514088623548e-05
1.089963211536955405e-04
5.548292643939837674e-05
4.465659499324789611e-07
1.169493464744656328e-07
2.200035407795960444e-04
1.119894702892699443e-04
2.696381769256037206e-04
1.825952209407820458e-06
7.898398213571493115e-05
1.064087167623854486e-04
8.741324327429086038e-07
5.919503184159028738e-09
1.594251581227838950e-04
2.147805926819046937e-04
3.834055158429220539e-04
7.895112489070687677e-05
2.247856127205645222e-04
7.465411329505589619e-04
1.212500806200129742e-05
2.496789916283006644e-06
1.885975729231054252e-04
6.263561268788446750e-04
2.674743858110376527e-04
9.597478842046530700e-05
8.454735548368136604e-05
1.200464122445287515e-04
8.458743941666087282e-06
3.035154778064713143e-06
7.093615044265037545e-05
1.007202450078043801e-04
9.461895585345612698e-05
2.477937481088994043e-05
3.176524001797248887e-04
1.616961431901727908e-04
2.766616823433147576e-04
7.245380654183113057e-05
3.728663499003724742e-04
1.898019680322753729e-04
1.852122806861588331e-04
1.254231789371811895e-06
2.301862231275105355e-04
3.101112397358214852e-04
5.415525959157292462e-04
3.667318813298834046e-06
2.701969094719462120e-04
3.640143942181851833e-04
9.441726893711522705e-05
1.944246831010022709e-05
4.907026984351210773e-05
1.629685031875431893e-04
5.106633327519237116e-05
1.051561412009509060e-05
7.857134477910289515e-05
2.609452626390187718e-04
6.586812128508055754e-05
2.363470799202141832e-05
1.845652618923166631e-05
2.620590246541881210e-05
3.562529896935489330e-05
1.278302040261592291e-05
2.955260053110137639e-05
4.196090635784841796e-05
1.031630362390231092e-04
2.701694938966927372e-05
8.162932433742109742e-05
4.155217120699461741e-05
3.344413497560595893e-07
8.758548943089642038e-08
1.647646470595562958e-04
8.387094808207524446e-05
1.611225109328691266e-04
1.091099221103181374e-06
4.719694247411612492e-05
6.358461485455925444e-05
5.223385429217421093e-07
3.537203920385395685e-09
9.526463231391733236e-05
1.283423170529241831e-04
6.784078684257616252e-05
1.396982102074505873e-05
3.977416131932056157e-05
1.320949641487771187e-04
2.145431021226484764e-06
4.417886167570011763e-07
3.337095376829541494e-05
1.108291110463264909e-04
1.029618070585749235e-04
3.694461291264219298e-05
3.254572760762768682e-05
4.621076331521108718e-05
3.256115754930628977e-06
1.168354942490776750e-06
2.730621929725286177e-05
3.877133282105102490e-05
9.468749676047534839e-05
2.479732471119890124e-05
3.178825040043630010e-04
1.618132740569826645e-04
2.768620929531574390e-04
7.250629126407919368e-05
3.731364500889509050e-04
1.899394584423694330e-04
1.478852095497432779e-04
1.001458058331988176e-06
1.837952522184982819e-04
2.476124450396116356e-04
4.324098749418948408e-04
2.928219495927539054e-06
2.157423170262699232e-04
2.906521358553851232e-04
1.800958751597338150e-04
3.708546524370454539e-05
9.359890718378597165e-05
3.108536768266451176e-04
9.740629109405586476e-05
2.005796978794123386e-05
1.498706249372061235e-04
4.977390891814598237e-04
2.733310979023657146e-04
9.807628573618171880e-05
7.658852975223867762e-05
1.087458994221786925e-04
1.478333052532254937e-04
5.304534170685021148e-05
1.226335986428931540e-04
1.741239977701763357e-04
5.029065362212506695e-05
1.317041542412834262e-05
3.979324596602453568e-05
2.025614915575495075e-05
1.630358575190501589e-07
4.269679986044601231e-08
8.032064677938855445e-05
4.088600871713567067e-05
2.028996650334392979e-04
1.374008294671626518e-06
5.943454929516682705e-05
8.007135055538937675e-05
6.577747254512017262e-07
4.454358900229591395e-09
1.199656204096830536e-04
1.616199560749365040e-04
3.376214857985409466e-05
6.952324624872427715e-06
1.979430378981425492e-05
6.573935848636978225e-05
1.067711096490668374e-06
2.198637960147764009e-07
1.660763608168445423e-05
5.515603648292138477e-05
2.586014476227970163e-05
9.279101303688191382e-06
8.174266277670979043e-06
1.160641079489755120e-05
8.178141700382385361e-07
2.934469470737613365e-07
6.858298276911457574e-06
9.737904840855293379e-06
4.615893711090572773e-05
1.208837693490200595e-05
1.549636331406272340e-04
7.888189039150727514e-05
1.349667102230655343e-04
3.534588465328063808e-05
1.818992213619486428e-04
9.259304361270781838e-05
1.862300885662381217e-04
1.261124242690453972e-06
2.314511789442463873e-04
3.118154121715528107e-04
5.445286215742785535e-04
3.687472044894008628e-06
2.716817383537827534e-04
3.660147838118177604e-04
8.962784747575741823e-05
1.845622738156646399e-05
4.658112557839185576e-05
1.547017437750078459e-04
4.847593646225391235e-05
9.982197844522826982e-06
7.458572552566511817e-05
2.477085226316864844e-04
6.865052160328561693e-05
2.463308501803474970e-05
1.923616652722791366e-05
2.731289185476317260e-05
3.713018238267512983e-05
1.332300058334587432e-05
3.080096109638363379e-05
4.373341841564555853e-05
3.084468329527070059e-04
8.077789079393976732e-05
2.440632564323728514e-04
1.242367041370390755e-04
9.999451247409506978e-07
2.618715754447110354e-07
4.926292926309469968e-04
2.507654801155550215e-04
1.149952052056376012e-03
7.787315261164755691e-06
3.368506395205674454e-04
4.538115618225408918e-04
3.727997260117542700e-06
2.524547863137383478e-08
6.799159148123551117e-04
9.159955986669782559e-04
3.653481524307924206e-04
7.523274032126838721e-05
2.141988179797803976e-04
7.113810635651354394e-04
1.155395295741000055e-05
2.379197860302950534e-06
1.797151370368325072e-04
5.968564464071140661e-04
4.455036932317106221e-04
1.598550177760045250e-04
1.408215557042697221e-04
1.999485664841819683e-04
1.408883192567028785e-05
5.055335145672492935e-06
1.181508162361649331e-04
1.677590211044722188e-04
1.475257879376776638e-04
3.863493060778745497e-05
4.952698981310594368e-04
2.521096403511250794e-04
4.313589418918764638e-04
1.129668447802605448e-04
5.813571030068499139e-04
2.959310281277064726e-04
5.500059149454052500e-04
3.724563513344870291e-06
6.835604193741505810e-04
9.209055442428921469e-04
1.608193203518762122e-03
1.089046056682816747e-05
8.023760511936960278e-04
1.080976213907354922e-03
1.331146995683513351e-03
2.741106957552355322e-04
6.918198653159030086e-04
2.297620296067052603e-03
7.199614740511079119e-04
1.482549569724865861e-04
1.107742373052290549e-03
3.678950962149997537e-03
1.623193928491642717e-03
5.824321958156660059e-04
4.548258044547200249e-04
6.457943682408758251e-04
8.779173879497680988e-04
3.150131004269401480e-04
7.282673441619473120e-04
1.034046320211250798e-03
4.530127653922020703e-04
1.186376768430710067e-04
3.584532532516153760e-04
1.824651994820845869e-04
1.468609360851513197e-06
3.846081525110373912e-07
7.235196939180992470e-04
3.682967418552445514e-04
8.867517792965465316e-04
6.004959642823839522e-06
2.597524856952895724e-04
3.499434686792961854e-04
2.874735688075291965e-06
1.946731001134489238e-08
5.242972053954274032e-04
7.063431257792366453e-04
1.537836457138492803e-04
3.166723303969511919e-05
9.016132945346614193e-05
2.994370512591147909e-04
4.863331034726939145e-06
1.001460438208418091e-06
7.564633563795953740e-05
2.512309414612019852e-04
1.072837621927848483e-04
3.849541086404522261e-05
3.391187665404410406e-05
4.815051992469167682e-05
3.392795428749855695e-06
1.217398153624443865e-06
2.845243319985545113e-05
4.039880970527833263e-05
2.166696429350529161e-04
5.674273451870117871e-05
7.273979246927987467e-04
3.702708964919340369e-04
6.335325452119485237e-04
1.659132702438349143e-04
8.538333377989741450e-04
4.346309285595577267e-04
4.241209212412908242e-04
2.872087855015752364e-06
5.271075581393067653e-04
7.101292862264525774e-04
1.240110996039131162e-03
8.397859082667485789e-06
6.187287459408483993e-04
8.335630858221194320e-04
5.603111350509048898e-04
1.153796504565190312e-04
2.912032820138518024e-04
9.671225192859222606e-04
3.030487482048223606e-04
6.240400458217091337e-05
4.662748655119089165e-04
1.548557143638688719e-03
3.908886818733879284e-04
1.402581350920700288e-04
1.095286620191570086e-04
1.555166668208943117e-04
2.114152625547967865e-04
7.585973150673342162e-05
1.753773576983671536e-04
2.490133778894825867e-04
7.848967792390983925e-05
2.055534359388678378e-05
6.210615361829551135e-05
3.161419684778997316e-05
2.544534824078900759e-07
6.663779108159530627e-08
1.253581181052849393e-04
6.381165136398845184e-05
1.225870665546465702e-04
8.301425546355025566e-07
3.590891610832016721e-05
4.837717192897412403e-05
3.974115680948101249e-07
2.691215832567956954e-09
7.248032415927147117e-05
9.764686555126665299e-05
1.344496918775979705e-03
2.768597210086605042e-04
7.882608653230437339e-04
2.617912918610101197e-03
4.251904395181800567e-05
8.755550482608974572e-06
6.613594359128322333e-04
2.196457400446159489e-03
2.040539899147846524e-03
7.321836986012834501e-04
6.450047607690176810e-04
9.158241197254969644e-04
6.453105577682759697e-05
2.315494399940668175e-05
5.411660067235084031e-04
7.683863932136200019e-04
5.625330499085821933e-04
1.473195002150159234e-04
1.888521933814545648e-03
9.613234871044105566e-04
1.644821997427902078e-03
4.307557656267869094e-04
2.216782494858567359e-03
1.128419553912749299e-03
8.785776455240746925e-04
5.949605546486221654e-06
1.091917173084953679e-03
1.471051497493982988e-03
2.568922551379439461e-03
1.739638600873305880e-05
1.281712873856341627e-03
1.726747860478053224e-03
7.581090701181853212e-04
1.561103359300652536e-04
3.940022525571050711e-04
1.308530757147270468e-03
4.100293396474540019e-04
8.443352081721968328e-05
6.308766372822493737e-04
2.095220213823062189e-03
1.150580402140573884e-03
4.128496652916459017e-04
3.223974953379184520e-04
4.577631365348781584e-04
6.223005911635576693e-04
2.232930356667755818e-04
5.162230581347418195e-04
7.329706020070095611e-04
3.826270871126586878e-05
1.002046568665161172e-05
3.027595128339900492e-05
1.541151444525320393e-05
1.240428007282531036e-07
3.248506627570910910e-08
6.111047063162738154e-05
3.110735950390962514e-05
1.543724374537141272e-04
1.045388662889724397e-06
4.521967171382819774e-05
6.092079823497548689e-05
5.004556692915916564e-07
3.389016145535583771e-09
9.127361166534052079e-05
1.229655384415655845e-04
6.691122973294055896e-04
1.377840598777523408e-04
3.922917420824884645e-04
1.302849937933847364e-03
2.116034241621885404e-05
4.357352118839784190e-06
3.291370365705154587e-04
1.093105262403045938e-03
5.125071003770441782e-04
1.838970874669943725e-04
1.620010075809681573e-04
2.300206745537719945e-04
1.620778123194882795e-05
5.815653599071789423e-06
1.359206066219604409e-04
1.929898467163248122e-04
2.742276283765375327e-04
7.181636201490015838e-05
9.206301587634668640e-04
4.686328385757013051e-04
8.018295734437548257e-04
2.099878967761095283e-04
1.080652961262417843e-03
5.500900225035521224e-04
1.106382397782858023e-03
7.492267625881955283e-06
1.375038331890846488e-03
1.852477685212012073e-03
3.235013668505363604e-03
2.190706235601670444e-05
1.614045804455287040e-03
2.174473079271829670e-03
3.772861763006823380e-04
7.769102632539061012e-05
1.960820799808553913e-04
6.512131108772602683e-04
2.040582388792222470e-04
4.201981149726483766e-05
3.139667411716180528e-04
1.042722814090545676e-03
2.889826491008466594e-04
1.036923536455310139e-04
8.097416060007485222e-05
1.149729333216987853e-04
1.562985716051647580e-04
5.608283684712966107e-05
1.296558733220034773e-04
1.840947280928473685e-04
2.174136268073053463e-04
5.693757343926964112e-05
1.720318449808803300e-04
8.757020511590496382e-05
7.048271304881475862e-07
1.845843201894929201e-07
3.472375454697355381e-04
1.767560133073480346e-04
8.105618848432587838e-04
5.489012280704143525e-06
2.374344989360152960e-04
3.198762541940386732e-04
2.627737809109312239e-06
1.779467474893761512e-08
4.792494821498982454e-04
6.456539797776155321e-04
2.111457048905101067e-03
4.347926732430379589e-04
1.237919505221041303e-03
4.111285498855082356e-03
6.677377523966687386e-05
1.375010126492486193e-05
1.038627923438718370e-03
3.449413231094624038e-03
2.574700069314132204e-03
9.238503105607805826e-04
8.138501986427516301e-04
1.155563008359458167e-03
8.142360453275013568e-05
2.921630493240244802e-05
6.828291647731779893e-04
9.695299271988416919e-04
1.493396600301920556e-04
3.910995821757253020e-05
5.013593843086345528e-04
2.552094010592659322e-04
4.366626244377697086e-04
1.143558047037478219e-04
5.885050561862263706e-04
2.995695854317128367e-04
5.567683962294148583e-04
3.770358095486045365e-06
6.919649917921878637e-04
9.322283433947907991e-04
1.627966402577806166e-03
1.102436191907949859e-05
8.122414960579999116e-04
1.094267128089130127e-03
5.199664579612253267e-04
1.070718470787306237e-04
2.702354631622124847e-04
8.974857705120411642e-04
2.812280076842107015e-04
5.791066283599653866e-05
4.327011817006765483e-04
1.437054740765072221e-03
6.340444746664417345e-04
2.275069596692786550e-04
1.776619436460142936e-04
2.522571972249347148e-04
3.429280132660449403e-04
1.230489544517013810e-04
2.844724080966546916e-04
4.039143717647817830e-04
8.287579417389760608e-05
2.170400579949082555e-05
6.557673493312165397e-05
3.338084370113581986e-05
2.686727094906813851e-07
7.036160682472553237e-08
1.323633102965754416e-04
6.737753834924878121e-05
1.622255785235827714e-04
1.098569041316902116e-06
4.752005944469054948e-05
6.401992415744925478e-05
5.259145467634252389e-07
3.561420120739597911e-09
9.591682751518575047e-05
1.292209667812489824e-04
2.306727568252024056e-04
4.750029115504811919e-05
1.352404043194260969e-04
4.491502967622067080e-04
7.294910794490275595e-06
1.502172998049213336e-06
1.134681695464658614e-04
3.768419821082932288e-04
1.609237514998021837e-04
5.774243748682610729e-05
5.086721699562426130e-05
7.222493082432628671e-05
5.089133316230082367e-06
1.826075763433223723e-06
4.267814808349617640e-05
6.059750218507184980e-05
5.692671203922058444e-05
1.490830586374434613e-05
1.911129387393038835e-04
9.728314689390350474e-05
1.664512124551089213e-04
4.359123332052241781e-05
2.243319548227549912e-04
1.141927839003523251e-04
1.114314364774628672e-04
7.545981802482288380e-07
1.384896368933766285e-04
1.865758619436506450e-04
3.258206392547188693e-04
2.206412025556644704e-06
1.625617353378878884e-04
2.190062489157455154e-04
5.680536877449041214e-05
1.169740021793233198e-05
2.952272190991873515e-05
9.804865176052565657e-05
3.072363696084434985e-05
6.326632243303807727e-06
4.727179959269156649e-05
1.569955585565427575e-04
3.962901026690280259e-05
1.421962654160618317e-05
1.110421629727111879e-05
1.576656442592001158e-05
2.143366640909227650e-05
7.690798475711752249e-06
1.778007763105827511e-05
2.524543218208305561e-05
3.562926643011516542e-04
9.330804162289155690e-05
2.819219995221615709e-04
1.435081239033713231e-04
1.155055181596002144e-06
3.024927194964647715e-07
5.690452435644998514e-04
2.896638625523757782e-04
5.564664514735203878e-04
3.768313367619869600e-06
1.630033875894215472e-04
2.196012511943108085e-04
1.803992960168145450e-06
1.221638926999581663e-08
3.290140625771544275e-04
4.432539769324116011e-04
2.343007299283503774e-04
4.824736584680636170e-05
1.373674372472960428e-04
4.562144391358075577e-04
7.409643632977697998e-06
1.525798862274382948e-06
1.152527732978743977e-04
3.827688743605147824e-04
3.555976820337540490e-04
1.275950674398710846e-04
1.124027018172901949e-04
1.595974351008727947e-04
1.124559919804252043e-05
4.035130318818538538e-06
9.430708885756493211e-05
1.339039831797196264e-04
3.270208179859197990e-04
8.564215644471134304e-05
1.097866139030850710e-03
5.588521299380546552e-04
9.561945473737414394e-04
2.504139140808087690e-04
1.288695881750106164e-03
6.559911201872020703e-04
5.107489779491498254e-04
3.458720999275826183e-06
6.347709653204273213e-04
8.551754676246541790e-04
1.493407639304223256e-03
1.011314870032830727e-05
7.451060742114634086e-04
1.003821016170937863e-03
6.219944810623652441e-04
1.280815270685985597e-04
3.232611721403818987e-04
1.073590781757930660e-03
3.364106780764457272e-04
6.927391589812769779e-05
5.176059779360895046e-04
1.719034187791855777e-03
9.439996015855436949e-04
3.387246287395245738e-04
2.645126812389323487e-04
3.755741169461339758e-04
5.105697168419820377e-04
1.832019181919885837e-04
4.235378599373439698e-04
6.013694957616669973e-04
1.132378565061633774e-05
2.965540323118564361e-06
8.960117938560094227e-06
4.561012327860646852e-06
3.671026266196573105e-08
9.613901883634456003e-09
1.808554317632728826e-05
9.206171832660137183e-06
4.568626871872090911e-05
3.093810537428630782e-07
1.338268739787001943e-05
1.802940994279873129e-05
1.481090314190208723e-07
1.002973748882121296e-09
2.701227510721409026e-05
3.639144866173393589e-05
7.602115027081914870e-06
1.565432702805868539e-06
4.457020083756225893e-06
1.480232112117896747e-05
2.404130931423351154e-07
4.950602784185803129e-08
3.739488306624436162e-06
1.241930835027760049e-05
5.822846097453248390e-06
2.089345566729575697e-06
1.840573397095098041e-06
2.613378402316056838e-06
1.841446013633733962e-07
6.607451065279309586e-08
1.544261090724217904e-06
2.192652891976570214e-06
1.039346025668316207e-05
2.721901176771792035e-06
3.489266571300250904e-05
1.776158300149561928e-05
3.039002252821110684e-05
7.958719814074403175e-06
4.095766597494622524e-05
2.084887952514481355e-05
4.193283349357007232e-05
2.839633127524087327e-07
5.211512180056535260e-05
7.021047919798434670e-05
1.226097683610132742e-04
8.302962881088761309e-07
6.117370820870768019e-05
8.241437838497844782e-05
2.018121579344716649e-05
4.155729697972125654e-06
1.048852308378215236e-05
3.483369692204717503e-05
1.091517159104810732e-05
2.247659566382952660e-06
1.679422929744468123e-05
5.577573588898476564e-05
1.545781841054869282e-05
5.546552978880279701e-06
4.331346101217869349e-06
6.149956514499044709e-06
8.360484427761105038e-06
2.999897435464472610e-06
6.935353911068991588e-06
9.847313968685723562e-06
2.510291172845009570e-04
6.574099798008174321e-05
1.986306140260911900e-04
1.011099056369251908e-04
8.138042449446978422e-07
2.131238949562068476e-07
4.009258104348756226e-04
2.040852114324793890e-04
9.358872184999012704e-04
6.337697999077984153e-06
2.741455241608294307e-04
3.693340427174368720e-04
3.034026488415373558e-06
2.054600514322735448e-08
5.533488228397501684e-04
7.454820150645398956e-04
2.973381938412937293e-04
6.122808333920468191e-05
1.743254734895986259e-04
5.789566997014555664e-04
9.403171964129022146e-06
1.936307573657587507e-06
1.462609675098732961e-04
4.857509654187778148e-04
3.625726929609570325e-04
1.300978311940111326e-04
1.146074689263972603e-04
1.627279219123039459e-04
1.146618043704464932e-05
4.114278973290857985e-06
9.615691243215103976e-05
1.365304956489035075e-04
1.200637009891876141e-04
3.144299597431064204e-05
4.030748643299806992e-04
2.051791547684960826e-04
3.510610025699204646e-04
9.193794293862003232e-05
4.731368417624840211e-04
2.408431432310513662e-04
4.476217116846480516e-04
3.031231937363995049e-06
5.563148988870510831e-04
7.494779688956678190e-04
1.308826277895831260e-03
8.863189408502396226e-06
6.530128707538392736e-04
8.797513081429867267e-04
1.083352524983074907e-03
2.230846896204880686e-04
5.630368399235961092e-04
1.869915762322318757e-03
5.859398573808946359e-04
1.206571344098100171e-04
9.015349174572046681e-04
2.994110212514583102e-03
1.321034601490928906e-03
4.740118048678350717e-04
3.701594829731560477e-04
5.255790395217486977e-04
7.144921049636310511e-04
2.563730668790926027e-04
5.926995806766220459e-04
8.415574655412868827e-04
9.568966656429677147e-05
2.505977889883027914e-05
7.571590670924817227e-05
3.854203552721589203e-05
3.102136425039145639e-07
8.124059338554982184e-08
1.528287137864320952e-04
7.779514202946094244e-05
1.873081479563180852e-04
1.268424710849798997e-06
5.486739148268905480e-05
7.391838904425647894e-05
6.072290241407490545e-07
4.112070445248107929e-09
1.107470442283140606e-04
1.492005156350981177e-04
3.248364484532798057e-05
6.689054265300553176e-06
1.904473386070368402e-05
6.324994300585365153e-05
1.027279054050311779e-06
2.115380023044878358e-07
1.597873876189854049e-05
5.306738983004955998e-05
2.266149701786659970e-05
8.131366953085649918e-06
7.163189246522937429e-06
1.017081095386409337e-05
7.166585317234250897e-07
2.571504211265628043e-07
6.009993655432564072e-06
8.533420966505731543e-06
4.576702351667845652e-05
1.198574027233006486e-05
1.536479105906747231e-04
7.821214175521398792e-05
1.338207720404453163e-04
3.504577954769021452e-05
1.803548015357334577e-04
9.180688009175176298e-05
8.958685634694053530e-05
6.066697236487068728e-07
1.113406736744005401e-04
1.500002644687526841e-04
2.619480438061515433e-04
1.773875698135537353e-06
1.306937727054267471e-04
1.760731260488181452e-04
1.183542491100995041e-04
2.437158756648022929e-05
6.151072792443215589e-05
2.042848203563792336e-04
6.401283999876032410e-05
1.318156760014244418e-05
9.849101353582937477e-05
3.271009738594369762e-04
8.256722655450764116e-05
2.962665780128874776e-05
2.313568611863029594e-05
3.284971005264826011e-05
4.465714329916759245e-05
1.602381426768807534e-05
3.704487414732138837e-05
5.259897495308854456e-05
2.957682067191994344e-05
7.745753676240887394e-06
2.340311002386562454e-05
1.191299869723408682e-05
9.588426424452335549e-08
2.511074129650387242e-08
4.723798946612725949e-05
2.404578307738006087e-05
4.619378980887638440e-05
3.128179159352154547e-07
1.353135342571294729e-05
1.822969563137980794e-05
1.497543497870068466e-07
1.014115615896123860e-09
2.731234993701465663e-05
3.679571515613407626e-05
5.066391570511517319e-04
1.043274802005078220e-04
2.970358762199739829e-04
9.864932941054489410e-04
1.602221045324630130e-05
3.299304486369690789e-06
2.492163294979867503e-04
8.276785988278065548e-04
7.689250901182332438e-04
2.759046351728805936e-04
2.430534899161370830e-04
3.451048147044130849e-04
2.431687216669647125e-05
8.725346369782702581e-06
2.039245204970376361e-04
2.895466914879465557e-04
2.119761423317805622e-04
5.551357267079673789e-05
7.116410214546832437e-04
3.622500835505474445e-04
6.198089550362990800e-04
1.623192548412538011e-04
8.353375890093996461e-04
4.252159477723942583e-04
3.310694368400177970e-04
2.241956152344949996e-06
4.114609623985408999e-04
5.543280019917745660e-04
9.680325315624111306e-04
6.555381585570970894e-06
4.829806010885946839e-04
6.506806138826460488e-04
2.856739460490401194e-04
5.882617349140881603e-05
1.484696367274062105e-04
4.930862321202982446e-04
1.545090331589221353e-04
3.181660531631505203e-05
2.377296691813395458e-04
7.895299633220810359e-04
4.335666946643284766e-04
1.555718004936989607e-04
1.214872217201572055e-04
1.724962894182464315e-04
2.344980063074957077e-04
8.414224962940023496e-05
1.945254104872597145e-04
2.762011595252909335e-04
9.400181678521780808e-07
2.461775476187983781e-07
7.438036985348854747e-07
3.786220071865634662e-07
3.047418497099069057e-09
7.980760775061809513e-10
1.501330004449290759e-06
7.642292998188718610e-07
3.792541111429182123e-06
2.568256061008301202e-08
1.110933187612880882e-06
1.496670232446783425e-06
1.229493251219311727e-08
8.325957192387211613e-11
2.242362239912263211e-06
3.020952882009719631e-06
1.643840012920352419e-05
3.385006547834511175e-06
9.637617854988499760e-06
3.200773423765223885e-05
5.198561988728765810e-07
1.070491424521803003e-07
8.086066159717925778e-06
2.685483701082412933e-05
1.259100575296732172e-05
4.517887234240107202e-06
3.979955822929777958e-06
5.651027340845188372e-06
3.981842721479767829e-07
1.428759286833440339e-07
3.339226205187940751e-06
4.741273376470018385e-06
6.737080606242120557e-06
1.764346731238562164e-06
2.261755908711939820e-05
1.151312589073420269e-05
1.969892858987179831e-05
5.158872558870658012e-06
2.654891540469617089e-05
1.351432328039289633e-05
2.718102271210935333e-05
1.840661031053998351e-07
3.378122085460127721e-05
4.551070058266214440e-05
7.947611980617035152e-05
5.382012228753407628e-07
3.965303113751661836e-05
5.342131461328433371e-05
9.268968981741173871e-06
1.908672404142840132e-06
4.817241742165982275e-06
1.599866230034886647e-05
5.013195832366947212e-06
1.032320699384327293e-06
7.713370295599735802e-06
2.561706743439372733e-05
7.099574219868648742e-06
2.547459382180458256e-06
1.989330725773704163e-06
2.824594749661108300e-06
3.839861365458951041e-06
1.377813733439869202e-06
3.185317521849633495e-06
4.522742765520167946e-06
2.156327009024942994e-04
5.647117397303493436e-05
1.706226602224179085e-04
8.685288095793595542e-05
6.990535968162562410e-07
1.830723128591577276e-07
3.443931775755457061e-04
1.753081309112313141e-04
8.039222335970684381e-04
5.444049486485194908e-06
2.354895736980688902e-04
3.172560140748073186e-04
2.606212910214902168e-06
1.764891112917997189e-08
4.753237492960670223e-04
6.403651581199489365e-04
2.094161221543627827e-03
4.312311046956953829e-04
1.227779189053678768e-03
4.077608240651416256e-03
6.622680333255752459e-05
1.363746843736900825e-05
1.030120087929624123e-03
3.421157645325387936e-03
2.553609624718290640e-03
9.162826664604238830e-04
8.071836114435824517e-04
1.146097308686213744e-03
8.075662974968382123e-05
2.897698196511166630e-05
6.772358256344916455e-04
9.615881022626873416e-04
1.481163564449059021e-04
3.878959220027828090e-05
4.972525400033936741e-04
2.531188741674046802e-04
4.330857383384762870e-04
1.134190685020978264e-04
5.836843652522434936e-04
2.971156857253172716e-04
5.522076735443371461e-04
3.739473516164729283e-06
6.862968172752459363e-04
9.245920713251365658e-04
1.614631049218917622e-03
1.093405676197403814e-05
8.055880864142046620e-04
1.085303528595321079e-03
5.157071953371913150e-04
1.061947768189741299e-04
2.680218515141681644e-04
8.901340893806608577e-04
2.789243515086614264e-04
5.743629238772278141e-05
4.291567454348849163e-04
1.425283224636837839e-03
6.288507513183803650e-04
2.256433550555764461e-04
1.762066403957783035e-04
2.501908530688202429e-04
3.401189465516931310e-04
1.220410090263800184e-04
2.821421756810373006e-04
4.006057402932183863e-04
1.777270398431923858e-04
4.654421404866490136e-05
1.406292283340331570e-04
7.158517873171332151e-05
5.761682988428986560e-07
1.508903802879953299e-07
2.838529579999553710e-04
1.444910490704501055e-04
3.478925559053835568e-04
2.355879973432832411e-06
1.019067097029086337e-04
1.372906495184181980e-04
1.127823106112407401e-06
7.637461118850909061e-09
2.056935199879282420e-04
2.771142061518877867e-04
4.946774465531944944e-04
1.018643166298052868e-04
2.900228826339064695e-04
9.632022653169372822e-04
1.564392732942584304e-05
3.221408167932185024e-06
2.433323516345911217e-04
8.081371724561109198e-04
3.451007894356841808e-04
1.238285869856124407e-04
1.090846850013172937e-04
1.548862763396571785e-04
1.091364020914340655e-05
3.916017254488065871e-06
9.152323667575985291e-05
1.299512697597321334e-04
1.220792647550044134e-04
3.197084379886046902e-05
4.098414647659291742e-04
2.086235902343787450e-04
3.569544227338963750e-04
9.348134685640783483e-05
4.810796043682722040e-04
2.448862862354940061e-04
2.389645800444318495e-04
1.618234880080548942e-06
2.969908579382346298e-04
4.001117090939569241e-04
6.987219647398100865e-04
4.731647906188173950e-06
3.486134437849519878e-04
4.696586345258340245e-04
1.218190442713231597e-04
2.508506054532636274e-05
6.331144124126169930e-05
2.102652144901275433e-04
6.588680210786523406e-05
1.356745515366686773e-05
1.013743167521381452e-04
3.366767844448722321e-04
8.498436433530325788e-05
3.049397182985095212e-05
2.381297834867815525e-05
3.381137824195117958e-05
4.596447155464148098e-05
1.649290798047387579e-05
3.812935486228396728e-05
5.413879862036772200e-05
1.909060750962141776e-04
4.999561816991031870e-05
1.510573407892604322e-04
7.689345143423225110e-05
6.188930430845387377e-07
1.620793903728528029e-07
3.049015735817852584e-04
1.552055280328278595e-04
2.981616991242228899e-04
2.019109532204256624e-06
8.733925805943917257e-05
1.176651027434251560e-04
9.666020382496785991e-07
6.545694483934589705e-09
1.762898583984731443e-04
2.375010363262228881e-04
1.255412676837839485e-04
2.585154332495518358e-05
7.360319456013570912e-05
2.444454144136477478e-04
3.970179926684651585e-06
8.175421538762507418e-07
6.175388044378504748e-05
2.050923602833368904e-04
1.905336948868416986e-04
6.836703633615564657e-05
6.022677642336071285e-05
8.551430602786034196e-05
6.025532996067615252e-06
2.162073398783957237e-06
5.053092019972144701e-05
7.174743246182274355e-05
1.752218529643289236e-04
4.588814081172464454e-05
5.882504373041532982e-04
2.994399755462175149e-04
5.123410228654880737e-04
1.341749137058876229e-04
6.904994052014012040e-04
3.514882640049427510e-04
2.736657038138179659e-04
1.853226060996029411e-06
3.401182390663274832e-04
4.582137338219247871e-04
8.001865306362144787e-04
5.418751825920812643e-06
3.992371732858020889e-04
5.378598817693022293e-04
3.332724386678843692e-04
6.862768750222801790e-05
1.732073875990898244e-04
5.752433966242071319e-04
1.802530576878416560e-04
3.711783237692117745e-05
2.773397703484435455e-04
9.210800631869501490e-04
5.058068180678608776e-04
1.814929014548221687e-04
1.417292098549034177e-04
2.012373190858345485e-04
2.735696534658436474e-04
9.816188391285161495e-05
2.269368937299983302e-04
3.222213130422796833e-04
2.312932319426565242e-04
6.057244696724100572e-05
1.830142940302070353e-04
9.316065446574133522e-05
7.498230325551720890e-07
1.963681145911109868e-07
3.694050613244802207e-04
1.880400515069372198e-04
9.331618482886514052e-04
6.319242171288957851e-06
2.733471928765397285e-04
3.682585156901140347e-04
3.025191187272011254e-06
2.048617371346673171e-08
5.517374316716830516e-04
7.433111183616917302e-04
1.552764957289622832e-04
3.197464173131803748e-05
9.103656778854675696e-05
3.023438272327404262e-04
4.910541671300096048e-06
1.011182084638210707e-06
7.638067011661081238e-05
2.536697581053012863e-04
1.189341563447329195e-04
4.267578914721352544e-05
3.759450971403974711e-05
5.337938703634126792e-05
3.761233328521065307e-06
1.349600530197442723e-06
3.154220237447321495e-05
4.478588605976220220e-05
2.122909323795755805e-04
5.559601176041353295e-05
7.126978267568854835e-04
3.627880342833999139e-04
6.207293873473763816e-04
1.625603031282330337e-04
8.365780869101381969e-04
4.258474044403478338e-04
8.564963063137112599e-04
5.800073790347063028e-06
1.064473960056094978e-03
1.434079481101850195e-03
2.504357682752120055e-03
1.695916170368701219e-05
1.249499515273755140e-03
1.683349413645000630e-03
4.122100832193445409e-04
8.488258101845443636e-05
2.142326318426111278e-04
7.114933636325708856e-04
2.229471125996432648e-04
4.590942123557835712e-05
3.430294154305728207e-04
1.139243590065760862e-03
3.157326435937886063e-04
1.132907495963210714e-04
8.846962220256956002e-05
1.256155284489916064e-04
1.707665195691749401e-04
6.127420588425737944e-05
1.416576108246963542e-04
2.011356576364919935e-04
2.489728328445654218e-04
6.520248598324803249e-05
1.970035476310251466e-04
1.002816721318496187e-04
8.071380341714802074e-07
2.113781080382683893e-07
3.976416595185042180e-04
2.024134641498167545e-04
9.282209750547040783e-04
6.285783265355101398e-06
2.718998835685829162e-04
3.663086731770673430e-04
3.009173509103772828e-06
2.037770422604342150e-08
5.488161113098264125e-04
7.393754602377078768e-04
2.949025723962265979e-04
6.072653851277406056e-05
1.728975006611923899e-04
5.742142233470359357e-04
9.326146651667108204e-06
1.920446468867384893e-06
1.450628827820382531e-04
4.817719761976099226e-04
3.596027084629588072e-04
1.290321454725797904e-04
1.136686712378937963e-04
1.613949494771099518e-04
1.137225615976064516e-05
4.080577194286696526e-06
9.536925096496598659e-05
1.354121172838099261e-04
1.190802090229335831e-04
3.118543324984925243e-05
3.997731096147636321e-04
2.034984465386558328e-04
3.481853151402643492e-04
9.118484081425525661e-05
4.692611801013953370e-04
2.388702963627340175e-04
4.439550551203765797e-04
3.006401849388290873e-06
5.517578909882848298e-04
7.433386815405356677e-04
1.298105134711609191e-03
8.790587318888029456e-06
6.476637693438743425e-04
8.725448974065891979e-04
1.074478331566050245e-03
2.212573096694421201e-04
5.584247697957581353e-04
1.854598500613208276e-03
5.811401790626822801e-04
1.196687813823286663e-04
8.941500680704903481e-04
2.969584204105493296e-03
1.310213454824569676e-03
4.701289760181807140e-04
3.671273519065847341e-04
5.212738018958681160e-04
7.086394014454633003e-04
2.542730079140420444e-04
5.878445306390584282e-04
8.346639165362010207e-04
2.052063736049354950e-04
5.374066538015465094e-05
1.623726698804451240e-04
8.265334832761924030e-05
6.652527791831376557e-07
1.742203537407039131e-07
3.277409909015375025e-04
1.668315874966483240e-04
4.016820955577882928e-04
2.720135250230809892e-06
1.176630543253026265e-04
1.585178954333431420e-04
1.302201903983640537e-06
8.818330070263193764e-09
2.374969016982356000e-04
3.199603243772675522e-04
6.966113687627311550e-05
1.434466873919596050e-05
4.084140860915379343e-05
1.356394258749862706e-04
2.202998682416009224e-06
4.536429887480970809e-07
3.426638584748958617e-05
1.138029529697100943e-04
4.859755280232687938e-05
1.743770654454660302e-05
1.536145062996066471e-05
2.181129172460236570e-05
1.536873349947203748e-06
5.514587654551699455e-07
1.288842408695512245e-05
1.829991088749734568e-05
9.814732628667727687e-05
2.570340544141032138e-05
3.294977574522331442e-04
1.677258429015257286e-04
2.869784829376612317e-04
7.515563163037320251e-05
3.867706526129194734e-04
1.968797427353641890e-04
1.921189045137840961e-04
1.301002484758469115e-06
2.387699393236166411e-04
3.216753847786824939e-04
5.617472614584628722e-04
3.804074277923491541e-06
2.802726366656080131e-04
3.775886047370115967e-04
2.538105433181699522e-04
5.226483990465243272e-05
1.319096812474646497e-04
4.380885488790016002e-04
1.372754575487229115e-04
2.826785569198333358e-05
2.112138587794304336e-04
7.014676407429611821e-04
1.770653169585758809e-04
6.353433163393650408e-05
4.961445075238212534e-05
7.044616326829903654e-05
9.576718950964894681e-05
3.436305021485117382e-05
7.944268756872656606e-05
1.127984378355792342e-04
1.584763121456878902e-05
4.150271900471570369e-06
1.253967967166651586e-05
6.383134012529040743e-06
5.137599053944668985e-08
1.345464990999670231e-08
2.531070680925471997e-05
1.288403194862734147e-05
2.475121154551254316e-05
1.676117600347025778e-07
7.250268759558688244e-06
9.767699399625479336e-06
8.024025754922241157e-08
5.433758573285425632e-10
1.463429941325611153e-05
1.971560535660777083e-05
2.714636102665816259e-04
5.589997147098873072e-05
1.591555453524302237e-04
5.285754711110895792e-04
8.584901173854731291e-06
1.767808695347681961e-06
1.335332328765875853e-04
4.434805668909189212e-04
4.119997005422495052e-04
1.478331615527939211e-04
1.302311061872093014e-04
1.849114850603249195e-04
1.302928488035500519e-05
4.675149943312577964e-06
1.092653139528618141e-04
1.551427463079531669e-04
1.135794738462312189e-04
2.974486801163144244e-05
3.813061785873405924e-04
1.940981349968454595e-04
3.321014064310144512e-04
8.697269115845157725e-05
4.475843498235153187e-04
2.278360342241887281e-04
1.773911536893729918e-04
1.201268205792248772e-06
2.204659406639445079e-04
2.970158910898296114e-04
5.186839631641403841e-04
3.512455614863766896e-06
2.587870594593544467e-04
3.486428281681848819e-04
1.530676807630630850e-04
3.151980104951465812e-05
7.955189219004707261e-05
2.642017832242040667e-04
8.278787649231231509e-05
1.704773589918510312e-05
1.273785363118526339e-04
4.230400498542883562e-04
2.323104690722595808e-04
8.335732055038928704e-05
6.509437604737064865e-05
9.242567383779729765e-05
1.256469708402766698e-04
4.508447194112707849e-05
1.042291530066807924e-04
1.479920430172780284e-04
1.920027867319362732e-05
5.028283153467320756e-06
1.519251305818132387e-05
7.733518668470162690e-06
6.224484417342471763e-08
1.630104993134303068e-08
3.066531632225475177e-05
1.560971482101124701e-05
7.746429665860958590e-05
5.245774364994227153e-07
2.269129206109225016e-05
3.057013845861185185e-05
2.511293276826739793e-07
1.700612858155461375e-09
4.580122104547720770e-05
6.170427250965141819e-05
3.357614503806086344e-04
6.914022648892907100e-05
1.968525235893365112e-04
6.537718504575601008e-04
1.061828827324964239e-05
2.186525151428222183e-06
1.651614074557751066e-04
5.485216902872679405e-04
2.571767520037687911e-04
9.227980572936652921e-05
8.129232340461337199e-05
1.154246837398639194e-04
8.133086412566202931e-06
2.918302794806124059e-06
6.820514313987334194e-05
9.684256454534130739e-05
1.376077926016834358e-04
3.603754701179966060e-05
4.619734513986596789e-04
2.351605884455832405e-04
4.023591579650800639e-04
1.053722089181838528e-04
5.422731088335407210e-04
2.760359128547991252e-04
5.551841746711572200e-04
3.759629967564864186e-06
6.899960835980792091e-04
9.295757929827588601e-04
1.623334208134750468e-03
1.099299334295966315e-05
8.099303546618990711e-04
1.091153514625162668e-03
1.893227105059573331e-04
3.898546146093198025e-05
9.839425135480194234e-05
3.267796145545565729e-04
1.023966986134620564e-04
2.108559790240366921e-05
1.575489328290706102e-04
5.232397099879234834e-04
1.450118818383680454e-04
5.203296246737868983e-05
4.063294265394250016e-05
5.769357251493170767e-05
7.843083336537751268e-05
2.814244292984651995e-05
6.506149154740272216e-05
9.237898206113532304e-05
