2.173715483886275775e-03
1.631446134297935991e-03
9.919224354027630051e-04
2.431651268134982539e-04
7.741543339228083376e-04
5.810287062823519741e-04
3.639050426683057820e-03
8.920961225418771361e-04
8.196298601743695535e-05
2.306251125557725451e-04
1.203615793390475688e-04
1.075976560738159274e-04
2.919057315321264170e-05
8.213560225337549197e-05
4.415686559929054883e-04
3.947418490302916495e-04
4.146365419273475802e-04
3.054540493911075299e-05
1.565046311673106138e-05
4.255959788956217003e-06
4.695976598582348219e-04
3.459427529506537059e-05
9.582679298509486586e-05
2.605897184046913279e-05
2.499206640594900603e-04
2.195127766423080225e-04
3.706242612335047793e-05
3.964514246458212084e-05
2.830482775276395324e-04
2.486097480483843622e-04
2.269308843551654030e-04
2.427446926958172968e-04
1.869109643375579520e-04
1.402829268535320305e-04
1.720396851189497968e-04
4.217472088119200653e-05
8.138763059147688839e-05
6.108413741008259347e-05
3.142201401873025049e-04
7.702959173917257873e-05
7.047739628332344022e-06
1.983072877191343356e-05
2.087559215403906240e-05
1.866180883685735411e-05
3.068834572699094619e-06
8.634999200653899245e-06
3.812801382773856713e-05
3.408467171287596912e-05
1.505323801860296512e-03
1.108940492282062138e-04
8.353866981070302193e-05
2.271736094231979088e-05
2.045936609579076821e-03
1.507198616138718888e-04
1.305682472019530516e-03
3.550650262942992063e-04
9.073284338055308826e-04
7.969336372432132701e-04
1.978309367083346719e-04
2.116168985700129948e-04
1.233180832815304519e-03
1.083139522424305312e-03
3.092033749981779045e-03
3.307503888583590654e-03
8.351524545955491485e-07
6.268098349115062026e-07
3.811016036072699841e-07
9.342526841059007309e-08
2.974340004495459963e-07
2.232341600542096028e-07
1.398141531755467832e-06
3.427478306148915360e-07
1.022817012056849255e-04
2.877973338835981333e-04
1.501993484227354364e-04
1.342712344158960799e-04
3.642694863074424271e-05
1.024971091980653219e-04
5.510340158233606846e-04
4.925987914508930116e-04
3.376179709649185646e-05
2.487160825215292660e-06
1.274339588491425066e-06
3.465416969224704852e-07
3.823700833367247009e-05
2.816840256729779651e-06
7.802700471434054804e-06
2.121852829785733864e-06
8.269757146228724499e-06
7.263574463351002421e-06
1.226378236643907095e-06
1.311839104795642034e-06
9.365934284068434161e-06
8.226379552416127029e-06
7.509036156167623470e-06
8.032307631242881186e-06
7.181213540341114882e-08
5.389740817879022608e-08
6.609851490686317151e-08
1.620374052028072066e-08
3.126953824732649333e-08
2.346883374252637919e-08
1.207249629981991704e-07
2.959515773538496710e-08
8.794882103089774741e-06
2.474678844067882360e-05
2.605067461472084612e-05
2.328809195656904595e-05
3.829602068764405755e-06
1.077562508477566422e-05
4.757999076638483408e-05
4.253429965434121974e-05
1.225710510865492459e-04
9.029552416793733494e-06
6.802139547927197045e-06
1.849762028057718479e-06
1.665904706898613166e-04
1.227237079145448659e-05
1.063152477778800154e-04
2.891118404105623058e-05
3.002307083200502950e-05
2.637015897210224301e-05
6.546132584696729840e-06
7.002303574207680100e-06
4.080537334975687183e-05
3.584057700726583586e-05
1.023139414922711427e-04
1.094437469655675269e-04
1.095678525958461776e-05
8.223433604163962962e-06
4.999863689355249086e-06
1.225693103290491053e-06
3.902186306095588275e-06
2.928721266229458125e-06
1.834292223133101712e-05
4.496681243731165098e-06
3.458108565438870239e-06
9.730327259731038272e-06
5.078187468347754247e-06
4.539663501410876600e-06
1.231582400252225122e-06
3.465391434365899543e-06
1.863026746235845341e-05
1.665459295221898556e-05
1.291883986568216218e-05
9.517038541912504406e-07
4.876218238966512542e-07
1.326030328459129016e-07
1.463126462710711378e-05
1.077854597013745048e-06
2.985677498808660199e-06
8.119199593612502253e-07
1.733746639925977590e-05
1.522801407225101138e-05
2.571090189787916956e-06
2.750258078739524906e-06
1.963559123640805522e-05
1.724652569061398515e-05
1.574262215278627924e-05
1.683965577256380712e-05
7.067181295659078332e-06
5.304155806339601724e-06
6.504892043614635280e-06
1.594643736484703583e-06
3.077300160815226759e-06
2.309616639644399150e-06
1.188079418091611895e-05
2.912520899352864783e-06
2.230497321342460070e-06
6.276109751303079657e-06
6.606792366993227918e-06
5.906165212840706354e-06
9.712372554926742277e-07
2.732839690817330565e-06
1.206690899433846150e-05
1.078725562572981069e-05
1.540920185027077561e-05
1.135163601638100990e-06
8.551410824869894438e-07
2.325455824408405629e-07
2.094316860658292502e-05
1.542839333027811618e-06
1.336557937823445357e-05
3.634612469011051790e-06
2.067960607114269781e-05
1.816351507238759240e-05
4.508913958151529282e-06
4.823120203640368926e-06
2.810635364985156188e-05
2.468664907796889741e-05
7.047287126241006316e-05
7.538381356330459474e-05
2.359005269014803337e-04
1.770512311961805094e-04
1.076474942979030317e-04
2.638927769737993049e-05
8.401440603852711360e-05
6.305562019176527895e-05
3.949246897486343496e-04
9.681393306273492784e-05
3.787416245187122008e-05
1.065692381749021664e-04
5.561771514621332522e-05
4.971965155970908888e-05
1.348863143459422094e-05
3.795392644876094932e-05
2.040438473919415263e-04
1.824057131537971238e-04
1.873046581069680446e-04
1.379834156021278535e-05
7.069817410855852997e-06
1.922553881724988539e-06
2.121323622822198971e-04
1.562734648634975826e-05
4.328804358180610856e-05
1.177167547392245504e-05
1.597960073030181750e-05
1.403536013776372052e-05
2.369723103034302717e-06
2.534858611487832498e-06
1.809773705312620030e-05
1.589578247330709833e-05
1.450966425291930740e-05
1.552077849695389678e-05
1.521570197696351344e-04
1.141989296895734606e-04
1.400508839199532526e-04
3.433281649175519082e-05
6.625453654257738216e-05
4.972624445258095103e-05
2.557945182720872449e-04
6.270682490266872046e-05
2.442902421898566576e-05
6.873769165672767611e-05
7.235941921954318356e-05
6.468595664530006704e-05
1.063725932767837190e-05
2.993081693252199911e-05
1.321601282594549317e-04
1.181450102700584866e-04
2.234113367976036334e-04
1.645824489744704869e-05
1.239831979912775362e-05
3.371577577106798908e-06
3.036459214850300019e-04
2.236895857455522535e-05
1.937817406106191580e-04
5.269667036185453276e-05
1.905998492899137415e-05
1.674095349525608418e-05
4.155777039119304927e-06
4.445374736629087640e-06
2.590507165040358391e-05
2.275319741365779556e-05
6.495345508726429985e-05
6.947977371829535515e-05
3.642026560281988939e-05
2.733462680294971580e-05
1.661950647293388903e-05
4.074193963994563334e-06
1.297083572714610649e-05
9.735045806378031126e-06
6.097172517025964590e-05
1.494693209257221559e-05
1.373277111233680218e-06
3.864087971138042308e-06
2.016639583422285318e-06
1.802782029892492413e-06
4.890835232207274198e-07
1.376169269479248769e-06
7.398414305992586962e-06
6.613838422187732924e-06
3.460926544056253844e-04
2.549592041775198989e-05
1.306327295121969638e-05
3.552403783701132718e-06
3.919681074117292220e-04
2.887546888283184344e-05
7.998559170214428627e-05
2.175114304549086340e-05
2.086060857374246076e-04
1.832249497136634580e-04
3.093560778825496770e-05
3.309137329304800144e-05
2.362573477946031467e-04
2.075118782662801087e-04
1.894167643016297746e-04
2.026163797514349957e-04
3.153373352181681718e-04
2.366712112763365251e-04
2.902480121990427234e-04
7.115293713977569197e-05
1.373090050730637506e-04
1.030549983157158267e-04
5.301205417762266644e-04
1.299565612860796538e-04
1.189023576859921169e-05
3.345640630838521109e-05
3.521919446666305135e-05
3.148432244101889797e-05
5.177428300207343853e-06
1.456810009619143860e-05
6.432574097625904741e-05
5.750422179788968965e-05
4.247520086025038835e-04
3.129059016640523412e-05
2.357181740847177939e-05
6.410079132791067731e-06
5.772948539830235169e-04
4.252810184604046150e-05
3.684199053399726787e-04
1.001874699095477237e-04
2.560177247212821572e-04
2.248680069521473836e-04
5.582127089649140936e-05
5.971120805421718342e-05
3.479623686685191070e-04
3.056257312731825945e-04
8.724684644914557649e-04
9.332669279528558104e-04
1.399284977297801454e-08
1.050210151198015733e-08
6.385298226896889048e-09
1.565325873947928562e-09
4.983460520010010452e-09
3.740253708944953842e-09
2.342564439290327666e-08
5.742686712369093844e-09
1.713714031037467624e-06
4.821999667171003580e-06
2.516566774022531221e-06
2.249693695654454428e-06
6.103278713643236865e-07
1.717323158521546769e-06
9.232489422486540883e-06
8.253416306440691024e-06
2.818060829929551174e-05
2.076006345054058220e-06
1.063677525249205962e-06
2.892546209087925577e-07
3.191601890469533849e-05
2.351186214694633300e-06
6.512830020089764085e-06
1.771087696962575566e-06
6.902677194644570115e-06
6.062827349487550258e-06
1.023644701579993191e-06
1.094977967502381712e-06
7.817644441791304186e-06
6.866470384423386413e-06
6.267711579967864642e-06
6.704480642679360034e-06
1.211541949649426497e-07
9.093027330152430566e-08
1.115147504935339204e-07
2.733731739248878692e-08
5.275481242826781680e-08
3.959425023179026558e-08
2.036749864358516866e-07
4.992996643462496017e-08
1.483783841025857274e-05
4.175028655888953074e-05
4.395007185777476691e-05
3.928932091237684126e-05
6.460918521233548162e-06
1.817954827629348629e-05
8.027216354670522439e-05
7.175958219416165651e-05
3.458544937719891971e-05
2.547837562307191401e-06
1.919336180166732870e-06
5.219409510984894268e-07
4.700625669514397884e-05
3.462852402614681056e-06
2.999860560427007711e-05
8.157768765324390899e-06
8.471506013888755054e-06
7.440776513814314405e-06
1.847099581161265046e-06
1.975815770875077813e-06
1.151391100749554710e-05
1.011301160221852597e-05
2.886957085457313643e-05
3.088136339514495354e-05
2.396271614498925257e-05
1.798481949998694655e-05
1.093480537522195611e-05
2.680616186150801365e-06
8.534162218433191622e-06
6.405174027578836069e-06
4.011635057960985751e-05
9.834334951829853700e-06
7.562955008147086958e-06
2.128042711422324093e-05
1.110610110101511099e-05
9.928338039017193826e-06
2.693496200502103666e-06
7.578882793230481186e-06
4.074478054730531281e-05
3.642393950134714160e-05
9.262527347723369900e-05
6.823509748578123888e-06
3.496142475755494834e-06
9.507349196184753938e-07
1.049029867614982965e-04
7.727983151358607420e-06
2.140665862548582984e-05
5.821289609544148749e-06
1.243058651806417932e-04
1.091815505589079766e-04
1.843415774479556518e-05
1.971875256019891114e-05
1.407829206855358074e-04
1.236538400687812382e-04
1.128711786283597817e-04
1.207366712037062937e-04
4.271257049937315253e-05
3.205721196894971165e-05
3.931421147698044841e-05
9.637694317793037661e-06
1.859856066622878651e-05
1.395884149850959414e-05
7.180504331374971667e-05
1.760266916046412236e-05
1.348066083220778540e-05
3.793149899507938051e-05
3.993007578895026231e-05
3.569563132466346882e-05
5.869955504371956808e-06
1.651671339310598115e-05
7.292988244786992303e-05
6.519592424942524580e-05
6.250201399886500691e-05
4.604392363082703292e-06
3.468579387041204342e-06
9.432394610909863978e-07
8.494860604387724674e-05
6.257985749548044638e-06
5.421277737280545217e-05
1.474252862841083466e-05
8.387955720930881885e-05
7.367391798446822320e-05
1.828882547392373146e-05
1.956329272699103579e-05
1.140035497198191300e-04
1.001327194782101326e-04
2.858484449086482848e-04
3.057679571209394450e-04
5.159193349754376788e-04
3.872147072120114288e-04
2.354272981049363464e-04
5.771389652639631498e-05
1.837412449267459191e-04
1.379039464773454567e-04
8.637084705859463278e-04
2.117340754518226488e-04
8.283157719728890015e-05
2.330691296463125665e-04
1.216370941938224750e-04
1.087379070526977621e-04
2.949991613359540424e-05
8.300602270943273429e-05
4.462481175221978116e-04
3.989250700797690344e-04
1.342933681437158584e-03
9.893110943669876280e-05
5.068905396483553197e-05
1.378429339793439505e-05
1.520942923207656543e-03
1.120446771591901712e-04
3.103658623178917890e-04
8.440035416444395219e-05
1.145702635136002455e-04
1.006304811134976508e-04
1.699039950692050427e-05
1.817438520457916737e-05
1.297568404975631183e-04
1.139693048317649929e-04
1.040311385126474312e-04
1.112806078414852937e-04
9.196053082545074114e-04
6.901945246989694797e-04
8.464383468703219919e-04
2.075003857261844750e-04
4.004286071897377613e-04
3.005350553486616297e-04
1.545968744534776708e-03
3.789869776076409372e-04
1.476439298119081955e-04
4.154362790516682048e-04
4.373252454421723014e-04
3.909484372827468079e-04
6.428937789280322489e-05
1.808956180478108822e-04
7.987482645953164180e-04
7.140438131124000366e-04
9.061896025317883047e-04
6.675708858722673134e-05
5.028942869184825436e-05
1.367561999448307251e-05
1.231633008624785988e-03
9.073182216393087154e-05
7.860075545805455741e-04
2.137455307973871576e-04
7.731013302477061856e-05
6.790379669771522239e-05
1.685644962011010082e-05
1.803110094336974234e-05
1.050748226071601817e-04
9.229035203029603942e-05
2.634608721844672015e-04
2.818202935996039476e-04
1.065854639102903172e-03
7.999595363690790778e-04
4.863769602055233350e-04
1.192330276908367266e-04
3.795970513666418068e-04
2.849002763396624562e-04
1.784363596782688336e-03
4.374283560960814552e-04
4.018954160699260983e-05
1.130841860093497993e-04
5.901781933250827353e-05
5.275918662447885845e-05
1.431323834423775007e-05
4.027418185417466431e-05
2.165177567907942849e-04
1.935568082188838558e-04
2.033119260689640183e-04
1.497756343871691270e-05
7.674012004208277411e-06
2.086857511261912339e-06
2.302614339282836825e-04
1.696287719482311094e-05
4.698748875400683976e-05
1.277769617611514160e-05
1.225455222498760758e-04
1.076353888358298896e-04
1.817310458190969825e-05
1.943950775849610164e-05
1.387892398657193844e-04
1.219027307151655397e-04
1.112727666701075546e-04
1.190268729948384285e-04
9.164949135027009844e-05
6.878600694624898413e-05
8.435754258234323688e-05
2.067985540762720472e-05
3.990742315384704792e-05
2.995185511478924489e-05
1.540739791389013737e-04
3.777051242999527258e-05
3.455772401555199771e-06
9.723753828420158608e-06
1.023608973039214654e-05
9.150588322283216363e-06
1.504765269511156734e-06
4.234065600992119933e-06
1.869560240028218014e-05
1.671299934916828679e-05
7.381170026430000164e-04
5.437553244432476862e-05
4.096215876561417257e-05
1.113917839203902151e-05
1.003199840455482744e-03
7.390362947541004302e-05
6.402253332203675486e-04
1.741017664291398450e-04
4.448973324846556719e-04
3.907666024415497362e-04
9.700396542774181196e-05
1.037637421849534714e-04
6.046750465976533009e-04
5.311041363645401187e-04
1.516140700616754522e-03
1.621793831635671848e-03
3.380100726723362675e-06
2.536878586470509698e-06
1.542427134375373670e-06
3.781187685090277631e-07
1.203800426544427333e-06
9.034924611388847956e-07
5.658678462290373625e-06
1.387198450976600318e-06
4.139632837974060336e-04
1.164798082141900795e-03
6.078997001845959196e-04
5.434340694681975533e-04
1.474302743907057300e-04
4.148351015207215795e-04
2.230192184774021369e-03
1.993688127004982456e-03
1.366436442512816219e-04
1.006625085818540187e-05
5.157616606944201880e-06
1.402553312466588912e-06
1.547561034457653072e-04
1.140055776217160257e-05
3.157975934665898076e-05
8.587744970985093632e-06
3.347007122589424493e-05
2.939776227332282187e-05
4.963503305423774416e-06
5.309387869321729667e-06
3.790661346419000927e-05
3.329450970348875625e-05
3.039121591368123567e-05
3.250904515963854422e-05
2.906442407358760614e-07
2.181382184188882997e-07
2.675195852477278940e-07
6.558117000896803214e-08
1.265567602328107535e-07
9.498507913370139314e-08
4.886084366015331234e-07
1.197800636499505304e-07
3.559540204248892790e-05
1.001573271228862571e-04
1.054345272079633687e-04
9.425356545772290231e-05
1.549949433120045996e-05
4.361203511948922782e-05
1.925698242063280980e-04
1.721484698765971097e-04
4.960800828317406871e-04
3.654517988667341791e-05
2.753020326133994835e-05
7.486515714464497896e-06
6.742392576894048421e-04
4.966979286542704171e-05
4.302881998351033507e-04
1.170118265831267962e-04
1.215119502784348760e-04
1.067275717324922107e-04
2.649406989706622412e-05
2.834032429609423368e-05
1.651510108780400237e-04
1.450570608058768848e-04
4.140937694536717660e-04
4.429501303840318108e-04
3.465489326940676392e-05
2.600965585330447026e-05
1.581392154825870603e-05
3.876708602865349348e-06
1.234211009445392532e-05
9.263166201805389624e-06
5.801628827394797450e-05
1.422242061664303926e-05
1.093754969273247105e-05
3.077576539773875579e-05
1.606164952112077086e-05
1.435836793303910674e-05
3.895335686704763454e-06
1.096058446428104141e-05
5.892512403889261721e-05
5.267632134157970361e-05
4.086061797351911646e-05
3.010116079643893034e-06
1.542284699628451770e-06
4.194062256038926551e-07
4.627679579695133497e-05
3.409114547241465418e-06
9.443311391685161772e-06
2.567997717245752524e-06
5.483616164720304367e-05
4.816423703451222526e-05
8.132025407286020761e-06
8.698710244290691260e-06
6.210483298321183986e-05
5.454852795928283267e-05
4.979187577014626743e-05
5.326165108340111162e-05
2.235257949427933667e-05
1.677635811947743544e-05
2.057413138614570683e-05
5.043651689920995939e-06
9.733102009797252839e-06
7.305018419532020068e-06
3.757741386190552373e-05
9.211926538735194287e-06
7.054774258827727579e-06
1.985052261458091893e-05
2.089642891659278904e-05
1.868043593383679626e-05
3.071897699092642948e-06
8.643618138342849363e-06
3.816607092163613809e-05
3.411869298546849587e-05
4.873731051913703278e-05
3.590375509428862053e-06
2.704700534123187122e-06
7.355115710340097833e-07
6.624053092118708955e-05
4.879801068579901960e-06
4.227359721514326480e-05
1.149580868887159042e-05
6.540691674338749127e-05
5.744884665693597591e-05
1.426111110866139952e-05
1.525490478481943390e-05
8.889675784014894929e-05
7.808067500710919257e-05
2.228965681198402226e-04
2.384292428284953658e-04
5.342738119783496415e-05
4.009903557618966211e-05
2.438029193231844809e-05
5.976714073480072446e-06
1.902780700190928357e-05
1.428100522241861367e-05
8.944359820124075727e-05
2.192667805767396970e-05
8.577841437844427181e-06
2.413608560658808959e-05
1.259644862815561860e-05
1.126063943898481169e-05
3.054941262569272351e-06
8.595906600833525687e-06
4.621239536372444962e-05
4.131173294666220299e-05
4.242125908006326288e-05
3.125085238759554744e-06
1.601191123946217862e-06
4.354251364398021247e-07
4.804430381277909577e-05
3.539323157957795821e-06
9.803991691462115869e-06
2.666080492245449548e-06
3.619102639662988086e-06
3.178765839053724146e-06
5.367012156441926391e-07
5.741015465181024546e-07
4.098823809577037713e-06
3.600119257020247400e-06
3.286187501467825040e-06
3.515187355178019439e-06
3.446092810362346012e-05
2.586407851245586998e-05
3.171909813245153855e-05
7.775787949241791020e-06
1.500550433880338705e-05
1.126213261496575654e-05
5.793302548131615628e-05
1.420200913404466154e-05
5.532750631726966822e-06
1.556789593919378445e-05
1.638815446779835075e-05
1.465024817548801029e-05
2.409154894501135411e-06
6.778811335526659188e-06
2.993197872178364957e-05
2.675779737853960517e-05
5.059879607640062679e-05
3.727507248639840986e-06
2.808004572186932243e-06
7.636038919293629762e-07
6.877053904641685831e-05
5.066181464106943392e-06
4.388820601959647394e-05
1.193488260607096662e-05
4.316756277748786877e-06
3.791535846716507124e-06
9.412114799343576108e-07
1.006800339705460391e-06
5.867049795108596620e-06
5.153204902322154001e-06
1.471083193685713684e-05
1.573596466589064987e-05
1.785822907270433836e-05
1.340319788953335814e-05
8.149170489464145932e-06
1.997730875691660668e-06
6.360089687590252222e-06
4.773459917604444709e-06
2.989673515626872929e-05
7.329044223736896278e-06
6.733695327805052824e-07
1.894707987531031537e-06
9.888344041908861095e-07
8.839719844185417871e-07
2.398160872468982782e-07
6.747876669870793893e-07
3.627721414556591255e-06
3.243014284446542908e-06
1.697022742820803473e-04
1.250161083955416274e-05
6.405415142938476705e-06
1.741877481617392944e-06
1.921967381481992220e-04
1.415873084273803540e-05
3.921995063710068694e-05
1.066540533601876122e-05
1.022874271617253488e-04
8.984209943729764094e-05
1.516889460419583154e-05
1.622594769193188896e-05
1.158458832518489246e-04
1.017508959929013125e-04
9.287817952780233369e-05
9.935044853717436451e-05
1.546217819747637459e-04
1.160488161173646037e-04
1.423195411662858461e-04
3.488896716171843791e-05
6.732778099646911680e-05
5.053175029197808397e-05
2.599380843189949054e-04
6.372260066022308205e-05
5.830230795122672924e-06
1.640493713912820816e-05
1.726929862074076552e-05
1.543795008202982849e-05
2.538688256722822875e-06
7.143288615987730798e-06
3.154133553426186895e-05
2.819648754661474653e-05
2.082719206783460871e-04
1.534295584512456733e-05
1.155815060579504377e-05
3.143103424228780377e-06
2.830694278112023130e-04
2.085313141524940844e-05
1.806501670321665270e-04
4.912569302407415067e-05
1.255351409186654052e-04
1.102612601200523901e-04
2.737127328148434863e-05
2.927865609957430425e-05
1.706190656633236290e-04
1.498598164854318259e-04
4.278041754970801375e-04
4.576159539064627462e-04
5.663306313274158234e-08
4.250500702887576480e-08
2.584312727372854960e-08
6.335321287719381321e-09
2.016948933406487153e-08
1.513787597721558446e-08
9.481027948934369824e-08
2.324229477266368115e-08
6.935890578817725895e-06
1.951601110620909628e-05
1.018526513921445051e-05
9.105153500709252840e-06
2.470171368336738778e-06
6.950497749478179720e-06
3.736652396181417698e-05
3.340393517595644743e-05
1.140549777083332963e-04
8.402191141254334078e-06
4.305007015557792377e-06
1.170696139323914866e-06
1.291732522610156836e-04
9.515922738681292236e-06
2.635928489797971551e-05
7.168098206085202708e-06
2.793710785805459049e-05
2.453799544889749150e-05
4.142982734083788734e-06
4.431688853136726757e-06
3.164024186669076038e-05
2.779056854673780591e-05
2.536722049940164854e-05
2.713494975429124622e-05
4.903456610744291325e-07
3.680208100645320614e-07
4.513320736943893594e-07
1.106419383389920277e-07
2.135138067854911329e-07
1.602492493988464515e-07
8.243308941726030113e-07
2.020808475174520261e-07
6.005297370263650513e-05
1.689753447554116111e-04
1.778785047072054112e-04
1.590151132737868970e-04
2.614918422229629215e-05
7.357782881684840853e-05
3.248843930791950091e-04
2.904315428747868025e-04
1.399772004867519339e-04
1.031182695870569773e-05
7.768102197041178115e-06
2.112444235069712021e-06
1.902477584080704992e-04
1.401515359046878242e-05
1.214129325079771224e-04
3.301682223453178714e-05
3.428660656676626664e-05
3.011494962786155532e-05
7.475740030767413545e-06
7.996691246319333784e-06
4.660008930071489513e-05
4.093024893589628627e-05
1.168434061215705832e-04
1.249857056394431819e-04
7.579096886317685216e-05
5.688365569603412772e-05
3.458537374076622867e-05
8.478441954134094147e-06
2.699245023214210101e-05
2.025873621129414560e-05
1.268828232695681140e-04
3.110472826262002805e-05
2.392064756214806696e-05
6.730723591809760953e-05
3.512715994486058981e-05
3.140204785740010582e-05
8.519179772032127533e-06
2.397102508429583775e-05
1.288704658984799291e-04
1.152042050624590009e-04
2.929617483919583795e-04
2.158187793749790365e-05
1.105784602705076991e-05
3.007051465032122445e-06
3.317945659911140585e-04
2.444261021396155526e-05
6.770648984581461867e-05
1.841198538892484224e-05
3.931633584611953815e-04
3.453271093633479495e-04
5.830485439134337614e-05
6.236786148398432237e-05
4.452781518415523674e-04
3.911010874460055502e-04
3.569969252738869098e-04
3.818744599934345476e-04
1.350943307593768556e-04
1.013928112104679611e-04
1.243457611358986551e-04
3.048277939499818701e-05
5.882483954761565662e-05
4.415000849562650026e-05
2.271100558502197253e-04
5.567496364674473952e-05
4.263758495518273338e-05
1.199724205668078022e-04
1.262936602225473196e-04
1.129006605891263619e-04
1.856590931379528410e-05
5.224022614651194565e-05
2.306677764055339050e-04
2.062062678911912017e-04
1.976857785324297016e-04
1.456309694246503430e-05
1.097066754586867819e-05
2.983344300099947412e-06
2.686814431505116728e-04
1.979319874343122264e-05
1.714679962399763818e-04
4.662870942841860659e-05
2.653001800898576292e-04
2.330210644821533177e-04
5.784518723383855361e-05
6.187616215796294900e-05
3.605784684351491390e-04
3.167068281508307213e-04
9.041016242304865651e-04
9.671044625029383886e-04
1.168467885134395051e-04
8.769742077034067297e-05
5.332020307645117421e-05
1.307119738403954049e-05
4.161420774853052148e-05
3.123285400802862339e-05
1.956150005593938702e-04
4.795409874798669121e-05
1.875991676773858827e-05
5.278611878752450718e-05
2.754869386961734289e-05
2.462725152447624131e-05
6.681219772060937054e-06
1.879942565310641417e-05
1.010674651592951152e-04
9.034961501983445633e-05
3.041512058661904232e-04
2.240618181580697642e-05
1.148019228404657513e-05
3.121903573457509455e-06
3.444672142351835149e-04
2.537617764742194877e-05
7.029248918879255276e-05
1.911521756396606208e-05
2.594817918839973720e-05
2.279106005056842933e-05
3.848031045470516750e-06
4.116183287572172147e-06
2.938767569258223371e-05
2.581207246155054315e-05
2.356125001823854121e-05
2.520312918824815497e-05
2.082746656016806969e-04
1.563170988047460970e-04
1.917036168282597113e-04
4.699524139477911813e-05
9.069014011901297789e-05
6.806598177769739488e-05
3.501351290694363532e-04
8.583398260112878886e-05
3.343879143984103245e-05
9.408911771347273109e-05
9.904658926613469380e-05
8.854304592599074862e-05
1.456042996073913430e-05
4.096972257503549782e-05
1.809026396599173027e-04
1.617185493233098340e-04
2.052362407490518771e-04
1.511932366771250020e-05
1.138968408520267313e-05
3.097290930880899761e-06
2.789435323097613491e-04
2.054918534179877218e-05
1.780170896374939742e-04
4.840965852532785196e-05
1.750940534903837001e-05
1.537903318233899353e-05
3.817693717453376786e-06
4.083731885517935986e-06
2.379762637864801873e-05
2.090216534727911953e-05
5.966932178490726038e-05
6.382741256750165714e-05
1.360594967803212263e-03
1.021172005730584288e-03
6.208745735422635872e-04
1.522044859781589415e-04
4.845668620601902899e-04
3.636836282288443334e-04
2.277792901063099840e-03
5.583902328179479431e-04
5.130313840432861332e-05
1.443553077293395514e-04
7.533799173789340056e-05
6.734866199679416716e-05
1.827127203811672229e-05
5.141118418295980395e-05
2.763913197183662739e-04
2.470809898320848398e-04
2.595336862601057594e-04
1.911930266759777962e-05
9.796103270306427200e-06
2.663935328681499690e-06
2.939355300321845350e-04
2.165361438982484415e-05
5.998091897617523216e-05
1.631110704924383542e-05
1.564329832446322206e-04
1.373997569976644398e-04
2.319850544002804795e-05
2.481510654683911619e-05
1.771685691638665992e-04
1.556124408410172418e-04
1.420429773728954187e-04
1.519413234120135878e-04
1.169932860993651421e-04
8.780737210574500158e-05
1.076848978490961990e-04
2.639844700230191345e-05
5.094300585567511293e-05
3.823442883342248065e-05
1.966799908684051809e-04
4.821517612087698171e-05
4.411395669663431020e-06
1.241265932683001078e-05
1.306667125723238010e-05
1.168099660777042361e-05
1.920877367616598756e-06
5.404909955551996468e-06
2.386548935723847351e-05
2.133463793009895631e-05
9.422281825327759276e-04
6.941197523673383381e-05
5.228940705625633047e-05
1.421949064126308019e-05
1.280614264411843346e-03
9.434016860992256804e-05
8.172665715213603800e-04
2.222460536349629798e-04
5.679246020612889858e-04
4.988251243293601164e-04
1.238284306094763337e-04
1.324574855499102515e-04
7.718855793031929131e-04
6.779701366457148871e-04
1.935398441833525128e-03
2.070267788105718040e-03
1.003641390111303113e-06
7.532664133169312269e-07
4.579874502114474829e-07
1.122734726374423940e-07
3.574402158970068742e-07
2.682708306540731237e-07
1.680211442571844250e-06
4.118959446063711735e-07
1.229166581695989135e-04
3.458593873009023511e-04
1.805015144424261704e-04
1.613599620280021802e-04
4.377595151651490595e-05
1.231755239320403569e-04
6.622031014773226273e-04
5.919787855480212200e-04
4.057311546427613331e-05
2.988936372411586541e-06
1.531432912673158707e-06
4.164552094853554338e-07
4.595118410600795313e-05
3.385127416472570191e-06
9.376866588465789651e-06
2.549928832729201680e-06
9.938150229281638210e-06
8.728973891485478664e-06
1.473795534521439704e-06
1.576497818445712748e-06
1.125547707227400066e-05
9.886021365486533376e-06
9.023956577870393108e-06
9.652796148131201316e-06
8.629996955231939251e-08
6.477101201139861034e-08
7.943364713876564747e-08
1.947278556303013815e-08
3.757805256033618765e-08
2.820358461743035539e-08
1.450807801832137260e-07
3.556587193950080529e-08
1.056921721446029077e-05
2.973936197484007007e-05
3.130630238800834517e-05
2.798637884103439890e-05
4.602210198530996165e-06
1.294956780632338529e-05
5.717907887534566991e-05
5.111543814256932545e-05
1.472993097523531212e-04
1.085123140069381649e-05
8.174446179313314041e-06
2.222944712668088256e-06
2.001994853304233908e-04
1.474827645338322134e-05
1.277639579248957403e-04
3.474390906841265815e-05
3.608011492923920781e-05
3.169024153923357046e-05
7.866790753000484107e-06
8.414992561570800594e-06
4.903770731607806133e-05
4.307128157503135906e-05
1.229554028154044903e-04
1.315236203151755627e-04
1.966955577691524115e-04
1.476265913063941608e-04
8.975725578697219800e-05
2.200356974183013289e-05
7.005181664258688446e-05
5.257623010430533314e-05
3.292910496946822906e-04
8.072415442951913478e-05
6.207975943585017050e-05
1.746782566496829481e-04
9.116331961231203390e-05
8.149576936475688509e-05
2.210929405085984139e-05
6.221050106597463003e-05
3.344494542038704333e-04
2.989822628210476855e-04
2.319182454441066194e-04
1.708493102641102040e-05
8.753758001039750784e-06
2.380481764456602254e-06
2.626595929841202422e-04
1.934958166385576021e-05
5.359870500640270103e-05
1.457553885440692834e-05
3.112411663560909277e-04
2.733724035558463168e-04
4.615605827564633575e-05
4.937246956935404323e-05
3.524969668447061784e-04
3.096086041594960938e-04
2.826106172321482383e-04
3.023044995727641087e-04
1.268696185853771972e-04
9.521988978562943786e-05
1.167754353520486336e-04
2.862694958054104330e-05
5.524350958919867802e-05
4.146210064401620972e-05
2.132833110068993085e-04
5.228540208099721862e-05
4.004175534427588103e-05
1.126683492380297166e-04
1.186047439009476419e-04
1.060271268710170624e-04
1.743559348561648790e-05
4.905977570462774788e-05
2.166244330758188095e-04
1.936521718580977078e-04
2.766250757780545281e-04
2.037838950874091163e-05
1.535144188793491696e-05
4.174644474750582988e-06
3.759705180788952073e-04
2.769696000865106244e-05
2.399380866217116809e-04
6.524834702235900532e-05
3.712390591073763701e-04
3.260703430403023005e-04
8.094375539174842097e-05
8.658436723607707485e-05
5.045635902354257208e-04
4.431732570093749844e-04
1.265124796383837631e-03
1.353285740690160326e-03
3.883210457664999760e-04
2.914479257651701608e-04
1.772009079800098070e-04
4.343997042765759272e-05
1.382979616063225988e-04
1.037972432530750544e-04
6.500942178321089454e-04
1.593675445557185999e-04
6.234549182242054492e-05
1.754259668606002577e-04
9.155354416711707012e-05
8.184461197441718436e-05
2.220393287560581497e-05
6.247679309204284750e-05
3.358810649649364845e-04
3.002620562829368405e-04
3.083263173185313570e-04
2.271375352520063837e-05
1.163778193470633621e-05
3.164758229665516916e-06
3.491957472259157522e-04
2.572451876154201354e-05
7.125740062417506855e-05
1.937761390573961278e-05
2.630437222004776049e-05
2.310391501873178992e-05
3.900853319974256412e-06
4.172686512456433098e-06
2.979108300767852673e-05
2.616639714369658402e-05
2.388467745461008305e-05
2.554909485032405919e-05
2.504690168086603835e-04
1.879853698715579116e-04
2.305408403222081919e-04
5.651600434854328007e-05
1.090630498156254161e-04
8.185546468037871080e-05
4.210689825132886920e-04
1.032230836562337390e-04
4.021315406274380698e-05
1.131506260639395406e-04
1.191124314619462700e-04
1.064809759471197333e-04
1.751022653687680890e-05
4.926977605580614382e-05
2.175516938789180460e-04
1.944810999058226117e-04
3.677623152472610148e-04
2.709227891096200469e-05
2.040914691197571207e-05
5.550028004692762579e-06
4.998382297935404861e-04
3.682203469603311609e-05
3.189883852857815531e-04
8.674514810165719644e-05
3.137506039997409521e-05
2.755765175175363445e-05
6.840915986920124459e-06
7.317629126249119192e-06
4.264290820402446669e-05
3.745453870009042633e-05
1.069213110158406468e-04
1.143721836669578043e-04
1.068092492907219901e-04
8.016391204568958009e-05
4.873981506106652675e-05
1.194833677229847366e-05
3.803940481374427934e-05
2.854984490584060435e-05
1.788110022155199694e-04
4.383467746823433738e-05
4.027392301819016164e-06
1.133216160177063528e-05
5.914173233778157151e-06
5.286995909022486009e-06
1.434329022345807771e-06
4.035874097487612442e-06
2.169723545079315575e-05
1.939631974428296973e-05
1.014981521695328083e-03
7.477156123719301073e-05
3.831049428402683255e-05
1.041808935312268855e-05
1.149519878715831323e-03
8.468271999790350152e-05
2.345727265404337484e-04
6.378930030988322526e-05
6.117764120140071864e-04
5.373414775078256969e-04
9.072446313955198551e-05
9.704664919181268533e-05
6.928689162388965150e-04
6.085674436930241238e-04
5.555001333259979241e-04
5.942104775199390275e-04
9.247857886401986268e-04
6.940826484031496942e-04
8.512066504178314322e-04
2.086693129481447786e-04
4.026843711863087360e-04
3.022280816344727621e-04
1.554677764247978673e-03
3.811219528913911171e-04
3.487034307172768660e-05
9.811717686889468880e-05
1.032868832597688187e-04
9.233367161638410096e-05
1.518377806555229486e-05
4.272368169511170664e-05
1.886472816719848204e-04
1.686418992178963792e-04
1.245664808387534272e-03
9.176551544090396132e-05
6.912876883637849288e-05
1.879875747019609617e-05
1.693025269111425113e-03
1.247216228863319782e-04
1.080460366276806295e-03
2.938185175823390194e-04
7.508199220952864201e-04
6.594675413405028672e-04
1.637063305339168950e-04
1.751142997161241836e-04
1.020464808912002275e-03
8.963046913828408464e-04
2.558677158986620830e-03
2.736980038794250333e-03
7.878772593725291347e-08
5.913282205666128335e-08
3.595287128000880954e-08
8.813677553893513659e-09
2.805972536258469152e-08
2.105976187389828585e-08
1.318997402441782572e-07
3.233460189870580828e-08
9.649187520968395323e-06
2.715060866159351737e-05
1.416970642230273026e-05
1.266705876298892657e-05
3.436494055255289565e-06
9.669508967400084517e-06
5.198418178848539717e-05
4.647144166827645148e-05
1.586728993344605550e-04
1.168909990543741247e-05
5.989111203551083926e-06
1.628668510559999614e-06
1.797053917728263942e-04
1.323851953792421163e-05
3.667094802158653251e-05
9.972233986860730570e-06
3.886600998855992313e-05
3.413717629833780106e-05
5.763703571016124025e-06
6.165350547642403922e-06
4.401779749999102867e-05
3.866214499414846614e-05
3.529079138474578310e-05
3.775005034693646832e-05
6.821672256840717677e-07
5.119893065753460619e-07
6.278916548373561888e-07
1.539246905043213363e-07
2.970396860470944933e-07
2.229382139139045169e-07
1.146806352668100981e-06
2.811341917715912028e-07
8.354549395836878317e-05
2.350779282684670971e-04
2.474639742892043937e-04
2.212212879096982947e-04
3.637865667198783988e-05
1.023612266617535664e-04
4.519780691222382760e-04
4.040473804130695237e-04
1.947358080131490093e-04
1.434577879763626997e-05
1.080695751028899606e-05
2.938825277034689207e-06
2.646720382137688222e-04
1.949783428571022153e-05
1.689092611723191418e-04
4.593289145310900349e-05
4.769941112259990402e-05
4.189581609479282935e-05
1.040022425313127122e-05
1.112496982271806139e-05
6.482988666656815547e-05
5.694202392242777092e-05
1.625521515144609150e-04
1.738796910722195709e-04
6.012368479898489956e-05
4.512483527498453793e-05
2.743598796314104628e-05
6.725803605401765827e-06
2.141265105924881806e-05
1.607091040876523519e-05
1.006539827513831337e-04
2.467485118439288164e-05
1.897584231718334595e-05
5.339368394057750097e-05
2.786577773165835285e-05
2.491070975526549582e-05
6.758120222532248842e-06
1.901580594752081153e-05
1.022307457972475422e-04
9.138953382687464732e-05
2.324015655516363651e-04
1.712053620566291484e-05
8.772000926473451829e-06
2.385442713950534337e-06
2.632069783891869828e-04
1.938990639929225144e-05
5.371040528171972976e-05
1.460591443349483362e-05
3.118897962804111643e-04
2.739421145728870941e-04
4.625224799545994616e-05
4.947536232475399735e-05
3.532315742991263413e-04
3.102538318067126193e-04
2.831995807854388765e-04
3.029345053877893269e-04
1.071680317924111664e-04
8.043319030670105561e-05
9.864137456958833817e-05
2.418146974015396135e-05
4.666474336403486384e-05
3.502344981834935032e-05
1.801625393820848549e-04
4.416600045758426444e-05
3.382366998188409031e-05
9.517207797873316049e-05
1.001866097402498874e-04
8.956217122797290227e-05
1.472801966160769989e-05
4.144128169585349766e-05
1.829848185068804324e-04
1.635799204077538244e-04
1.568207613123727960e-04
1.155265677954980694e-05
8.702843722093220975e-06
2.366636223767874468e-06
2.131404129228151175e-04
1.570160746410388490e-05
1.360226411362666285e-04
3.698976105344095133e-05
2.104581145232760722e-04
1.848516418590835523e-04
4.588760186802810250e-05
4.908530562357960064e-05
2.860407579778090370e-04
2.512381329205859784e-04
7.172084206973890295e-04
7.671874992941096500e-04
1.186976077206496473e-04
8.908652245511539190e-05
5.416477961331413724e-05
1.327824135578577422e-05
4.227336471787207359e-05
3.172757334802486253e-05
1.987134853775034008e-04
4.871367775016881871e-05
1.905706840297929585e-05
5.362223558430568741e-05
2.798505718260283404e-05
2.501734003886491543e-05
6.787048353565340227e-06
1.909720309762117288e-05
1.026683444656129485e-04
9.178072669153877717e-05
3.089688726662370840e-04
2.276108923082907306e-05
1.166203519690793344e-05
3.171353619713153703e-06
3.499234749032916901e-04
2.577812893417060416e-05
7.140590181029784957e-05
1.941799706066844132e-05
2.635919081349456179e-05
2.315206382509167032e-05
3.908982740074245654e-06
4.181382435841100563e-06
2.985316794375212648e-05
2.622092819560644495e-05
2.393445337824889915e-05
2.560233943764274753e-05
2.115736758387187311e-04
1.587931162679895216e-04
1.947401464636170547e-04
4.773963237486093634e-05
9.212664560942736074e-05
6.914412716820836455e-05
3.556811678630158037e-04
8.719356796629469956e-05
3.396845218833163701e-05
9.557946202219558154e-05
1.006154584850035280e-04
8.994554206772992970e-05
1.479106294414777928e-05
4.161867108633517738e-05
1.837680849526569760e-04
1.642801241946235718e-04
2.084871232185367580e-04
1.535880936518214195e-05
1.157009337447059317e-05
3.146351120023648518e-06
2.833619168789407042e-04
2.087467847179392795e-05
1.808368286556084610e-04
4.917645346212539136e-05
1.778674924645409311e-05
1.562263260312171179e-05
3.878164877588816597e-06
4.148417012999583839e-06
2.417457387158271668e-05
2.123324957808428519e-05
6.061446651884238224e-05
6.483842025226031031e-05
3.308216422358764824e-03
2.482927013073861662e-03
1.509624472398156175e-03
3.700773499718296340e-04
1.178199308929261295e-03
8.842779665665332365e-04
5.538335845968699739e-03
1.357697023733404722e-03
1.247409324626371895e-04
3.509924782802262993e-04
1.831804375237668005e-04
1.637547947141232082e-04
4.442565469095917618e-05
1.250036401954250967e-04
6.720312249618422490e-04
6.007646710136773987e-04
6.310427594975277560e-04
4.648759738625087663e-05
2.381871936971425351e-05
6.477221223796608246e-06
7.146890666053401812e-04
5.264964550288076515e-05
1.458405079253923648e-04
3.965961471567399412e-05
3.803587227755465187e-04
3.340804157622901012e-04
5.640596833515550850e-05
6.033665046798053076e-05
4.307762294461752860e-04
3.783636162823455725e-04
3.453701663945237107e-04
3.694374837782350490e-04
2.844631352742265436e-04
2.134990921459930624e-04
2.618302697970370388e-04
6.418646104416122090e-05
1.238652887627306805e-04
9.296503982405590648e-05
4.782172440272741557e-04
1.172327115890636659e-04
1.072608082879052824e-05
3.018074033925350049e-05
3.177093658411319146e-05
2.840174021056077167e-05
4.670514152456871881e-06
1.314175952392147013e-05
5.802770529624931296e-05
5.187407070848415078e-05
2.290979182509380718e-03
1.687716343367623851e-04
1.271389937728542650e-04
3.457395740111762961e-05
3.113747471133448703e-03
2.293832495848098464e-04
1.987141476582951483e-03
5.403798057747566082e-04
1.380879350328790937e-03
1.212867537542016826e-03
3.010824362805018936e-04
3.220635378859786329e-04
1.876799936836207527e-03
1.648449386477933605e-03
4.705821394752710343e-03
5.033749247470588849e-03
3.991381835024294476e-06
2.995665492346499304e-06
1.821370469028126964e-06
4.465004170368939082e-07
1.421504133742688150e-06
1.066886370858816877e-06
6.682033540025182127e-06
1.638069142445112757e-06
4.888273057228336056e-04
1.375448331990734418e-03
7.178365430504790590e-04
6.417124958022639479e-04
1.740925986268310611e-04
4.898567890742564499e-04
2.633515772043056556e-03
2.354240662687377261e-03
1.613552386839045528e-04
1.188670222295633732e-05
6.090356146555612227e-06
1.656200884717144625e-06
1.827432819587455990e-04
1.346231454030900319e-05
3.729086438583206645e-05
1.014081296749961358e-05
3.952303351548527594e-05
3.471425966700384145e-05
5.861138034947354042e-06
6.269574787865040224e-06
4.476191115018157674e-05
3.931572221676615363e-05
3.588737642731683840e-05
3.838820875907742011e-05
3.432063825068806810e-07
2.575878628817475263e-07
3.158997022275438016e-07
7.744132848584728273e-08
1.494441718553281887e-07
1.121628466439572287e-07
5.769718111866760717e-07
1.414419299610400457e-07
4.203272405449969283e-05
1.182704802144768439e-04
1.245020461535735793e-04
1.112990409072557791e-04
1.830253153005481523e-05
5.149914124988662714e-05
2.273955010376427991e-04
2.032810058470520167e-04
5.857946822938007178e-04
4.315426638151235523e-05
3.250895819260360490e-05
8.840429693142429565e-06
7.961734111428467190e-04
5.865242636856787985e-05
5.081045340065972957e-04
1.381730654990415271e-04
1.434870231071117138e-04
1.260289339135383887e-04
3.128544320793811277e-05
3.346558719384164481e-05
1.950180773143740144e-04
1.712901964622360143e-04
4.889813893198200747e-04
5.230563368300367773e-04
8.603427567056791251e-05
6.457159987144589454e-05
3.925965881178181241e-05
9.624320988107580617e-06
3.064053592570551126e-05
2.299674647366342829e-05
1.440313002825018300e-04
3.530859687036577601e-05
2.715357274684774739e-05
7.640394860310320655e-05
3.987466854627554113e-05
3.564609982570797941e-05
9.670564606678862959e-06
2.721075889571312898e-05
1.462875769396729470e-04
1.307742925762722696e-04
1.014406145612603116e-04
7.472917448720370006e-06
3.828877670429042923e-06
1.041218351216563722e-06
1.148868235084206461e-04
8.463471477744834319e-06
2.344397511772118394e-05
6.375313922029929138e-06
1.361363144648937938e-04
1.195725871748078259e-04
2.018857510861652907e-05
2.159542750046131634e-05
1.541815258184372464e-04
1.354222347588536924e-04
1.236133648677304950e-04
1.322274328290659975e-04
5.549253813044659244e-05
4.164900488882676392e-05
5.107736092555694400e-05
1.252137516349121462e-05
2.416340962099838792e-05
1.813544666257611550e-05
9.328972846776112328e-05
2.286953883047210714e-05
1.751419023741235598e-05
4.928092900333242115e-05
5.187749712470392189e-05
4.637607053884340699e-05
7.626296564267097408e-06
2.145865577839766624e-05
9.475112912361018872e-05
8.470310426327615943e-05
1.209953000301733161e-04
8.913470139345381572e-06
6.714692483687745228e-06
1.825981825114872913e-06
1.644488140111863999e-04
1.211459943298570375e-05
1.049484783612045284e-04
2.853950713700810021e-05
1.623792825479624692e-04
1.426225691077888803e-04
3.540464992787372144e-05
3.787184318769906872e-05
2.206951875679523270e-04
1.938431685789073107e-04
5.533632621103764474e-04
5.919246972126860967e-04
5.622387679724080581e-04
4.219789900567358582e-04
2.565640499592713444e-04
6.289547198193872108e-05
2.002376033808626356e-04
1.502850149425916538e-04
9.412525436998686081e-04
2.307436408164024880e-04
9.026822752210347659e-05
2.539941642446544518e-04
1.325577185094922175e-04
1.185004374688102078e-04
3.214842975991911674e-05
9.045833481829684689e-05
4.863124422689678425e-04
4.347407137312155425e-04
4.464167231535504316e-04
3.288658427675529046e-05
1.685000658150090445e-05
4.582161557752948055e-06
5.055903841471385673e-04
3.724578385037974576e-05
1.031715215351553455e-04
2.805628458046331746e-05
3.808533683796323479e-05
3.345148777561209909e-05
5.647932267833343210e-06
6.041511655047619471e-06
4.313364415708908735e-05
3.788556673076891583e-05
3.458193103850777780e-05
3.699179266244039731e-05
3.626468175264434030e-04
2.721785592248735300e-04
3.337933893699460966e-04
8.182788185720699646e-05
1.579092233814244643e-04
1.185161507866833798e-04
6.096535548115025521e-04
1.494537059320011894e-04
5.822345825190452980e-05
1.638275063560416659e-04
1.724594313016757129e-04
1.541707135930177612e-04
2.535254862527127801e-05
7.133627829316755917e-05
3.149867813508690521e-04
2.815835381498181826e-04
5.324723789388245265e-04
3.922612406030507248e-05
2.954981127151420182e-05
8.035724413059916921e-06
7.237012610272322609e-04
5.331355497580638175e-05
4.618540218096460351e-04
1.255957814493176554e-04
4.542703903550089633e-05
3.989992388523611543e-05
9.904763643950124433e-06
1.059498275788854033e-05
6.174142872958741240e-05
5.422933915968147149e-05
1.548082619546936535e-04
1.655961641437560738e-04
2.597011755334403620e-04
1.949144136099955076e-04
1.185083440872098808e-04
2.905176401895083086e-05
9.249084898848672115e-05
6.941747397889693263e-05
4.347697206192885767e-04
1.065817552620748198e-04
9.792396464372310290e-06
2.755356590237163328e-05
1.438000689378511980e-05
1.285505760719637529e-05
3.487496969396765033e-06
9.813019512660697084e-06
5.275570786065142734e-05
4.716115010697230752e-05
2.467875170731059081e-03
1.818031910037628217e-04
9.314998904025779969e-05
2.533104641952954144e-05
2.794998240171052677e-03
2.059016618585584983e-04
5.703514745695962684e-04
1.551003905274273475e-04
1.487502762342409824e-03
1.306518061856464397e-03
2.205918483974269803e-04
2.359639173953489272e-04
1.684674999896780545e-03
1.479700321535616300e-03
1.350669896022535120e-03
1.444792099476163499e-03
2.248568902237772175e-03
1.687626126994222660e-03
2.069665026234721473e-03
5.073686617053671608e-04
9.791062596215885372e-04
7.348519777163822634e-04
3.780118722227298212e-03
9.266783527153998629e-04
8.478543896823998100e-05
2.385668501752858902e-04
2.511367243742741078e-04
2.245045557321088947e-04
3.691857249113095245e-05
1.038804263958144103e-04
4.586861263115178102e-04
4.100440716690259991e-04
3.028769673105280013e-03
2.231231133229673411e-04
1.680830325950659928e-04
4.570820828718296231e-05
4.116503537996959138e-03
3.032541871898770773e-04
2.627083600930731934e-03
7.144045568744064774e-04
1.825579878867379614e-03
1.603461281205289775e-03
3.980434912167968363e-04
4.257813793373704022e-04
2.481207500519107961e-03
2.179318584617006248e-03
6.221291418224677433e-03
6.654825665441424683e-03
3.133309379498079792e-07
2.351653430559565866e-07
1.429809877889547907e-07
3.505111769500720413e-08
1.115907327173609550e-07
8.375257519430610476e-08
5.245521283221008073e-07
1.285914908779557318e-07
3.837385760830890600e-05
1.079752661552944409e-04
5.635151098674208534e-05
5.037563092547663599e-05
1.366659454607965165e-05
3.845467397653368929e-05
2.067359127906741735e-04
1.848122944606534976e-04
6.310263151303168328e-04
4.648638596418687544e-05
2.381809867680253294e-05
6.477052433642995341e-06
7.146704424958386223e-04
5.264827350377111222e-05
1.458367074620632337e-04
3.965858122426945700e-05
1.545662502529984424e-04
1.357601497095460444e-04
2.292167497522911376e-05
2.451898499292455338e-05
1.750543960126613651e-04
1.537554994773643292e-04
1.403479619957532967e-04
1.501281899198129456e-04
2.712911105372375850e-06
2.036130472623188265e-06
2.497062566544049406e-06
6.121431615853858522e-07
1.181297243070266969e-06
8.866030696980695248e-07
4.560734630346701448e-06
1.118042676694435876e-06
3.322521074450550805e-04
9.348815044403944400e-04
9.841395756818196831e-04
8.797750260035885634e-04
1.446742938800630164e-04
4.070804021576057588e-04
1.797471759035159950e-03
1.606856184449535980e-03
7.744449106929155021e-04
5.705173328474629835e-05
4.297819352952678265e-05
1.168741538824505132e-05
1.052574331802057315e-03
7.754094476082451081e-05
6.717353065080375026e-04
1.826705339003109087e-04
1.896958066615679519e-04
1.666154873362982181e-04
4.136065588080589455e-05
4.424289681861959153e-05
2.578220015208096275e-04
2.264527571031044455e-04
6.464537146350489037e-04
6.915022111118064021e-04
2.629798929367295799e-05
1.973752006231552279e-05
1.200045073964270981e-05
2.941854142798461576e-06
9.365854241767757339e-06
7.029386693152595417e-06
4.402586717050493823e-05
1.079273458437619286e-05
8.299998574008545990e-06
2.335429928011950289e-05
1.218843999493846939e-05
1.089589869004214609e-05
2.955989371770979801e-06
8.317478592511480678e-06
4.471554043050948799e-05
3.997361422820660485e-05
1.016520178885136093e-04
7.488491088724242213e-06
3.836857092504465136e-06
1.043388261412754833e-06
1.151262488791391351e-04
8.481109442954796020e-06
2.349283261296966375e-05
6.388600144527994399e-06
1.364200240023640865e-04
1.198217777271952297e-04
2.023064831537817982e-05
2.164043260267604563e-05
1.545028417696465734e-04
1.357044561465682716e-04
1.238709764441098043e-04
1.325029962153400926e-04
4.687510025580493382e-05
3.518132969749878828e-05
4.314555604862088586e-05
1.057693044692733338e-05
2.041107303190612304e-05
1.531919261818087956e-05
7.880276379652287767e-05
1.931812747440782020e-05
1.479441112151085422e-05
4.162809209231283566e-05
4.382143907392326254e-05
3.917432918401404665e-05
6.442008747017171872e-06
1.812634049289075797e-05
8.003722350164200485e-05
7.154955671671698572e-05
6.859311294387017031e-05
5.053110855028773756e-06
3.806607858339057578e-06
1.035162337151314515e-06
9.322722510826317310e-05
6.867854263506998060e-06
5.949605338159603301e-05
1.617925354061690242e-05
9.205399271524946205e-05
8.085376860684564276e-05
2.007115276903494888e-05
2.146982251805291202e-05
1.251137021292734162e-04
1.098910978559901113e-04
3.137056458181430017e-04
3.355664029929326768e-04
1.718588200503026134e-04
1.289857893981582765e-04
7.842361182658809523e-05
1.922518014953624561e-05
6.120637744500809262e-05
4.593743229841346732e-05
2.877114861946763265e-04
7.053111970173475014e-05
2.759217605347035837e-05
7.763807807876254891e-05
4.051875179962595826e-05
3.622188030945924352e-05
9.826770261564162160e-06
2.765028591260470945e-05
1.486505151637413996e-04
1.328866494907724176e-04
4.473470603860716971e-04
3.295512027062886336e-05
1.688512217569338879e-05
4.591710831517808628e-06
5.066440399229661879e-04
3.732340446285515033e-05
1.033865320910815929e-04
2.811475417803356046e-05
3.816470708785703878e-05
3.352120103442784684e-05
5.659702619173240758e-06
6.054102230046012548e-06
4.322353513350723879e-05
3.796452065761962951e-05
3.465400015319131994e-05
3.706888395455970088e-05
3.063313825913088588e-04
2.299119427760766500e-04
2.819586041399046745e-04
6.912082768245637464e-05
1.333874954488588078e-04
1.001117742532993903e-04
5.149804363952430273e-04
1.262450355522738883e-04
4.918193571146595416e-05
1.383867280866824965e-04
1.456782011542151348e-04
1.302295389551960539e-04
2.141555060531156229e-05
6.025846554374065411e-05
2.660724748319682966e-04
2.378564222477882963e-04
3.018624526649699787e-04
2.223757416484597183e-05
1.675200228034939314e-05
4.555510438119324715e-06
4.102714925528757944e-04
3.022384090111571595e-05
2.618283939431490718e-04
7.120115921922840309e-05
2.575291782813598631e-05
2.261955617143242701e-05
5.615082330820985724e-06
6.006372551404674073e-06
3.500166364402903255e-05
3.074300559545581417e-05
8.776192624221332869e-05
9.387766621804090827e-05
2.418313635977520544e-04
1.815025223945970875e-04
1.103538880386441853e-04
2.705273741326725019e-05
8.612663414116661538e-05
6.464091799101808530e-05
4.048535944144687586e-04
9.924795741384909501e-05
9.118590183524343779e-06
2.565762900558397910e-05
1.339053113073547109e-05
1.197051227777617902e-05
3.247525337226087641e-06
9.137794177803068913e-06
4.912563350281485755e-05
4.391603240062659258e-05
4.612936747015092514e-05
3.398253811425270242e-06
1.741153736315478318e-06
4.734863264351343248e-07
5.224393130916838216e-05
3.848700912929309511e-06
1.066097388944090661e-05
2.899126744439095463e-06
2.780430807471959110e-05
2.442135343657303700e-05
4.123288955749883178e-06
4.410622702606940762e-06
3.148983913760682924e-05
2.765846534190663519e-05
2.524663674380146238e-05
2.700596305078260072e-05
2.079431908738579767e-05
1.560683159408742085e-05
1.913985153699175856e-05
4.692044720507152237e-06
9.054580432365680903e-06
6.795765293838046354e-06
3.495778796014121782e-05
8.569737551097478918e-06
7.840789179798164851e-07
2.206218898287012764e-06
2.322462600991400463e-06
2.076173589263489859e-06
3.414156336803156711e-07
9.606655732268236911e-07
4.241838291895961672e-06
3.792006221241862511e-06
1.674710928631694751e-04
1.233724438112177302e-05
9.293889003976757836e-06
2.527364052355864987e-06
2.276156395796991201e-04
1.676796707091683650e-05
1.452604883090055914e-04
3.950188518743347091e-05
1.009425906954085312e-04
8.866088944026928782e-05
2.200919372413144153e-05
2.354291696446821235e-05
1.371944969675428707e-04
1.205020204420606208e-04
3.439966010231931869e-04
3.679682007191718450e-04
9.291282985469949010e-08
6.973418472509800173e-08
4.239852048386007409e-08
1.039379818642402111e-08
3.309028731784627061e-08
2.483536678452105671e-08
1.555467933285255667e-07
3.813156591201199841e-08
1.137909880894178284e-05
3.201818370840169871e-05
1.671005865754982662e-05
1.493801555514354472e-05
4.052590472111218092e-06
1.140306349471292313e-05
6.130393256299789917e-05
5.480286556647012350e-05
3.756085600843246908e-06
2.767029532187812528e-07
1.417735129808748329e-07
3.855364316603654746e-08
4.253964207265314990e-06
3.133806265685337142e-07
8.680702275617783960e-07
2.360615117225152256e-07
9.200314678346268674e-07
8.080910910776225415e-07
1.364376908812224869e-07
1.459454293284051246e-07
1.041983956075874426e-06
9.152056004480933740e-07
8.353993272864979592e-07
8.936146067411100464e-07
7.989282293938840938e-09
5.996223429829232675e-09
7.353627514827671150e-09
1.802707251455842453e-09
3.478815479523287039e-09
2.610967308314494951e-09
1.343095848493762302e-08
3.292536398665662935e-09
9.784529518412997396e-07
2.753143011418852087e-06
2.898203657019578402e-06
2.590859325976801982e-06
4.260529481394267915e-07
1.198815634882681628e-06
5.293394711635262836e-06
4.732048771486267811e-06
1.363634046939544532e-05
1.004560619739712244e-06
7.567552858005460890e-07
2.057907195732818838e-07
1.853361260384168814e-05
1.365332392889157648e-06
1.182784110061697465e-05
3.216442589521519075e-06
3.340142816535932458e-06
2.933747102501027550e-06
7.282738614984764798e-07
7.790240416600215635e-07
4.539701332781852161e-06
3.987355141023964198e-06
1.138268562263737284e-05
1.217589457411953983e-05
8.318749282582772893e-05
6.243499418332078407e-05
3.796059838121941407e-05
9.305862424149562495e-06
2.962667312106073887e-05
2.223580854705448748e-05
1.392654574651592755e-04
3.414027288484996559e-05
2.625508985190108817e-05
7.387582305711069971e-05
3.855525809651602138e-05
3.446660822570563195e-05
9.350575890476270840e-06
2.631038377181146965e-05
1.414470763230921092e-04
1.264471100697945509e-04
9.808405231857165324e-05
7.225646543870357554e-06
3.702184173194022186e-06
1.006765541371080561e-06
1.110853404866678158e-04
8.183424191683539973e-06
2.266823887007499613e-05
6.164361552621224216e-06
1.316317083466441991e-04
1.156160572079159207e-04
1.952055659121743051e-05
2.088085773098308849e-05
1.490798228139689912e-04
1.309412567799832954e-04
1.195231298568202166e-04
1.278521674543312665e-04
5.365634895666026221e-05
4.027088353319393962e-05
4.938726527816346320e-05
1.210705615249061743e-05
2.336386804941728535e-05
1.753536398577868244e-05
9.020287039262138179e-05
2.211281006972798274e-05
1.693466427617458476e-05
4.765027538108615901e-05
5.016092581993513458e-05
4.484153559928089571e-05
7.373950507316639733e-06
2.074861164000056809e-05
9.161591485224588932e-05
8.190036846718200313e-05
1.169916940053024231e-04
8.618532875307105006e-06
6.492510437970734219e-06
1.765562025052295896e-06
1.590073773405564425e-04
1.171374019905923301e-05
1.014758446294548915e-04
2.759516514445072260e-05
1.570063244763587667e-04
1.379033397094559703e-04
3.423314764865848609e-05
3.661870410278068530e-05
2.133926181095789751e-04
1.874291039217756689e-04
5.350530592382415516e-04
5.723385373912747440e-04
1.791033859321054453e-03
1.344230782660662052e-03
8.172949407575260099e-04
2.003560165797019438e-04
6.378648147258762042e-04
4.787388661963658102e-04
2.998397250367600218e-03
7.350430049773334354e-04
2.875530132794367573e-04
8.091084680493861470e-04
4.222678614301834119e-04
3.774878360245198755e-04
1.024100960374284746e-04
2.881586075994694912e-04
1.549167542206164030e-03
1.384883758773853158e-03
1.422078149143924221e-03
1.047615164807964941e-04
5.367636320434554525e-05
1.459665709003116523e-05
1.610578189441221920e-03
1.186479193413734324e-04
3.286569673121560262e-04
8.937440552449243307e-05
1.213223486285583695e-04
1.065610389458697752e-04
1.799171189016601907e-05
1.924547461338363470e-05
1.374039315002262090e-04
1.206859730414469643e-04
1.101621107239490998e-04
1.178388203544624536e-04
1.155225797586336561e-03
8.670355783379431235e-04
1.063312059634508987e-03
2.606659579368832309e-04
5.030260840872906834e-04
3.775378914208324952e-04
1.942075540362651247e-03
4.760906984243434554e-04
1.854731318368363065e-04
5.218790088594629090e-04
5.493763475871035968e-04
4.911169131160561746e-04
8.076154757469991943e-05
2.272445393293882052e-04
1.003402865071819543e-03
8.969955111286386949e-04
1.696211848343171739e-03
1.249563714990611560e-04
9.413209394060528042e-05
2.559811832233778567e-05
2.305379024657950790e-03
1.698324405248585311e-04
1.471254275310441726e-03
4.000903352410845938e-04
1.447096317009470307e-04
1.271027875230008625e-04
3.155201680393096005e-05
3.375073712318677621e-05
1.966797661006819214e-04
1.727497073064893746e-04
4.931478486682843972e-04
5.275131382788412473e-04
2.652117885628431219e-04
1.990503128990587817e-04
1.210229789311936290e-04
2.966821494182834810e-05
9.445341722287983277e-05
7.089044704415392681e-05
4.439951224000594689e-04
1.088433191846770219e-04
1.000018184476116348e-05
2.813822647988436701e-05
1.468513702340053770e-05
1.312782975695053853e-05
3.561498352717750381e-06
1.002124249460591746e-05
5.387513402618618780e-05
4.816186505455497441e-05
2.520241144981410879e-03
1.856608825643593034e-04
9.512654360239867395e-05
2.586854723815749921e-05
2.854305456196577599e-03
2.102707001514458581e-04
5.824537927845463729e-04
1.583914739472474912e-04
1.519066162417898698e-03
1.334241137965102566e-03
2.252725985382841151e-04
2.409708482842709163e-04
1.720422208147460953e-03
1.511098161205447644e-03
1.379329832244061962e-03
1.475449219729076502e-03
2.296281405135495741e-03
1.723435955367438530e-03
2.113581358290753630e-03
5.181345442708245458e-04
9.998819673185520718e-04
7.504448408398103898e-04
3.860329262054881284e-03
9.463415898726820156e-04
8.658450569838599474e-05
2.436290128330372397e-04
2.564656078599024868e-04
2.292683298175995021e-04
3.770194964057470370e-05
1.060846706778083705e-04
4.684190115742304272e-04
4.187448185922056586e-04
3.093037297575562585e-03
2.278575745086470193e-04
1.716495953860789898e-04
4.667809318516477385e-05
4.203851845086727795e-03
3.096889538855492909e-04
2.682827827312776921e-03
7.295635450895750608e-04
1.864316955224613361e-03
1.637485211247974998e-03
4.064895971863319107e-04
4.348160570273506480e-04
2.533856374182954282e-03
2.225561661349109190e-03
6.353301331073786876e-03
6.796034764495592975e-03
1.018957070729143536e-07
7.647613435979840600e-08
4.649763902686523605e-08
1.139867784712923237e-08
3.628947938374835490e-08
2.723646737357388554e-08
1.705851658368462162e-07
4.181815230983814695e-08
1.247923802130362537e-05
3.511372404930620926e-05
1.832559878763388164e-05
1.638223332168325626e-05
4.444397746559883950e-06
1.250551962961594701e-05
6.723083953664531329e-05
6.010124484691819818e-05
2.052107365539474675e-04
1.511744482711757873e-05
7.745682637295177246e-06
2.106347498886673866e-06
2.324119365253720856e-04
1.712130021355979953e-05
4.742632349446807986e-05
1.289703213412928627e-05
5.026518435170042337e-05
4.414941128218513469e-05
7.454164258974761572e-06
7.973611954541287236e-06
5.692796113478401041e-05
5.000152694179477522e-05
4.564137495445990859e-05
4.882192024684963507e-05
8.822428998446410040e-07
6.621527882250868680e-07
8.120486201846767860e-07
1.990699057288236443e-07
3.841596959225615241e-07
2.883246936003899306e-07
1.483157976584956577e-06
3.635892128140969071e-07
1.080489007440529192e-04
3.040249154700565477e-04
3.200437166488824883e-04
2.861042031990068527e-04
4.704830479441860034e-05
1.323831782612547119e-04
5.845406043492010380e-04
5.225521238033592952e-04
2.518506863076365584e-04
1.855331216515802826e-05
1.397657520531597452e-05
3.800765614249231065e-06
3.422988054979482844e-04
2.521643552087305187e-05
2.184493636994178675e-04
5.940474099030909209e-05
6.168937059015742314e-05
5.418361494245391152e-05
1.345054945276205483e-05
1.438785867678790364e-05
8.384411483849451370e-05
7.364278789261482269e-05
2.102277508044931263e-04
2.248775917397862487e-04
2.819085987302680877e-05
2.115818270759053547e-05
1.286421640211942021e-05
3.153602238573722984e-06
1.003998752803477926e-05
7.535346259634404671e-06
4.719475083560092379e-05
1.156957153329287786e-05
8.897413948012047267e-06
2.503528962181831533e-05
1.306573670447015946e-05
1.168016116105026424e-05
3.168754889781672704e-06
8.916152139236148121e-06
4.793406523769629313e-05
4.285082577004935647e-05
1.089687032762977028e-04
8.027495965002365218e-06
4.113025503194867682e-06
1.118489019908634735e-06
1.234127793427864761e-04
9.091560773114536876e-06
2.518379427479807905e-05
6.848437325302199462e-06
1.462392328774300069e-04
1.284462818781742543e-04
2.168680523177966043e-05
2.319806264581971168e-05
1.656236115116393364e-04
1.454721600443280565e-04
1.327869328820151793e-04
1.420402661720433790e-04
5.024906535966261435e-05
3.771360329390507676e-05
4.625107688378016663e-05
1.133823429564696263e-05
2.188021651674408239e-05
1.642183391453982938e-05
8.447481086812528097e-05
2.070860317717615004e-05
1.585927981690996705e-05
4.462438925846649558e-05
4.697560846085555605e-05
4.199400997216401601e-05
6.905690159804981355e-06
1.943103402847593696e-05
8.579812422783844583e-05
7.669953412991288490e-05
7.353029213228007266e-05
5.416822497195986629e-06
4.080598996662348963e-06
1.109671011976895934e-06
9.993751271358540284e-05
7.362187086199641809e-06
6.377844652489175347e-05
1.734380010274925868e-05
9.867983367126020758e-05
8.667344242740664269e-05
2.151582955196159759e-05
2.301517242806100483e-05
1.341191071885689825e-04
1.178008138324333867e-04
3.362854780979145802e-04
3.597197237868437624e-04
6.069516322805928966e-04
4.555374893956460236e-04
2.769676830875195247e-04
6.789732682462307353e-05
2.161617930657048830e-04
1.622366516198607545e-04
1.016107035534290822e-03
2.490938679610142409e-04
9.744694097705015987e-05
2.741934234346564739e-04
1.430995658852825009e-04
1.279243589107828657e-04
3.470508088300036442e-05
9.765216683536145014e-05
5.249871539416809969e-04
4.693141079004010973e-04
1.579889984219480558e-03
1.163871835871261283e-04
5.963297352323636410e-05
1.621648736640040242e-05
1.789308380718961002e-03
1.318145979029070709e-04
3.651289144784360553e-04
9.929252356399525625e-05
1.347858157975567641e-04
1.183864038976686347e-04
1.998830052437507160e-05
2.138119666738357827e-05
1.526520151513956561e-04
1.340788199008233000e-04
1.223870962914501339e-04
1.309157110263790261e-04
1.081866689345039505e-03
8.119771153316274626e-04
9.957896543696847028e-04
2.441131573821638456e-04
4.710829392684548977e-04
3.535634934288571160e-04
1.818749927243634669e-03
4.458580035249066977e-04
1.736952234983116781e-04
4.887386662703589344e-04
5.144898699547177743e-04
4.599300240561970260e-04
7.563303060196125815e-05
2.128140645315274460e-04
9.396848113872280058e-04
8.400345335168780568e-04
1.066083825756513302e-03
7.853616086368703046e-05
5.916283566389105231e-05
1.608863889254274107e-05
1.448950667823025243e-03
1.067411586053702111e-04
9.246960443152456169e-04
2.514602380938724254e-04
9.095125584593233433e-05
7.988520190988762496e-05
1.983071561345630123e-05
2.121263036190615617e-05
1.236149350674091082e-04
1.085746860237473928e-04
3.099476906056333140e-04
3.315465725242087601e-04
1.185790333104745409e-04
8.899752839653650189e-05
5.411067105191812301e-05
1.326497689606195209e-05
4.223113522914189941e-05
3.169587870507230802e-05
1.985149781390262136e-04
4.866501463287769603e-05
4.471188488666117110e-06
1.258090265571004496e-05
6.565882164223910821e-06
5.869593393563697626e-06
1.592384087037095568e-06
4.480604930948017720e-06
2.408814987793665772e-05
2.153368608366142579e-05
2.261896769904742582e-05
1.666291939587731724e-06
8.537533090233523983e-07
2.321681937327004170e-07
2.561716883540579215e-05
1.887163132882159613e-06
5.227477359226467874e-06
1.421551124245187472e-06
1.363350032153363986e-05
1.197471014330080506e-05
2.021804000765771958e-06
2.162694567782792217e-06
1.544065512631660682e-05
1.356198813215077744e-05
1.237937765756580463e-05
1.324204166299446173e-05
1.019623848225564845e-05
7.652617823982949728e-06
9.384990677791392086e-06
2.300686391251964483e-06
4.439802094850535863e-06
3.332219887278836764e-06
1.714112115697727037e-05
4.202065354202296317e-06
3.844634490331003607e-07
1.081792288387055030e-06
1.138790957583843213e-06
1.018026171365852163e-06
1.674089547219972579e-07
4.710505424654875188e-07
2.079933208948970352e-06
1.859363588463615424e-06
8.211738958803911593e-05
6.049415967656986762e-06
4.557144108154288191e-06
1.239261862867765216e-06
1.116085279682763227e-04
8.221966316819255780e-06
7.122669295509644679e-05
1.936926331548318762e-05
4.949595720936384152e-05
4.347377613005246776e-05
1.079193731087545767e-05
1.154397962870917763e-05
6.727163335599404799e-05
5.908668289918791886e-05
1.686745002987627905e-04
1.804286792297591898e-04
3.760447831837908073e-07
2.822341803221004536e-07
1.715989327588029167e-07
4.206667250994516463e-08
1.339258522142565043e-07
1.005158290020887568e-07
6.295423383792327659e-07
1.543293478227399826e-07
4.605446579473665387e-05
1.295867424272161158e-04
6.763038425041494864e-05
6.045841924537964673e-05
1.640199214469064031e-05
4.615145772877815832e-05
2.481145398866598092e-04
2.218028633077020746e-04
1.520195216955192150e-05
1.119895952068112245e-06
5.737979354785614819e-07
1.560376151279623695e-07
1.721700921707295108e-05
1.268340981070702157e-06
3.513328364040373266e-06
9.554084202639446144e-07
3.723630357456364964e-06
3.270575652600979040e-06
5.522023381029473179e-07
5.906828735524673255e-07
4.217206939626131746e-06
3.704098692584240289e-06
3.381099891076520787e-06
3.616713768887886618e-06
3.233490932002188413e-08
2.426843034614181458e-08
2.976223271589292070e-08
7.296071582123616259e-09
1.407976072604338868e-08
1.056733108754225557e-08
5.435892846356357012e-08
1.332583603467055276e-08
3.960078804037107856e-06
1.114275680142364920e-05
1.172985870229925635e-05
1.048594833480222749e-05
1.724358075827156706e-06
4.851949576843017512e-06
2.142388160769624400e-05
1.915195411733197262e-05
5.519016806670641758e-05
4.065743999356701599e-06
3.062804973404438608e-06
8.328938709992042146e-07
7.501082836593320885e-05
5.525890498230698686e-06
4.787065412999980097e-05
1.301786263631440667e-05
1.351851281692095536e-05
1.187371318687989666e-05
2.947532507339348099e-06
3.152932994282124611e-06
1.837346904700666402e-05
1.613796611111710644e-05
4.606898265511630779e-05
4.927932603445389057e-05
2.631112700421668052e-04
1.974738035325009110e-04
1.200644581578526608e-04
2.943323807560978817e-05
9.370533150130257573e-05
7.032898370286664929e-05
4.404786121320013442e-04
1.079812632065539862e-04
8.304145011881076119e-05
2.336596640875308634e-04
1.219452898504508906e-04
1.090134196410789605e-04
2.957466098082752435e-05
8.321633762892829847e-05
4.473787901390543489e-04
3.999358388319628464e-04
3.102271591530555311e-04
2.285378455886414019e-05
1.170952924111517187e-05
3.184269067700429618e-06
3.513485504330425948e-04
2.588311126139801959e-05
7.169670483052330452e-05
1.949707752949261168e-05
4.163340519640313059e-04
3.656786208587106657e-04
6.174099329329203398e-05
6.604344968866529705e-05
4.715201791256086179e-04
4.141502430471413971e-04
3.780361858228642002e-04
4.043798534352350377e-04
1.697080851970261329e-04
1.273715909953367456e-04
1.562055262135819580e-04
3.829305118526920616e-05
7.389688986601114441e-05
5.546208609279593610e-05
2.853000010487506005e-04
6.993995544292872196e-05
5.356215068016351638e-05
1.507116520463762713e-04
1.586525143462000559e-04
1.418279717465500847e-04
2.332285079525542559e-05
6.562517242396426252e-05
2.897692777364886435e-04
2.590402623317344466e-04
3.700295819537267623e-04
2.725930369689149530e-05
2.053496997046331095e-05
5.584244108935342227e-06
5.029197488346300472e-04
3.704904374472944780e-05
3.209549591181804699e-04
8.727993477795403310e-05
4.965906776890081963e-04
4.361704100156032224e-04
1.082750140605638324e-04
1.158202202818349268e-04
6.749332244690805409e-04
5.928139904273281276e-04
1.692303556387650832e-03
1.810232696667356559e-03
4.056381306012887301e-04
3.044449768146090859e-04
1.851031403976074595e-04
4.537716559469161443e-05
1.444653263673228224e-04
1.084260566708044915e-04
6.790850151209422121e-04
1.664745023656819369e-04
6.512577422721373664e-05
1.832490462004116808e-04
9.563635273119600792e-05
8.549445301260699193e-05
2.319411199019346070e-05
6.526293084577926762e-05
3.508596013069881659e-04
3.136521713900286730e-04
3.220760562317644951e-04
2.372666797060748932e-05
1.215676605686299604e-05
3.305889871491770150e-06
3.647680486620186570e-04
2.687169756780121514e-05
7.443510748597975354e-05
2.024175399693429374e-05
2.747740945361128675e-05
2.413422862330451540e-05
4.074810947577784405e-06
4.358766476735878966e-06
3.111960928094782220e-05
2.733328141149039069e-05
2.494980897463013758e-05
2.668845066891434637e-05
2.616386231430279188e-04
1.963685328065958684e-04
2.408217543578171826e-04
5.903632214356568377e-05
1.139266906267228497e-04
8.550578969241406945e-05
4.398464538117806649e-04
1.078262925630678684e-04
4.200645012014499126e-05
1.181965513672951956e-04
1.244242220614823072e-04
1.112294697871269399e-04
1.829109093174094240e-05
5.146695002062514750e-05
2.272533600129719223e-04
2.031539383794223139e-04
3.841625883759151134e-04
2.830045265632989617e-05
2.131928797266102721e-05
5.797530185788840609e-06
5.221283969718865277e-04
3.846410459044766775e-05
3.332135965884616387e-04
9.061352738488044427e-05
3.277422376896048899e-05
2.878657868846063388e-05
7.145985011081109130e-06
7.643957059669899065e-06
4.454455857044638533e-05
3.912481496038705704e-05
1.116894414936863165e-04
1.194725840415790125e-04
1.300433369868168843e-04
9.760187153796158076e-05
5.934212848373594779e-05
1.454744411771610166e-05
4.631407084893156371e-05
3.476025837337378164e-05
2.177075447349223253e-04
5.336998220251693427e-05
4.903466111422776307e-06
1.379723310250937663e-05
7.200676233059465963e-06
6.437069778231804983e-06
1.746336891622456353e-06
4.913792941914603291e-06
2.641700901510691320e-05
2.361557787888080850e-05
1.235769232886867837e-03
9.103652913552818626e-05
4.664413008604478307e-05
1.268432381562097884e-05
1.399573557098982707e-03
1.031036503559080623e-04
2.855990499697657259e-04
7.766531018088512317e-05
7.448554000372890980e-04
6.542287236412045468e-04
1.104596466256565373e-04
1.181570902154871673e-04
8.435878592957421181e-04
7.409483886921408189e-04
6.763374100468424544e-04
7.234683689133949557e-04
1.125953330365773433e-03
8.450656131597179734e-04
1.036368610591116048e-03
2.540608979346165985e-04
4.902798187352715685e-04
3.679713931879959737e-04
1.892864950784491681e-03
4.640269534900117506e-04
4.245564691293551195e-05
1.194604884922184618e-04
1.257547549043103977e-04
1.124189042894298431e-04
1.848668706899314577e-05
5.201731285342465821e-05
2.296834982459510107e-04
2.053263689776231463e-04
1.516632777830319648e-03
1.117271577835818368e-04
8.416626688203706610e-05
2.288802860111954510e-05
2.061307022194174519e-03
1.518521676938595401e-04
1.315491611875222377e-03
3.577325067693940637e-04
9.141448778437802868e-04
8.029207234383224211e-04
1.993171719665541857e-04
2.132067029814104875e-04
1.242445292985114476e-03
1.091276774234275397e-03
3.115263127829808430e-03
3.332352018899822476e-03
4.124010551988915176e-07
3.095207777982692549e-07
1.881892373072663678e-07
4.613370775929267937e-08
1.468738970501183761e-07
1.102337694826969207e-07
6.904069309029151323e-07
1.692500168501157388e-07
5.050704368125197768e-05
1.421152791013494847e-04
7.416893698734293764e-05
6.630358140154160780e-05
1.798774818936490005e-05
5.061341286315057997e-05
2.721024267193092793e-04
2.432469188903101640e-04
8.305465139216404186e-04
6.118462080206260438e-05
3.134899187235113094e-05
8.524990464365845219e-06
9.406375461460339147e-04
6.929479638819801364e-05
1.919478888283964466e-04
5.219797588963140877e-05
2.034375702557767059e-04
1.786852883424643946e-04
3.016913365964761845e-05
3.227148697683865185e-05
2.304037325685043215e-04
2.023704733467942174e-04
1.847236918281406736e-04
1.975962678410907473e-04
3.570689220276035580e-06
2.679921621933583550e-06
3.286592904226325612e-06
8.056928161081816265e-07
1.554804108184676686e-06
1.166932457670780320e-06
6.002764317956999412e-06
1.471549482611380062e-06
4.373047889843084007e-04
1.230475743761076787e-03
1.295308411387023195e-03
1.157945498250260996e-03
1.904179390860214730e-04
5.357925664764014812e-04
2.365802926984031385e-03
2.114917825720756539e-03
1.019311723422379901e-03
7.509055812204552902e-05
5.656719530504273670e-05
1.538278495637132186e-05
1.385381117966626250e-03
1.020581231132863614e-04
8.841270224730938751e-04
2.404279686747711809e-04
2.496745177667938713e-04
2.192965790086578146e-04
5.443821871077076302e-05
5.823177708668261164e-05
3.393411010619841960e-04
2.980534146838014040e-04
8.508518047951052488e-04
9.101438989741816388e-04
8.916404008355855837e-05
6.692059268613935984e-05
4.068785103002935067e-05
9.974435603393201413e-06
3.175518073659964688e-05
2.383332466493495142e-05
1.492708868829287086e-04
3.659305691952857275e-05
2.814136842486388324e-05
7.918337991098787251e-05
4.132523365678790966e-05
3.694283759477572332e-05
1.002236147744468878e-05
2.820063489778894904e-05
1.516092426223311391e-04
1.355316142814779390e-04
3.446539009644618854e-04
2.538993046746058124e-05
1.300896717884291937e-05
3.537635966172672368e-06
3.903386435783129859e-04
2.875542969768434380e-05
7.965308090239154790e-05
2.166072063545824777e-05
4.625357609098005294e-04
4.062589604415610791e-04
6.859255729268791868e-05
7.337246884022365794e-05
5.238460409551868452e-04
4.601096088468351942e-04
4.199878776096932801e-04
4.492549728346967026e-04
1.589312882994816051e-04
1.192832446735910695e-04
1.462861683449012803e-04
3.586136718664404023e-05
6.920429214727747650e-05
5.194013463926161386e-05
2.671828903489149604e-04
6.549863083569680588e-05
5.016084885882921652e-05
1.411411659831366956e-04
1.485777679226057372e-04
1.328216168393647235e-04
2.184180393882310207e-05
6.145784501726860580e-05
2.713683591845594497e-04
2.425906966425406578e-04
2.325667945060255813e-04
1.713270827640232566e-05
1.290640633673814846e-05
3.509745748697078443e-06
3.160894144265251901e-04
2.328564461719913559e-05
2.017229693604931243e-04
5.485619433135517777e-05
3.121115384395130895e-04
2.741368773278049335e-04
6.805178335257843132e-05
7.279401075910880840e-05
4.242013724730232089e-04
3.725887232152437457e-04
1.063627430439981767e-03
1.137746915668415033e-03
1.374640262675051359e-04
1.031713469042410834e-04
6.272838038203294622e-05
1.537756786820622951e-05
4.895690005538712406e-05
3.674379003814025861e-05
2.301306344600281015e-04
5.641544430782179749e-05
2.207004338026814506e-05
6.210005864845247333e-05
3.240957176407948320e-05
2.897265036999865299e-05
7.860099382533936550e-06
2.211652348062091112e-05
1.189004923644053536e-04
1.062915122473990283e-04
3.578177020044883056e-04
2.635968009791151283e-05
1.350583506630715985e-05
3.672753357504740061e-06
4.052473396003797908e-04
2.985372208405085099e-05
8.269537146196460193e-05
2.248803585234932032e-05
3.052665144611867328e-05
2.681246885185276834e-05
4.527003672436351356e-06
4.842470510001276241e-06
3.457303597934487896e-05
3.036652912771512706e-05
2.771855634722793506e-05
2.965013978418573780e-05
2.450240564363673971e-04
1.838987450963130380e-04
2.255290997255318436e-04
5.528739967719888994e-05
1.066921218984964384e-04
8.007600402245319815e-05
4.119153396675627422e-04
1.009791110995664193e-04
3.933895799208241278e-05
1.106908380914856549e-04
1.165230394588099129e-04
1.041661798824309638e-04
1.712957071438039544e-05
4.819869755837843196e-05
2.128223250843702739e-04
1.902532640814974020e-04
2.414495113498709193e-04
1.778707940754651823e-05
1.339935698863306673e-05
3.643797893784189069e-06
3.281622160130602561e-04
2.417502260471589788e-05
2.094276290972146013e-04
5.695138613382790557e-05
2.059888326799642395e-05
1.809261382569127700e-05
4.491313421052554129e-06
4.804293163057010162e-06
2.799664055159276297e-05
2.459028479003196019e-05
7.019778054286263591e-05
7.508955298978342563e-05
2.105942812834378497e-04
1.580580479147435265e-04
9.609960177451220891e-05
2.355836607601026499e-05
7.500175472065684270e-05
5.629132409997560359e-05
3.525591158744309376e-04
8.642821158294573705e-05
7.940752255822665058e-06
2.234346223534370643e-05
1.166089144736125492e-05
1.042429481531599137e-05
2.828046181306978278e-06
7.957475691992120859e-06
4.278013127084330335e-05
3.824344842058400332e-05
4.017088951536779314e-05
2.959305229846789847e-06
1.516250887594710332e-06
4.123266359238659391e-07
4.549564209453055080e-05
3.351568591332183781e-06
9.283908011876976945e-06
2.524649838679649165e-06
2.421285720953231105e-05
2.126687497614441097e-05
3.590688408822068844e-06
3.840907582247768695e-06
2.742233241485566428e-05
2.408585281671812725e-05
2.198555737678653066e-05
2.351763350475317104e-05
1.810834053051335382e-05
1.359091489942309266e-05
1.666757867275223812e-05
4.085978638025336602e-06
7.885010571452841829e-06
5.917964016475725722e-06
3.044233023045811234e-05
7.462794293973200503e-06
6.828003355102861024e-07
1.921244111295290880e-06
2.022472747070902206e-06
1.807996606998681557e-06
2.973153644100112043e-07
8.365774932483793381e-07
3.693924861988825611e-06
3.302197088517671320e-06
1.458390421845137599e-04
1.074365654978518597e-05
8.093407926922530307e-06
2.200907310901123639e-06
1.982147861759083602e-04
1.460206782672629295e-05
1.264973561708875613e-04
3.439947158477569259e-05
8.790395101003931565e-05
7.720866314379669435e-05
1.916629119153879650e-05
2.050190514450676984e-05
1.194732397613253627e-04
1.049369114520999375e-04
2.995629511353352218e-04
3.204381665502635274e-04
1.553446412917868498e-07
1.165913461987578554e-07
7.088776615853536237e-08
1.737780297354270941e-08
5.532496235096636318e-08
4.152323366455126488e-08
2.600648462811332696e-07
6.375367575994696403e-08
1.902516612036493599e-05
5.353246985130568437e-05
2.793820909535563279e-05
2.497546002692904314e-05
6.775686567475567773e-06
1.906523362794822641e-05
1.024964736158352736e-04
9.162708214246386026e-05
6.279948326153875365e-06
4.626306300149303484e-07
2.370367531925574666e-07
6.445936344297635573e-08
7.112371293385016099e-06
5.239534851991376766e-07
1.451361005014568213e-06
3.946805938284126401e-07
1.538237061247977175e-06
1.351079510449250891e-06
2.281155808274112581e-07
2.440119454186465509e-07
1.742134257901053195e-06
1.530168502371284679e-06
1.396737232475511872e-06
1.494069664591940382e-06
1.335759758982283827e-08
1.002532351311347060e-08
1.229482118100118615e-08
3.014017674087089544e-09
5.816369425320292262e-09
4.365379685119798312e-09
2.245575160406101305e-08
5.504922049955178684e-09
1.635914254924490843e-06
4.603088875913935430e-06
4.845621516364559112e-06
4.331760352803309886e-06
7.123348035306870848e-07
2.004347355118432953e-06
8.850236334215255920e-06
7.911699817251814071e-06
2.279913788078179038e-05
1.679564699227892453e-06
1.265249143764007670e-06
3.440696571537394013e-07
3.098708118445175962e-05
2.282753319957086825e-06
1.977543613626856896e-05
5.377697795732070176e-06
5.584517106082617547e-06
4.905048011039456737e-06
1.217629922084899925e-06
1.302481158937955865e-06
7.590106513984020819e-06
6.666617032911307286e-06
1.903116305628641385e-05
2.035736052793945755e-05
1.163355352245081442e-03
8.731370808666276970e-04
5.308690501549341361e-04
1.301400546000053954e-04
4.143212828491510489e-04
3.109619728397598737e-04
1.947591035880466602e-03
4.774427962488919219e-04
3.671705717449086836e-04
1.033134083448621499e-03
5.391852109028399736e-04
4.820065107270530896e-04
1.307653607440133550e-04
3.679438427678618693e-04
1.978100405603254973e-03
1.768329796687254487e-03
1.371679844632479623e-03
1.010487790255038535e-04
5.177407836896712765e-05
1.407935305205310281e-05
1.553499462734245088e-03
1.144430491855275738e-04
3.170093979233871528e-04
8.620698571154880975e-05
1.840835048976105590e-03
1.616860352311791848e-03
2.729898836684868657e-04
2.920133396935989715e-04
2.084842371022058508e-03
1.831179264215015154e-03
1.671499742481055055e-03
1.787979157101741426e-03
7.503700210241237263e-04
5.631777843824362735e-04
6.906680011909282916e-04
1.693140170051945874e-04
3.267375902450392181e-04
2.452274837652951181e-04
1.261463574564477370e-03
3.092418712709413828e-04
2.368268552751066631e-04
6.663766513146746019e-04
7.014874417284061190e-04
6.270971593233938502e-04
1.031227712059825177e-04
2.901639126639837417e-04
1.281224632137233262e-03
1.145355254384569643e-03
1.636098273501887046e-03
1.205279304423963541e-04
9.079606213562015180e-05
2.469092362076263789e-05
2.223676627241217250e-03
1.638135961606116385e-04
1.419113173905081800e-03
3.859111745812400475e-04
2.195692425763192453e-03
1.928542174956105696e-03
4.787416255547751105e-04
5.121030092762017408e-04
2.984240009819038360e-03
2.621147047554713092e-03
7.482577236738824529e-03
8.004004906895519078e-03
2.296723790336221462e-03
1.723767980248773826e-03
1.048054298019141786e-03
2.569255893297507144e-04
8.179629253657316182e-04
6.139085186075671869e-04
3.844980518910183932e-03
9.425789175708978573e-04
3.687422452371199731e-04
1.037556413498493717e-03
5.414931929923120059e-04
4.840697394122466034e-04
1.313251018207672112e-04
3.695188262463918838e-04
1.986567663634432844e-03
1.775899131707033137e-03
1.823595182111338499e-03
1.343404346941577492e-04
6.883163023890631583e-05
1.871795411548664401e-05
2.065317316384252672e-03
1.521475976610098398e-04
4.214517060954533069e-04
1.146088458054455499e-04
1.555771393960711881e-04
1.366480438078933584e-04
2.307158656547325909e-05
2.467934325799173484e-05
1.761992810576611514e-04
1.547610861746865317e-04
1.412658611542155199e-04
1.511100534056042475e-04
1.481398332431561968e-03
1.111838969136829574e-03
1.363533185709704014e-03
3.342637571080690089e-04
6.450531174887473877e-04
4.841339277127343593e-04
2.490411374954031466e-03
6.105126532021464643e-04
2.378405925387190318e-04
6.692290763162826381e-04
7.044901584549789547e-04
6.297814484745254673e-04
1.035641881887695262e-04
2.914059591813913832e-04
1.286708913686075489e-03
1.150257947113800163e-03
2.175129233467831477e-03
1.602372114197645934e-04
1.207098450218621480e-04
3.282562584330010150e-05
2.956291878078279572e-03
2.177838260814160933e-04
1.886655954689938101e-03
5.130539472772049957e-04
1.855677111231989623e-04
1.629896578464390465e-04
4.046057937405325900e-05
4.328009796620582527e-05
2.522113669321904305e-04
2.215247693278319242e-04
6.323858090650117747e-04
6.764539755039644274e-04
4.880331019115960320e-05
3.662851571078745147e-05
2.227020907721711279e-05
5.459437170836608228e-06
1.738097482137731606e-05
1.304500262010799947e-05
8.170237001632202356e-05
2.002895232217968751e-05
1.840197146524042341e-06
5.177894250358717722e-06
2.702305584666259895e-06
2.415735556993840093e-06
6.553739929694058090e-07
1.844072650824852912e-06
9.913906511162648612e-06
8.862571503246976314e-06
4.637656230198324361e-04
3.416464136550200154e-05
1.750484109321811816e-05
4.760236118837972780e-06
5.252389243854188247e-04
3.869325062513846459e-05
1.071810317155114724e-04
2.914662382306142289e-05
2.795330385844005351e-04
2.455222087930954687e-04
4.145384548555749928e-05
4.434258039422521702e-05
3.165858468771836471e-04
2.780667959377897342e-04
2.538192665707100760e-04
2.715068071896064141e-04
4.225533650230816848e-04
3.171404256959132421e-04
3.889335658941656180e-04
9.534523718508224640e-05
1.839946484657539814e-04
1.380941343042237849e-04
7.103637716746256632e-04
1.741423426448028718e-04
1.593296629929132809e-05
4.483172618112845904e-05
4.719386978073678040e-05
4.218912544472394317e-05
6.937775854878540626e-06
1.952131584222288090e-05
8.619676540462931134e-05
7.705590080832260165e-05
5.691694908600858794e-04
4.192952337605376361e-05
3.158633518218917911e-05
8.589533192291171605e-06
7.735775498713631879e-04
5.698783663106620547e-05
4.936842338544673511e-04
1.342516340925463457e-04
3.430648356677618439e-04
3.013240819008136087e-04
7.480073947113913616e-05
8.001327174102762345e-05
4.662710480525859261e-04
4.095397745965440755e-04
1.169111438365910000e-03
1.250581636958389420e-03
3.599970839328640142e-08
2.701898455867685610e-08
1.642759537205659152e-08
4.027147858859539698e-09
1.282105706989481567e-08
9.622631917263120084e-09
6.026766389630614009e-08
1.477433477764621123e-08
4.408909292084995181e-06
1.240566322850873952e-05
6.474425973756714979e-06
5.787835811270837385e-06
1.570203764771411236e-06
4.418194572716819956e-06
2.375262597297798001e-05
2.123374331181898829e-05
7.250086276772460027e-05
5.340986593658890147e-06
2.736546261463541288e-06
7.441716428797891406e-07
8.211103472735422563e-05
6.048947818390523102e-06
1.675569918509704821e-05
4.556515767982874623e-06
1.775866747458885675e-05
1.559796754495866553e-05
2.633552946904087247e-06
2.817073588775469256e-06
2.011262357510378441e-05
1.766551742788924600e-05
1.612507765271653802e-05
1.724876290253513617e-05
3.116960276229041178e-07
2.339382882033214173e-07
2.868964195606404552e-07
7.033130994408334083e-08
1.357234512320485126e-07
1.018649871556440363e-07
5.239990593522069484e-07
1.284559086172861189e-07
3.817362900497511498e-05
1.074118686215476875e-04
1.130713040169477269e-04
1.010804888756263971e-04
1.662214534500001367e-05
4.677091852526574971e-05
2.065179378513808941e-04
1.846174349990247680e-04
8.897873645683755802e-05
6.554877009660060217e-06
4.937917859171112796e-06
1.342808816138763569e-06
1.209340170972911845e-04
8.908955554132897016e-06
7.717806390263937718e-05
2.098766880629752832e-05
2.179482743686040770e-05
1.914304727505991403e-05
4.752073192665688222e-06
5.083224128348607584e-06
2.962208881399825848e-05
2.601796450075853509e-05
7.427337169094511073e-05
7.944915403574197049e-05
2.344300740946756432e-04
1.759476072099170870e-04
1.069764887591915533e-04
2.622478384071352263e-05
8.349071403667341804e-05
6.266257183823398193e-05
3.924629821545691510e-04
9.621045700662015764e-05
7.398927952102630590e-05
2.081889246180834523e-04
1.086522950178317134e-04
9.713010027915730603e-05
2.635079053796965712e-05
7.414510291828525182e-05
3.986109865376601374e-04
3.563396897269644576e-04
9.061639587483929364e-04
6.675519946345501025e-05
3.420317357505763819e-05
9.301151685058891614e-06
1.026278273733724532e-03
7.560376928114783106e-05
2.094238623588353591e-04
5.695036181352772155e-05
1.216098918352132496e-03
1.068135967242951102e-03
1.803435361766792184e-04
1.929108785403124064e-04
1.377295892831258963e-03
1.209720079894914535e-03
1.104232033167608113e-03
1.181181073337880154e-03
4.178621073820092276e-04
3.136194800154602216e-04
3.846155608469904751e-04
9.428669852580560983e-05
1.819519093185122723e-04
1.365609902888955166e-04
7.024771950960023584e-04
1.722089854331710192e-04
1.318828925159427120e-04
3.710883217968596079e-04
3.906406339402816578e-04
3.492145650628553197e-04
5.742646599392766500e-05
1.615849522699461553e-04
7.134816288154882538e-04
6.378194049450262686e-04
6.114645637065760321e-04
4.504531273948038313e-05
3.393352063210774674e-05
9.227822731557088019e-06
8.310622171798248302e-04
6.122261158014608170e-05
5.303699855845635507e-04
1.442278937742171529e-04
8.206035865311824993e-04
7.207606160938268653e-04
1.789217334552061194e-04
1.913899966838001688e-04
1.115310152912768818e-03
9.796101871150676970e-04
2.796489000425551614e-03
2.991363934285405039e-03
4.628174248774992558e-04
3.473599485762438586e-04
2.111955270293978113e-04
5.177359164347826909e-05
1.648293522956083930e-04
1.237099388650128649e-04
7.748097485443188699e-04
1.899409712258527129e-04
7.430599060377561754e-05
2.090800772304490026e-04
1.091173811251848437e-04
9.754586563632934256e-05
2.646358508680978858e-05
7.446248100302707421e-05
4.003172407133916795e-04
3.578650016328320158e-04
1.204709856926754153e-03
8.874845001098255026e-05
4.547179342793707905e-05
1.236552061862856331e-05
1.364397182629599210e-03
1.005122805806763848e-04
2.784209069712222269e-04
7.571329842677164174e-05
1.027779164923629807e-04
9.027291085213952761e-05
1.524163258546464568e-05
1.630375446098663843e-05
1.164013881786028808e-04
1.022388125458167425e-04
9.332354957348162666e-05
9.982685444896351732e-05
8.249533053268739329e-04
6.191550324450129615e-04
7.593171828591003874e-04
1.861430415036734599e-04
3.592137845263372771e-04
2.696019531977926790e-04
1.386847177031560715e-03
3.399790725944115666e-04
1.324474171870197942e-04
3.726767652166730746e-04
3.923127710247622320e-04
3.507093778753177260e-04
5.767227995969599586e-05
1.622766165964634926e-04
7.165356866553093500e-04
6.405495906644487984e-04
8.129184348450403316e-04
5.988599716606921258e-05
4.511330029301949512e-05
1.226803261744634163e-05
1.104865002729522351e-03
8.139308888346449724e-05
7.051063367542670986e-04
1.917453939721616718e-04
6.935285083891016005e-05
6.091467831601620993e-05
1.512146972768150996e-05
1.617521798579991596e-05
9.425981063652354435e-05
8.279120430664424859e-05
2.363436959116878375e-04
2.528134414039728958e-04
5.120491228345296466e-04
3.843099836255976353e-04
2.336612204922988961e-04
5.728095089343953700e-05
1.823628945748737452e-04
1.368694484623385744e-04
8.572292890890445202e-04
2.101457345351236854e-04
1.930752916204701532e-05
5.432697492528710149e-05
2.835285555097161959e-05
2.534613468049037353e-05
6.876248289595245265e-06
1.934819133373165298e-05
1.040176806249491591e-04
9.298697048459541692e-05
9.767344400080137383e-05
7.195397889761482655e-06
3.686685755464566542e-06
1.002550928540966292e-06
1.106203050022241279e-04
8.149166002288651004e-06
2.257334304135224045e-05
6.138555745587185958e-06
5.887231229594548003e-05
5.170930858426293550e-05
8.730573493754460065e-06
9.338968496164655513e-06
6.667598556584372019e-05
5.856350767152594699e-05
5.345674773884338848e-05
5.718191174928102756e-05
4.402949514169712851e-05
3.304560793558282189e-05
4.052635706508854718e-05
9.934846116289303407e-06
1.917199613421293069e-05
1.438922398621192827e-05
7.401895434456449681e-05
1.814539905279012366e-05
1.660193765654076663e-06
4.671405870778162584e-06
4.917538072653457088e-06
4.396050410578213104e-06
7.229069594082452500e-07
2.034094985819689932e-06
8.981587599961071664e-06
8.029121742040346945e-06
3.546001020089484886e-04
2.612264625053520734e-05
1.967870354534946779e-05
5.351392502772839883e-06
4.819490195823747467e-04
3.550417407670381414e-05
3.075717909975560021e-04
8.364053925685107922e-05
2.137339187658178420e-04
1.877288784722426105e-04
4.660184755639155545e-05
4.984932393084424870e-05
2.904930145735979828e-04
2.551486827398398872e-04
7.283718504973235109e-04
7.791288590782423796e-04
6.177901644248062280e-07
4.636721700837216421e-07
2.819135848305838772e-07
6.910979141019424447e-08
2.200218643100809142e-07
1.651337641244342146e-07
1.034251988411703009e-06
2.535420179473277796e-07
7.566119055006580402e-05
2.128933001904112076e-04
1.111074746269147072e-04
9.932491670337030348e-05
2.694623054778649167e-05
7.582053503657099915e-05
4.076182658219413353e-04
3.643917786403280917e-04
2.497472894289666664e-05
1.839835932596062858e-06
9.426715560435272658e-07
2.563484675686726556e-07
2.828519216531810333e-05
2.083710819249478330e-06
5.771918145818319191e-06
1.569605407234775509e-06
6.117415567671479765e-06
5.373108631044612305e-06
9.071929421918043547e-07
9.704112007227160698e-07
6.928294408412801776e-06
6.085327712733886857e-06
5.554684843544175171e-06
5.941766230716905092e-06
5.312183505472063903e-08
3.986971298189030010e-08
4.889527914076748735e-08
1.198644806135312701e-08
2.313112183171276093e-08
1.736068016907806274e-08
8.930428729561157267e-08
2.189252664338514423e-08
6.505868037226716662e-06
1.830602594248107408e-05
1.927055409470060669e-05
1.722697943330151897e-05
2.832884557454008607e-06
7.971089776809122272e-06
3.519650832270010106e-05
3.146404208304112184e-05
9.066990031317352281e-05
6.679461506168860334e-06
5.031769812362612281e-06
1.368330753471788408e-06
1.232325352248851659e-04
9.078282566751931943e-06
7.864493966837293943e-05
2.138656845724027589e-05
2.220906825308257177e-05
1.950688734450634719e-05
4.842392911130082890e-06
5.179837828001309879e-06
3.018509755008778211e-05
2.651247187332004016e-05
7.568503976686639955e-05
8.095919500813645144e-05
5.088494941779551960e-04
3.819085553606506181e-04
2.322011474179057312e-04
5.692302083598739878e-05
1.812233680775962575e-04
1.360141957336835226e-04
8.518727416870275956e-04
2.088326020947176931e-04
1.605997336487668308e-04
4.518909504016158985e-04
2.358386208536087996e-04
2.108287624246661879e-04
5.719652859479106575e-05
1.609379609738338136e-04
8.652174839630391795e-04
7.734642049375763150e-04
5.999702444900875892e-04
4.419855033562897591e-05
2.264588677804840665e-05
6.158283163492758020e-06
6.794978114748154467e-04
5.005717950053361687e-05
1.386593283571285577e-04
3.770677720205871343e-05
8.051778691083967066e-04
7.072117481924141812e-04
1.194052736787034377e-04
1.277260984011014387e-04
9.119062235696423794e-04
8.009544465899975018e-04
7.311109170888016942e-04
7.820587990902026169e-04
3.282104688886055719e-04
2.463329284231397854e-04
3.020969150764390640e-04
7.405764003583733038e-05
1.429144218095164680e-04
1.072620509560480602e-04
5.517618504116555966e-04
1.352618264670283504e-04
1.035876314850240444e-04
2.914719232598136684e-04
3.068293184939842235e-04
2.742911456128479175e-04
4.510571070578496338e-05
1.269171624154434986e-04
5.604053006961394684e-04
5.009762844370113611e-04
7.156263795840381607e-04
5.271869538535357385e-05
3.971403080056259369e-05
1.079976463852188005e-05
9.726320722240174238e-04
7.165176606179275872e-05
6.207174955866342440e-04
1.687968389059473146e-04
9.603918338999431308e-04
8.435408049083628797e-04
2.094007076473733918e-04
2.239929156077046239e-04
1.305301098732667472e-03
1.146484903980803972e-03
3.272865539075556999e-03
3.500937044224508143e-03
3.325359694843910228e-03
2.495793612144639722e-03
1.517447389757992484e-03
3.719951014249297258e-04
1.184304771576225393e-03
8.888603203783954684e-04
5.567035661337488804e-03
1.364732648692166834e-03
5.338911911206624698e-04
1.502247807547465487e-03
7.840122728668940657e-04
7.008705216134987351e-04
1.901418021416159145e-04
5.350155802173748101e-04
2.876293643809518102e-03
2.571272792808206118e-03
2.640330519420818183e-03
1.945076150643107753e-04
9.965931902214099575e-05
2.710118232217422775e-05
2.990312979673526508e-03
2.202900893255359206e-04
6.102076891744378758e-04
1.659388203830191634e-04
2.252556232332456347e-04
1.978487353028691640e-04
3.340468034673671217e-05
3.573250458355267786e-05
2.551138234188124725e-04
2.240740834666188396e-04
2.045347389687096054e-04
2.187878591213382430e-04
2.144873635830516542e-03
1.609799363197769034e-03
1.974220111891379029e-03
4.839707891785916330e-04
9.339536808718643763e-04
7.009634579901849244e-04
3.605794325246482798e-03
8.839435454506417832e-04
3.443624886692480454e-04
9.689573497534074422e-04
1.020010846840854399e-03
9.118422746912127575e-04
1.499475812813121935e-04
4.219182278585055772e-04
1.862988478880906601e-03
1.665425085985710848e-03
3.149306466230226021e-03
2.320028062196643852e-04
1.747722800170903930e-04
4.752727062637213606e-05
4.280329179729870995e-03
3.153228788273310990e-04
2.731634381182921744e-03
7.428359146775906797e-04
2.686781013154343999e-04
2.359879934885873254e-04
5.858169817660710446e-05
6.266399728660787549e-05
3.651695156843464481e-04
3.207392819423564583e-04
9.156130527773206169e-04
9.794180715254890025e-04
1.186627292180419041e-04
8.906034497297880348e-05
5.414886365305791443e-05
1.327433963287284447e-05
4.226094297079676867e-05
3.171825041160680493e-05
1.986550947414070494e-04
4.869936355994149960e-05
4.474344360054307162e-06
1.258978255661992560e-05
6.570516520326951990e-06
5.873736292459150430e-06
1.593508029673830463e-06
4.483767448685571350e-06
2.410515186816518618e-05
2.154888507246853258e-05
1.127622170084018483e-03
8.306956170199386428e-05
4.256211741607765763e-05
1.157426837177807263e-05
1.277091328743773469e-03
9.408064132355405714e-05
2.606051453057369144e-04
7.086851110690793576e-05
6.796701521907368496e-04
5.969745753907514368e-04
1.007928852086411903e-04
1.078166950057077013e-04
7.697621426723780420e-04
6.761050588915073177e-04
6.171484430344646721e-04
6.601547849152128314e-04
1.027416692382254141e-03
7.711105724395230648e-04
9.456718864505823507e-04
2.318270219378036937e-04
4.473734888666534718e-04
3.357687583353792071e-04
1.727212837702191573e-03
4.234181158965504444e-04
3.874018500399739021e-05
1.090060277340020045e-04
1.147494579488079661e-04
1.025806804699107083e-04
1.686884382264809636e-05
4.746507166608496600e-05
2.095829851011501619e-04
1.873574447400208273e-04
1.383906233174638954e-03
1.019494714421133845e-04
7.680054332448483254e-05
2.088500651521097554e-05
1.880913875923315983e-03
1.385629827236426479e-04
1.200367727755091143e-03
3.264259174429771991e-04
8.341444369166958446e-04
7.326539490337334289e-04
1.818741363732520469e-04
1.945481394861418292e-04
1.133713981706492742e-03
9.957748190976330877e-04
2.842634106029543351e-03
3.040724687939921900e-03
1.431672543229808583e-07
1.074518102091674283e-07
6.533091042995378730e-08
1.601556588755906946e-08
5.098806685215805996e-08
3.826824861759602302e-08
2.396784960098037014e-07
5.875605772847317833e-08
1.753379307996286019e-05
4.933608692264810551e-05
2.574814717535332342e-05
2.301764649089212088e-05
6.244543963357604195e-06
1.757071971612207705e-05
9.446182747819584322e-05
8.444448204249925310e-05
2.883287093636037403e-04
2.124057166342475800e-05
1.088297189247836347e-05
2.959496496254678871e-06
3.265474059708368655e-04
2.405606293365029013e-05
6.663574661175638886e-05
1.812080933142037935e-05
7.062445159266500310e-05
6.203156320141621147e-05
1.047337773971433613e-05
1.120322105181229609e-05
7.998590052513472766e-05
7.025400313568448338e-05
6.412782759414829966e-05
6.859661190157238559e-05
1.239584053588424496e-06
9.303492694216851996e-07
1.140958482631786119e-06
2.797006138947161873e-07
5.397586460382301131e-07
4.051069070725859682e-07
2.083892063116560813e-06
5.108563529845223939e-07
1.518127200498546505e-04
4.271663021335903184e-04
4.496733129606230090e-04
4.019870355573997153e-04
6.610461629308555067e-05
1.860032840897924496e-04
8.213012674330464951e-04
7.342051491142334747e-04
3.538595716522309649e-04
2.606809293135476556e-05
1.963760745633647852e-05
5.340216903621677435e-06
4.809425396705840363e-04
3.543002881124838143e-05
3.069294723777551861e-04
8.346586824570077388e-05
8.667585771779147809e-05
7.612999216006026122e-05
1.889852172976671382e-05
2.021547601479228609e-05
1.178040965354737327e-04
1.034708531511618017e-04
2.953778007903495460e-04
3.159613716121653215e-04
1.025392837991996646e-04
7.695916020655966757e-05
4.679131968490798737e-05
1.147067228127734131e-05
3.651868496081627500e-05
2.740849382111910020e-05
1.716625875039195072e-04
4.208227717177769793e-05
3.236277495625778831e-05
9.106145321884998316e-05
4.752431426425440472e-05
4.248452744995073554e-05
1.152578737920341824e-05
3.243093182399668645e-05
1.743517133282021959e-04
1.558623257486818463e-04
3.963544510811466853e-04
2.919860162690132016e-05
1.496040529607875595e-05
4.068306662346095439e-06
4.488922318253242886e-04
3.306894981178057287e-05
9.160161271827564524e-05
2.490998364871075077e-05
5.319194331118506924e-04
4.672007100805038084e-04
7.888193146201685790e-05
8.437886392771176984e-05
6.024266936564692679e-04
5.291293408875494524e-04
4.829890630133628856e-04
5.166464318410031150e-04
1.827721182243512523e-04
1.371765844909276111e-04
1.682301398384176538e-04
4.124082874589997454e-05
7.958543091993549494e-05
5.973152631209629614e-05
3.072622347989553302e-04
7.532389390864938300e-05
5.768533493910939388e-05
1.623133503252223117e-04
1.708654957423466126e-04
1.527458093082924490e-04
2.511823074269196434e-05
7.067696131767101401e-05
3.120755538945084754e-04
2.789810361527335076e-04
2.674534770045803277e-04
1.970273705135593774e-05
1.484245959414095089e-05
4.036232712777734293e-06
3.635050872687054153e-04
2.677865784920358842e-05
2.319828574915258808e-04
6.308501581372474301e-05
3.589305014337880267e-04
3.152593695597413412e-04
7.826003756326423903e-05
8.371363299728526062e-05
4.878346122411969543e-04
4.284796964599875023e-04
1.223179152091939106e-03
1.308417090208768493e-03
6.700999124208068328e-04
5.029323845813422379e-04
3.057838719091536647e-04
7.496148018884172225e-05
2.386516336693686208e-04
1.791160287903384917e-04
1.121824539730239450e-03
2.750100176484405004e-04
1.075854864563723703e-04
3.027209735634801336e-04
1.579878881071251169e-04
1.412338267886463570e-04
3.831585652529294713e-05
1.078120643620353720e-04
5.796077103483844931e-04
5.181423459069317604e-04
1.744264425292056057e-03
1.284963041216147977e-04
6.583728951377050120e-05
1.790367829338727885e-05
1.975471067947120931e-03
1.455288128621220068e-04
4.031175477606958879e-04
1.096230865946738861e-04
1.488091613200489443e-04
1.307035267135874847e-04
2.206791730750697238e-05
2.360573273430490089e-05
1.685341904419170879e-04
1.480286083677439038e-04
1.351204579484905916e-04
1.445364042661118379e-04
1.194425939769038240e-03
8.964565954406784366e-04
1.099393303672983836e-03
2.695111054696556888e-04
5.200952094989880767e-04
3.903488406343762337e-04
2.007975763047102884e-03
4.922458285375118066e-04
1.917667699760344628e-04
5.395878683674497876e-04
5.680182710813876925e-04
5.077819260189040361e-04
8.350201974424276803e-05
2.349556017645991859e-04
1.037451217402183927e-03
9.274331551346451158e-04
1.177001000208893018e-03
8.670719661611131295e-05
6.531823771191728936e-05
1.776252824686174670e-05
1.599701959713016554e-03
1.178466902945687623e-04
1.020902993510781637e-03
2.776225889546997264e-04
1.004139791961976253e-04
8.819659418723964719e-05
2.189393699443205782e-05
2.341962850370403086e-05
1.364760431590376628e-04
1.198709810240608579e-04
3.421951755026314155e-04
3.660412418319066059e-04
