2.859593782419454322e-06
1.136240264363345338e-06
5.415729760656921530e-06
4.925223524165435777e-06
1.004095529336912215e-05
3.989705729233105189e-06
7.799392319705123597e-06
7.092996184238583162e-06
3.283185080152381915e-06
1.612078552535573753e-06
4.058560842818045393e-06
1.802100890722067340e-06
1.152832084484892949e-05
5.660527301088728489e-06
5.844883268823107245e-06
2.595272007207124701e-06
3.236597835907072276e-06
4.260981455100983731e-08
7.932708151896488563e-06
3.925489050418798317e-06
5.575609360453717113e-06
7.340290419221200666e-08
2.660793516770584612e-06
1.316689788090989806e-06
4.297779193520406851e-06
9.014362724313132333e-07
4.504473872885329753e-06
4.286964440627885579e-06
7.403680999446737191e-06
1.552882617253546538e-06
1.510893209221415517e-06
1.437936070737920712e-06
2.282097359753215984e-06
9.067759635268834952e-07
9.440349267699528883e-07
8.585330573062375331e-07
5.443992372855924842e-06
2.163133578956185984e-06
2.441140104434908657e-06
2.220044426051288620e-06
2.620144178890184694e-06
1.286518466739547169e-06
7.074620332563243720e-07
3.141305525921431162e-07
6.250410336219625186e-06
3.069017494164130319e-06
1.829396236065239657e-06
8.122969481486633690e-07
1.892679891509870663e-05
2.491713313497269449e-07
1.353670719182517258e-05
6.698619795754272287e-06
2.399521631419641331e-05
3.158970527373950834e-07
1.164976956527512505e-05
5.764871465422140679e-06
2.513231692699906828e-05
5.271369483660947846e-06
7.686623874584092971e-06
7.315456621289234401e-06
3.186251324618871413e-05
6.682992279882774196e-06
6.615153567621282164e-06
6.295724853548740950e-06
9.543565869885217354e-06
3.792071403160150850e-06
1.807437616562339333e-05
1.643736792818579082e-05
3.351053524733980682e-05
1.331518471696322559e-05
2.602957623065096107e-05
2.367206024691100247e-05
1.162977172449596102e-05
5.710340754556072485e-06
1.437632511712105991e-05
6.383442136815437887e-06
4.083587629672062958e-05
2.005084658489120227e-05
2.070387642282524166e-05
9.193030630302586692e-06
3.101206036451943251e-06
4.082738134212964832e-08
7.600870930934919967e-06
3.761279885974167168e-06
5.342373159157448626e-06
7.033234931092234882e-08
2.549488485846608535e-06
1.261610655998611743e-06
2.789645664389172666e-06
5.851133052397028077e-07
2.923809121881821241e-06
2.782625916012254699e-06
4.805655588766816217e-06
1.007960638614901522e-06
9.807057321172145644e-07
9.333499802527246247e-07
7.616237875530985777e-06
3.026260649449849477e-06
3.150608160673283530e-06
2.865255489870196033e-06
1.816869938832532598e-05
7.219209918222150520e-06
8.147024772372275808e-06
7.409143335094928780e-06
9.281133393900988383e-06
4.557134527071821143e-06
2.505987859245800833e-06
1.112720278981908151e-06
2.214034348355728912e-05
1.087114250469147789e-05
6.480128320424572127e-06
2.877336442767714472e-06
1.813506219247853834e-05
2.387481164078511142e-07
1.297044618618968115e-05
6.418406363627712964e-06
2.299145999975655487e-05
3.026825996044803106e-07
1.116244202424370920e-05
5.523718143043958052e-06
1.631313657461975499e-05
3.421593423798664353e-06
4.989310990628024193e-06
4.748390023706710983e-06
2.068163996600419179e-05
4.337863719669191396e-06
4.293830287280822489e-06
4.086492290801772961e-06
7.513597214003289325e-05
2.985477076235480478e-05
1.422985750341017276e-04
1.294104987114729117e-04
2.638266112551069056e-04
1.048297210469374577e-04
2.049294300628718053e-04
1.863688356593778386e-04
4.508253469889059997e-04
2.213600071508889930e-04
5.572948388746060177e-04
2.474526228448519763e-04
1.582993074772756116e-03
7.772663198551877815e-04
8.025808668862889931e-04
3.563656554888593522e-04
1.852463199113979110e-05
2.438768032936526982e-07
4.540276755323652166e-05
2.246749325403211178e-05
3.191193863596371327e-05
4.201207119884698910e-07
1.522902232577558127e-05
7.536059469693638646e-06
1.193924394520249046e-05
2.504192763983223771e-06
1.251344240631323893e-05
1.190920052808474189e-05
2.056744880661246413e-05
4.313912732791623782e-06
4.197266026891496916e-06
3.994590869635485264e-06
9.975700098336981242e-05
3.963777018480465212e-05
4.126646600577530343e-05
3.752893480899315037e-05
2.379724730723907543e-04
9.455675396181501262e-05
1.067092141173989119e-04
9.704448981820483705e-05
5.985546377051326802e-04
2.938966492624169751e-04
1.616150303550236062e-04
7.176105063750530359e-05
1.427864971876860716e-03
7.010967828145291385e-04
4.179134912190097585e-04
1.855638744712322140e-04
2.718724917380513622e-03
3.579201693197923468e-05
1.944469495702208983e-03
9.622178918088077028e-04
3.446773687614939578e-03
4.537677990117449181e-05
1.673421847029195070e-03
8.280903584829656106e-04
1.752235619257193041e-03
3.675220791766061444e-04
5.359146227544896515e-04
5.100366870347459959e-04
2.221467713907762740e-03
4.659410093405061686e-04
4.612112660249811230e-04
4.389405628408215524e-04
5.182473084083492165e-06
2.059220656904897669e-06
9.814986271066624974e-06
8.926036454550572325e-06
1.819733308496129386e-05
7.230587324074469479e-06
1.413492399430261224e-05
1.285471455292576147e-05
6.762140906925330944e-06
3.320282609462830361e-06
8.359126771248449119e-06
3.711657994922625827e-06
2.374405586952009191e-05
1.165858222518578891e-05
1.203828699370118249e-05
5.345295673589924739e-06
3.546179591366437153e-07
4.668545874818354344e-09
8.691474560242271080e-07
4.300963500096476667e-07
6.108918415540933729e-07
8.042391856833764364e-09
2.915299380519912569e-07
1.442631643291665445e-07
4.173138056289511938e-07
8.752934584155506270e-08
4.373838323485828506e-07
4.162636945173055759e-07
7.188964705771835150e-07
1.507847019405154578e-07
1.467075358337936633e-07
1.396234070925479841e-07
6.880698523227735687e-06
2.733999058573268267e-06
2.846337689643463392e-06
2.588542997213769817e-06
1.641405443123756191e-05
6.522013602380961099e-06
7.360224593307296795e-06
6.693604170105582918e-06
8.978001853022143244e-06
4.408293738716031411e-06
2.424139670133892954e-06
1.076377668826495858e-06
2.141721666801469815e-05
1.051607960033475896e-05
6.268480539976356266e-06
2.783359619840441818e-06
5.204468742572293793e-05
6.851683749438803302e-07
3.722307706297108882e-05
1.841978535396581062e-05
6.598176154282068379e-05
8.686499730976354174e-07
3.203439833255512396e-05
1.585217525759294335e-05
6.124609883062569291e-05
1.284604269900049076e-05
1.873188718987069923e-05
1.782737264216627368e-05
7.764722372937259034e-05
1.628609120467917101e-05
1.612077192720155679e-05
1.534234140492808077e-05
4.241630737756066034e-06
1.685383308786584233e-06
8.033143015420489262e-06
7.305575924404150229e-06
1.489373241424320293e-05
5.917923923235864138e-06
1.156882575506566584e-05
1.052102953322192181e-05
4.869943010553705978e-06
2.391193456270146391e-06
6.020056599572312184e-06
2.673053276873813796e-06
1.709993928188383573e-05
8.396250803109172304e-06
8.669705705773457150e-06
3.849562684841823811e-06
3.326569891065102307e-06
4.379429676950655938e-08
8.153224290008213623e-06
4.034611139498964395e-06
5.730602059068615367e-06
7.544338326300469194e-08
2.734759166255708610e-06
1.353291581778755191e-06
4.417250331505669744e-06
9.264947066689146285e-07
4.629690780359275719e-06
4.406134946408251640e-06
7.609491059586015951e-06
1.596050180101010339e-06
1.552893536123279550e-06
1.477908310116835424e-06
1.401800069973629141e-05
5.569957844655006346e-06
5.798824580151899350e-06
5.273621191765027561e-06
3.344024240065985231e-05
1.328725432937268143e-05
1.499493592851068473e-05
1.363683463583603506e-05
1.609448552933975100e-05
7.902562390646146053e-06
4.345653017317566937e-06
1.929576881207819546e-06
3.839374165712221450e-05
1.885173268214464023e-05
1.123724086865016235e-05
4.989611481244155641e-06
4.743665314668543627e-05
6.245035979066503410e-07
3.392734749744680841e-05
1.678889838889901533e-05
6.013973934959445435e-05
7.917397436293236043e-07
2.919807414796991323e-05
1.444862437473770105e-05
6.298967966989724339e-05
1.321174948421766333e-05
1.926515478097028014e-05
1.833489011588154300e-05
7.985771899522725202e-05
1.674973080153963637e-05
1.657970514226668162e-05
1.577911391801782340e-05
1.415595550332157830e-05
5.624773253563653187e-06
2.680969233504522053e-05
2.438152071830587908e-05
4.970612162385977507e-05
1.975039151420515579e-05
3.860962746158986360e-05
3.511272789394495966e-05
1.725042120422147401e-05
8.470139016421097863e-06
2.132437931836664505e-05
9.468549185785018351e-06
6.057178791206627291e-05
2.974138764581724231e-05
3.071002572661112436e-05
1.363600716100060098e-05
3.187414423997835393e-06
4.196231487181315717e-08
7.812162544326083126e-06
3.865837232460441039e-06
5.490882277966703667e-06
7.228747204547821368e-08
2.620360039960797865e-06
1.296681341108198065e-06
2.867193190004891528e-06
6.013784852965789110e-07
3.005086169239105911e-06
2.859978304258370254e-06
4.939244848731779000e-06
1.035980273667635420e-06
1.007967725944482445e-06
9.592955626706002877e-07
4.678346759057502673e-05
1.858909468532047801e-05
1.935291113333085559e-05
1.760010513585936315e-05
1.116029689313450765e-04
4.434468549410391155e-05
5.004387673111084861e-05
4.551136962317798342e-05
5.701024711063122429e-05
2.799263349403871960e-05
1.539326944764403334e-05
6.834990445397088788e-06
1.359991716034719754e-04
6.677702972943169973e-05
3.980480628570368985e-05
1.767431354131898013e-05
4.545230595396151799e-05
5.983796646367365710e-07
3.250811506224639372e-05
1.608659328984573695e-05
5.762400278233507456e-05
7.586200685801454467e-07
2.797667439429615599e-05
1.384421648938214774e-05
4.088597363431701503e-05
8.575614988133912787e-06
1.250482006836140404e-05
1.190099454060702717e-05
5.183484993805947966e-05
1.087208341941984516e-05
1.076172145760924288e-05
1.024206566862850705e-05
1.160249313532302006e-04
4.610172237890105916e-05
2.197373898247255734e-04
1.998356286839859876e-04
4.074009237942593869e-04
1.618780038618645610e-04
3.164519254637128084e-04
2.877906646826981036e-04
6.961642798631540114e-04
3.418240145501257109e-04
8.605744170505562167e-04
3.821162189163118347e-04
2.444457130212455975e-03
1.200254270169033620e-03
1.239344981287373269e-03
5.502996705450718040e-04
7.709207101992867749e-04
1.014917211236359547e-05
1.889480656020342021e-03
9.350067447537135056e-04
1.328046592711799824e-03
1.748373505128148788e-05
6.337706850340153785e-04
3.136204984400782427e-04
4.968633344986474795e-04
1.042144354073658985e-04
5.207591660404863520e-04
4.956130482596384727e-04
8.559345334668409409e-04
1.795277050195716578e-04
1.746733380665361362e-04
1.662388128221864328e-04
1.555070625460649937e-05
6.178968038887357582e-06
6.432858693581777634e-06
5.850230415008363834e-06
3.709654449263090624e-05
1.474006125639657805e-05
1.663445800336573607e-05
1.512786410893240568e-05
9.330620664745758628e-05
4.581433299758943541e-05
2.519349858762551892e-05
1.118653335590773762e-05
2.225839643334971631e-04
1.092910774995724276e-04
6.514680551460540550e-05
2.892678483638321064e-05
3.279627910585542969e-03
4.317630553788030307e-05
2.345635039653632369e-03
1.160734075693643048e-03
4.157881187282943050e-03
5.473851102220955749e-05
2.018667265899203294e-03
9.989345500920397778e-04
2.113741190254344975e-03
4.433459453431449018e-04
6.464797314507240338e-04
6.152628916328208453e-04
2.679781051190795096e-03
5.620697883594111743e-04
5.563642467327700129e-04
5.294988513835746343e-04
8.002772396424166236e-06
3.179847529133729527e-06
1.515629698929058739e-05
1.378358111831581619e-05
2.810031283097703332e-05
1.116546940200286196e-05
2.182714270423717992e-05
1.985024391231530734e-05
1.044209467423466317e-05
5.127178778205933725e-06
1.290815946321268187e-05
5.731540456613264873e-06
3.666555943635023363e-05
1.800317695806389457e-05
1.858951687550564730e-05
8.254202959337896618e-06
1.475777381368763083e-05
1.942861106841060263e-07
3.617042294748840054e-05
1.789888100136868365e-05
2.542286252008048902e-05
3.346920168204520958e-07
1.213230400446767018e-05
6.003652928351349408e-06
1.736692289300606522e-05
3.642619485867518784e-06
1.820215671896370654e-05
1.732322149022703811e-05
2.991758097662609297e-05
6.275053105657820079e-06
6.105377843439504444e-06
5.810564885052185168e-06
1.072603631890025003e-06
4.261918044963206092e-07
4.437038090232856066e-07
4.035172607464472715e-07
2.558719051205734063e-06
1.016689723221350708e-06
1.147354967472740131e-06
1.043438267067327094e-06
1.399543572815855555e-06
6.871906767347805593e-07
3.778891061157224789e-07
1.677920625313241913e-07
3.338641317525984964e-06
1.639308150834722639e-06
9.771675028215810884e-07
4.338864182202865938e-07
6.278208155150842172e-05
8.265261820168127015e-07
4.490260918755188912e-05
2.221999061680210433e-05
7.959452806793390069e-05
1.047862061397975544e-06
3.864344869854974669e-05
1.912265418466349248e-05
7.388184580767851351e-05
1.549632326054084522e-05
2.259648251027577854e-05
2.150535661621501775e-05
9.366670401052899883e-05
1.964609178653874206e-05
1.944666531528846401e-05
1.850763597437244621e-05
4.312417355262127173e-05
1.713509892877987593e-05
8.167204431220416103e-05
7.427495308856713475e-05
1.514228703976970743e-04
6.016685423961331750e-05
1.176189254808672463e-04
1.069661013874444525e-04
4.951215241560489325e-05
2.431098980120989603e-05
6.120522545390171703e-05
2.717662629168231527e-05
1.738531227547071600e-04
8.536371957172450087e-05
8.814390422484408858e-05
3.913806259585831001e-05
4.880959234622563112e-05
6.425783441828812977e-07
1.196293981291426120e-04
5.919843305364402212e-05
8.408311250361949940e-05
1.106954281098330375e-06
4.012616131366070709e-05
1.985637235809010234e-05
6.481276360707681017e-05
1.359413162035398177e-05
6.792982774399582960e-05
6.464967146317402704e-05
1.116513912959519176e-04
2.341828406013361530e-05
2.278506177154078998e-05
2.168482987104935908e-05
3.441522471164083037e-05
1.367465696172883941e-05
1.423654166268290816e-05
1.294712864168131870e-05
8.209825932253650654e-05
3.262118852331672033e-05
3.681367268914887867e-05
3.347943393643949096e-05
3.951314798556823654e-05
1.940137301298358504e-05
1.066889839095367600e-05
4.737253434892712383e-06
9.425946502309727926e-05
4.628239292868607026e-05
2.758825441068101300e-05
1.224986387352877297e-05
2.854260511504208412e-04
3.757634319785065190e-06
2.041406418842386125e-04
1.010186986736002715e-04
3.618604429509532415e-04
4.763893183276877047e-06
1.756846331355178977e-04
8.693728427856551580e-05
3.790085163852872463e-04
7.949501564556200493e-05
1.159183182028139351e-04
1.103209214164093457e-04
4.805034055881812218e-04
1.007830275405945748e-04
9.975998419117319816e-05
9.494283170327684636e-05
6.515267325365066183e-06
2.588797441679704582e-06
1.233913969513573348e-05
1.122157562881688657e-05
2.287720316799294226e-05
9.090102075093048706e-06
1.777005050531485299e-05
1.616060524478022225e-05
7.939492716989483782e-06
3.898374783817271941e-06
9.814528717192214324e-06
4.357892274688348900e-06
2.787811748418033274e-05
1.368845014342847287e-05
1.413426505408002683e-05
6.275961512005685142e-06
2.117152711470022304e-06
2.787231809003021395e-08
5.189014954766906628e-06
2.567776476502180857e-06
3.647168129640048909e-06
4.801497298065234951e-08
1.740502371408753668e-06
8.612850580617412089e-07
1.904454529296364177e-06
3.994491840092933789e-07
1.996046163154953548e-06
1.899662239092056521e-06
3.280758079456419545e-06
6.881215159570915778e-07
6.695149485397079204e-07
6.371857974658527193e-07
5.199505766417652355e-06
2.065988478123828300e-06
2.150878894128705715e-06
1.956072366082877222e-06
1.240353292291574057e-05
4.928459984078246379e-06
5.561867023506514242e-06
5.058125038190880877e-06
6.336108113891498247e-06
3.111096008171746601e-06
1.710805063820667183e-06
7.596395492798250599e-07
1.511492228769151851e-05
7.421586492497861336e-06
4.423898664906769449e-06
1.964319874272750402e-06
1.238056925021673089e-05
1.629902096377772390e-07
8.854753598856225728e-06
4.381761894033199633e-06
1.569596837713799363e-05
2.066374432833820904e-07
7.620452856235343246e-06
3.770969973127386773e-06
1.113676451212215555e-05
2.335876981276344271e-06
3.406137215010864774e-06
3.241663628808575967e-06
1.411908451647665361e-05
2.961402702089504267e-06
2.931341654974097108e-06
2.789794722497917808e-06
8.644132719727029300e-06
3.434687719297114108e-06
1.637095699155043842e-05
1.488822855852845080e-05
3.035233560876337861e-05
1.206029543362866809e-05
2.357641940587402969e-05
2.144108746284935471e-05
5.186589088813761325e-05
2.546670025225511374e-05
6.411483626341852888e-05
2.846856509328077529e-05
1.821178570397942811e-04
8.942179140079603485e-05
9.233414214364375273e-05
4.099863134873749353e-05
2.131194592346209360e-06
2.805717946929824562e-08
5.223430766845479324e-06
2.584807090876089037e-06
3.671357740589877267e-06
4.833342923901056354e-08
1.752046142829509744e-06
8.669974765000622826e-07
1.373568562381583216e-06
2.880986828427235901e-07
1.439628101693243661e-06
1.370112171554085562e-06
2.366213574227824551e-06
4.963006818368264641e-07
4.828808833248638899e-07
4.595638101784973943e-07
1.147669660299428191e-05
4.560187835899881875e-06
4.747563635208051184e-06
4.317573647870265132e-06
2.737790677740357010e-05
1.087842623862197671e-05
1.227652458571306181e-05
1.116463161138509444e-05
6.886163286326291069e-05
3.381178907717644847e-05
1.859324810874703451e-05
8.255859718718429425e-06
1.642709074123584396e-04
8.065875062782909858e-05
4.807949615303952945e-05
2.134847947300939127e-05
3.127798622271978513e-04
4.117747276765454729e-06
2.237044642076979953e-04
1.106998275950920034e-04
3.965393454293495725e-04
5.220440977705869735e-06
1.925213733157239238e-04
9.526892058190589521e-05
2.015886241661080352e-04
4.228213915848081950e-05
6.165511663173143175e-05
5.867794997636258288e-05
2.555721474637846443e-04
5.360489535952843215e-05
5.306075481292789689e-05
5.049858773632796610e-05
1.628869786606738750e-04
6.472204018367903780e-05
3.084885214744474365e-04
2.805485114745948126e-04
5.719486735000497502e-04
2.272599401968611755e-04
4.442657059042670630e-04
4.040282662542312429e-04
2.125365021170404504e-04
1.043576674263853353e-04
2.627303377979835685e-04
1.166587354735099276e-04
7.462841502476112807e-04
3.664334002929776858e-04
3.783676566842891450e-04
1.680045507603464543e-04
1.114576901903917743e-05
1.467340630525237578e-07
2.731761474211960475e-05
1.351808178246325290e-05
1.920054860773074892e-05
2.527752463950381979e-07
9.162890000193822434e-06
4.534242742480525149e-06
1.311632185047976746e-05
2.751078579079105382e-06
1.374712995328305107e-05
1.308331648345542455e-05
2.259517264484705028e-05
4.739216997146129291e-06
4.611070211268695190e-06
4.388413516601304132e-06
2.162628103107134365e-04
8.593056617695534762e-05
8.946140944522024444e-05
8.135883025506579112e-05
5.158995889602305219e-04
2.049892152336236064e-04
2.313344858364725382e-04
2.103823680179909249e-04
2.821818024950398761e-04
1.385542455306753152e-04
7.619157500929357339e-05
3.383093429108925009e-05
6.731507636939105914e-04
3.305241350339985316e-04
1.970205805961361986e-04
8.748198623439822335e-05
1.635783100572413924e-03
2.153508656151361593e-05
1.169934597028986873e-03
5.789404277082174860e-04
2.073830314223385190e-03
2.730197867618485374e-05
1.006852572689284154e-03
4.982395259975467726e-04
1.924986745018071816e-03
4.037557067903698284e-04
5.887498998000511565e-04
5.603206847438855099e-04
2.440479954157562595e-03
5.118776590793435019e-04
5.066816151856673098e-04
4.822152660482649923e-04
6.396601545495135522e-05
2.541646395989495628e-05
1.211440085300920694e-04
1.101719153268336689e-04
2.246052937402537818e-04
8.924539558933702107e-05
1.744639580379067374e-04
1.586626416424220896e-04
7.344129395917383318e-05
3.606045104729507805e-05
9.078560989767848197e-05
4.031104492393273867e-05
2.578760500406897813e-04
1.266198643494967769e-04
1.307437076568256399e-04
5.805342365178733157e-05
5.016641811126074958e-05
6.604409570737336694e-07
1.229548971106930396e-04
6.084405137078003467e-05
8.642048366296046060e-05
1.137725775329551440e-06
4.124160208882915202e-05
2.040834659758958264e-05
6.661445100781194421e-05
1.397202594704571480e-05
6.981816436118495547e-05
6.644682517263484603e-05
1.147551149111334734e-04
2.406927354106005521e-05
2.341844872241405557e-05
2.228763219872989166e-05
2.113988003305576429e-04
8.399788468222846446e-05
8.744931505064928794e-05
7.952897258436467652e-05
5.042963884568451389e-04
2.003787619278142964e-04
2.261314957974262471e-04
2.056506162377468234e-04
2.427132802828258981e-04
1.191747842437621154e-04
6.553472597066453752e-05
2.909903106514937841e-05
5.789977544137002788e-04
2.842940129994938280e-04
1.694634840974752548e-04
7.524595724056670819e-05
7.153696009656158004e-04
9.417841689939876007e-06
5.116421887104861260e-04
2.531853902926150764e-04
9.069388012611430839e-04
1.193985045102836350e-05
4.403222669948664725e-04
2.178928311298959923e-04
9.499173955436380915e-04
1.992401092749281055e-04
2.905286350111423773e-04
2.764997561144987405e-04
1.204296272652020201e-03
2.525947225392762138e-04
2.500306464512795407e-04
2.379573110315884364e-04
9.664085270385644436e-06
3.839958972481151466e-06
1.830262554427271096e-05
1.664494460922081134e-05
3.393371770068273342e-05
1.348333340493997087e-05
2.635828658539343797e-05
2.397099908680209529e-05
1.177663644312444290e-05
5.782452882640595857e-06
1.455787424751287364e-05
6.464054418424534721e-06
4.135156565196678542e-05
2.030405550521336504e-05
2.096533202637354467e-05
9.309123352399495841e-06
2.176006047655662815e-06
2.864712233439984364e-08
5.333260969686241968e-06
2.639156406444141847e-06
3.748553358441149997e-06
4.934970964441085917e-08
1.788885452440872489e-06
8.852273550907452141e-07
1.957395208566080667e-06
4.105532092353506728e-07
2.051532938032260538e-06
1.952469700637342460e-06
3.371957716189255536e-06
7.072501535351884596e-07
6.881263543840980128e-07
6.548985064961499209e-07
3.193846010137247265e-05
1.269053128176738660e-05
1.321197875896264374e-05
1.201536107970861943e-05
7.618988403344781660e-05
3.027353553088646472e-05
3.416429868521724553e-05
3.107001549328333847e-05
3.892014843036350672e-05
1.911020396790364111e-05
1.050878328185959179e-05
4.666158386206399830e-06
9.284485182009589890e-05
4.558780290435934731e-05
2.717421950259462266e-05
1.206602218541588606e-05
3.102969350049692132e-05
4.085059536784572245e-07
2.219286404703248061e-05
1.098210638106377102e-05
3.933915138252290164e-05
5.178999770707165255e-07
1.909930889969616412e-05
9.451265131744370304e-06
2.791231827989752067e-05
5.854459945983671525e-06
8.536876751492918544e-06
8.124652978446679231e-06
3.538697261809774480e-05
7.422228842649709077e-06
7.346886177910869646e-06
6.992123982255407014e-06
1.334826550916707798e-05
5.303843092740157696e-06
2.528002376266974790e-05
2.299039524310743336e-05
4.687006177086023353e-05
1.862350229765496467e-05
3.640669529134944840e-05
3.310931675149297935e-05
8.009128328911323974e-05
3.932566604787255619e-05
9.900609873420708311e-05
4.396114426411974209e-05
2.812263055818135771e-04
1.380850864539794227e-04
1.425823370436925816e-04
6.331006643459895363e-05
8.869175104208528880e-05
1.167627013211688461e-06
2.173781891256645698e-04
1.075692796045520897e-04
1.527871494626680308e-04
2.011443013449702909e-06
7.291311683698072142e-05
3.608094944310376100e-05
5.716240150547088504e-05
1.198950895709135285e-05
5.991153395711369553e-05
5.701856041471479888e-05
9.847229623775478739e-05
2.065403913540823106e-05
2.009556107201016837e-05
1.912519822764364413e-05
1.789054761942539361e-06
7.108688192594186793e-07
7.400780575638982480e-07
6.730486970218085505e-07
4.267828643248589627e-06
1.695792869489085504e-06
1.913736637809554928e-06
1.740408241206919803e-06
1.073455511205350655e-05
5.270779942247236086e-06
2.898424539710695620e-06
1.286971822523324676e-06
2.560751227648779452e-05
1.257355900350320685e-05
7.494913782242138170e-06
3.327926160516891654e-06
3.773098041186810267e-04
4.967284042340455780e-06
2.698571671771184772e-04
1.335384252952202323e-04
4.783497942735771228e-04
6.297475638890603673e-06
2.322406600513515871e-04
1.149239516489287922e-04
2.431785849480903536e-04
5.100541169756285845e-05
7.437524850092531406e-05
7.078385946594347258e-05
3.082995056366712562e-04
6.466417762283719077e-05
6.400777486855198481e-05
6.091700441131250149e-05
2.515299926141540223e-04
9.994374273027246903e-05
4.763678236654086658e-04
4.332228739175067542e-04
8.832028612970748175e-04
3.509346882680590396e-04
6.860348853152454553e-04
6.239002507287086689e-04
3.281987624014055479e-04
1.611490588923693594e-04
4.057080588590715464e-04
1.801443621417780200e-04
1.152411619045898630e-03
5.658462771372195889e-04
5.842751500075020650e-04
2.594325449422599694e-04
4.638420980230337090e-04
6.106481799637543533e-06
1.136849302486444635e-03
5.625682179949961304e-04
7.990496424418828134e-04
1.051948954045982750e-05
3.813226448874106360e-04
1.886969542456197208e-04
5.458485847929727634e-04
1.144888304940202666e-04
5.721002820383036015e-04
5.444750341065695588e-04
9.403202476989781051e-04
1.972271586812574386e-04
1.918942046325271126e-04
1.826281281314818790e-04
3.371231496321980346e-05
1.339536052344461411e-05
1.394576907577263985e-05
1.268269152082705258e-05
8.042145298784797794e-05
3.195492085805391925e-05
3.606177611938361056e-05
3.279563713770521191e-05
4.398815399159087467e-05
2.159864822856239961e-05
1.187718947407873522e-05
5.273764410453026763e-06
1.049346881730448303e-04
5.152404025085378052e-05
3.071272336538363122e-05
1.363720497900137983e-05
1.973263230128623029e-03
2.597801288850685211e-05
1.411305032534446125e-03
6.983822354148299869e-04
2.501684424512697243e-03
3.293467857237248670e-05
1.214577384466761266e-03
6.010318459113768875e-04
2.322132782212950417e-03
4.870549707263960239e-04
7.102155099969030419e-04
6.759210337230498605e-04
2.943977936756977509e-03
6.174836765535279869e-04
6.112156313866978297e-04
5.817016040615401607e-04
2.377246602945716332e-05
9.445828722926269546e-06
4.502221698461228840e-05
4.094452493061538672e-05
8.347278906619979362e-05
3.316734862791516104e-05
6.483815642294696085e-05
5.896572159078347246e-05
2.729387868521199474e-05
1.340158272219486114e-05
3.373975714926378085e-05
1.498128247086140982e-05
9.583760369942454090e-05
4.705727568763060889e-05
4.858986958514047248e-05
2.157509783656492576e-05
2.690658812386148696e-05
3.542252662468440315e-07
6.594644184147121526e-05
3.263350049010516768e-05
4.635133316130112940e-05
6.102153589439092867e-07
2.211979333488085426e-05
1.094594744580923891e-05
3.572843475468336549e-05
7.493848705309068882e-06
3.744673554057849119e-05
3.563852920679224566e-05
6.154851648312483750e-05
1.290947318928655280e-05
1.256040550625490558e-05
1.195389590098578030e-05
1.897160439156721150e-05
7.538238795243393546e-06
7.847981194123298607e-06
7.137184332073362748e-06
4.525717063171248516e-05
1.798263090340260532e-05
2.029376359768293511e-05
1.845574396847973278e-05
2.178186596567804805e-05
1.069512625704439401e-05
5.881295887588320211e-06
2.611440106011515523e-06
5.196111010642619356e-05
2.551345389417440028e-05
1.520819500435554252e-05
6.752812838107973983e-06
1.573428670259825431e-04
2.071419040859116945e-06
1.125337849895945684e-04
5.568717924826550620e-05
1.994777958343731073e-04
2.626125431232254919e-06
9.684723506678959051e-05
4.792471291498721399e-05
2.089307768333228683e-04
4.382211653608417639e-05
6.390068619647086892e-05
6.081508677516652653e-05
2.648804590410334817e-04
5.555726408602675899e-05
5.499330514450395072e-05
5.233782019387651777e-05
9.716215855588825642e-05
3.860672708214120781e-05
1.840135465868785293e-04
1.673473176225972591e-04
3.411676498476215913e-04
1.355606600623882746e-04
2.650047002709592201e-04
2.410030487988415102e-04
1.184016267787181673e-04
5.813644934888479566e-05
1.463640320111831838e-04
6.498923206332512365e-05
4.157462673392046341e-04
2.041358085250393286e-04
2.107842447091798604e-04
9.359339180852115721e-05
3.157309089038072938e-05
4.156597809947765636e-07
7.738376164874972659e-05
3.829324150287345230e-05
5.439020540453613913e-05
7.160471220636257784e-07
2.595610570257623578e-05
1.284434102149803551e-05
2.840112365268213310e-05
5.956984266882164683e-06
2.976702936413542277e-05
2.832965624583237715e-05
4.892593362342117775e-05
1.026195373117630328e-05
9.984474057157349171e-06
9.502349541654192861e-06
7.754021108575462199e-05
3.081007885963572498e-05
3.207604933296224451e-05
2.917090026992662748e-05
1.849738425647777735e-04
7.349810629336368470e-05
8.294410322978206028e-05
7.543180078626672742e-05
9.449035786949546974e-05
4.639576375504080459e-05
2.551322985965831310e-05
1.132850190890888475e-05
2.254087825620145326e-04
1.106780930865198018e-04
6.597358512695701864e-05
2.929389533036193868e-05
1.846313853951202916e-04
2.430672419261909661e-06
1.320509090695189732e-04
6.534519961210456091e-05
2.340739208367381393e-04
3.081583460085937416e-06
1.136437864648512066e-04
5.623646185814281030e-05
1.660825297396021868e-04
3.483492515160990126e-05
5.079571222804021418e-05
4.834291821932364049e-05
2.105578574056474000e-04
4.416338801142494154e-05
4.371508772222391172e-05
4.160419881935306088e-05
1.034616922730449505e-04
4.110980423252298010e-05
1.959441125434885594e-04
1.781973243073797265e-04
3.632873427955912900e-04
1.443497705707949129e-04
2.821863486552080827e-04
2.566285438929278304e-04
6.207832545524908166e-04
3.048111349211097046e-04
7.673909777535142850e-04
3.407404787312401091e-04
2.179770058305236218e-03
1.070290122142610262e-03
1.105148071010058968e-03
4.907129399504455217e-04
2.550828477958214219e-05
3.358166009734516090e-07
6.251928378836691313e-05
3.093757632979187252e-05
4.394250957233873211e-05
5.785031933875046436e-07
2.097025401564245453e-05
1.037709959154683264e-05
1.644025288884502564e-05
3.448255392992706575e-06
1.723092003262505895e-05
1.639888331994034630e-05
2.832122881574541273e-05
5.940226750790290367e-06
5.779605077219459671e-06
5.500522845976989686e-06
1.373646715928247906e-04
5.458092394954057035e-05
5.682362636006647595e-05
5.167707283146246610e-05
3.276863808001884669e-04
1.302039689125535017e-04
1.469378189868450902e-04
1.336295632623640958e-04
8.242054234613011270e-04
4.046935684733910508e-04
2.225427323429976306e-04
9.881444968078266120e-05
1.966159778334359946e-03
9.654052184483637991e-04
5.754638662912509896e-04
2.555201181366941864e-04
3.743664622490623130e-03
4.928534942951798796e-05
2.677520485443694431e-03
1.324967104124265879e-03
4.746182533423850061e-03
6.248349897872168155e-05
2.304289826152094815e-03
1.140274457139705579e-03
2.412815822647272797e-03
5.060752549850888521e-04
7.379505742031608429e-04
7.023168431707353014e-04
3.058945036107028372e-03
6.415974127004658596e-04
6.350845902333617041e-04
6.044179924118880162e-04
4.139261845131064343e-05
1.644707721109091804e-05
7.839268535148802210e-05
7.129260784400998313e-05
1.453428224317391041e-04
5.775098826918981877e-05
1.128961996023398491e-04
1.026711159241582597e-04
5.400948812141492816e-05
2.651922913523864015e-05
6.676467767697314467e-05
2.964515989044619104e-05
1.896447177144305191e-04
9.311755949344992494e-05
9.615027656738344862e-05
4.269308894355363916e-05
2.832347730585739905e-06
3.728786140969819135e-08
6.941915267370934345e-06
3.435196637668420942e-06
4.879217412653276563e-06
6.423490332988759369e-08
2.328461199341540825e-06
1.152235625882068888e-06
3.333101947777583740e-06
6.991003632685597897e-07
3.493402048682060680e-06
3.324714668602062512e-06
5.741854676290648711e-06
1.204323405921195702e-06
1.171758918218121358e-06
1.115177700469606215e-06
5.495641251378157713e-05
2.183655911794844831e-05
2.273381222815026430e-05
2.067479577608462765e-05
1.310997049647803444e-04
5.209158179841380748e-05
5.878640628976853456e-05
5.346208248108645877e-05
7.170765754647929818e-05
3.520921725737121999e-05
1.936169987003095419e-05
8.597071211441831119e-06
1.710601605536290180e-04
8.399234563072459369e-05
5.006660315469703654e-05
2.223080388216143531e-05
4.156829864967163013e-04
5.472467036260960662e-06
2.973021955836698590e-04
1.471195575435550783e-04
5.269989512681351029e-04
6.937941851468456208e-06
2.558600123885165973e-04
1.266119536782683527e-04
4.891750250113812088e-04
1.026018534822757141e-04
1.496123273084846268e-04
1.423879336745309499e-04
6.201714612863956731e-04
1.300776575895614252e-04
1.287572459512852042e-04
1.225398904384743248e-04
3.346505991430696734e-05
1.329711540070407505e-05
6.337883444645659586e-05
5.763857137362235841e-05
1.175066096993586097e-04
4.669045725658077278e-05
9.127419876164500820e-05
8.300743404074065895e-05
3.842223538620837410e-05
1.886572340408695835e-05
4.749625020370938194e-05
2.108950391849532822e-05
1.349128502642805039e-04
6.624363447777230525e-05
6.840110297687188696e-05
3.037177299414430093e-05
2.624553328574672566e-05
3.455224784776544012e-07
6.432623588168631527e-05
3.183174393575136091e-05
4.521254986784542285e-05
5.952232754636531040e-07
2.157634292285503068e-05
1.067702180263617988e-05
3.485064027014575348e-05
7.309735992097713496e-06
3.652672496224914305e-05
3.476294356780328099e-05
6.003636100608484753e-05
1.259230663996391308e-05
1.225181503055540188e-05
1.166020646391222740e-05
1.105973768814315518e-04
4.394512028884293281e-05
4.575080293528829964e-05
4.160712236849245814e-05
2.638324231116481256e-04
1.048320303488576655e-04
1.183050718658911675e-04
1.075901030392793030e-04
1.269801535845707684e-04
6.234859662004155851e-05
3.428576120425236236e-05
1.522372170780766847e-05
3.029138895692125408e-04
1.487339192638486500e-04
8.865810396777243775e-05
3.936637993558231936e-05
3.742594624179474078e-04
4.927126290041567385e-06
2.676755207918491406e-04
1.324588407657914448e-04
4.744825999704280770e-04
6.246564021060973111e-06
2.303631223827631608e-04
1.139948548740738127e-04
4.969676840024217198e-04
1.042363221594479861e-04
1.519956825248386053e-04
1.446562028109994453e-04
6.300509205119923144e-04
1.321498214902536140e-04
1.308083754223790551e-04
1.244919761545516519e-04
1.367774573091036527e-04
5.434759832228709420e-05
2.590402002864750542e-04
2.355787575340015242e-04
4.802697300661434095e-04
1.908319315879747607e-04
3.730533534531721472e-04
3.392656637973559476e-04
1.666767565969551324e-04
8.184004798890979126e-05
2.060400925374940241e-04
9.148687149616834674e-05
5.852558051157161949e-04
2.873667819939642112e-04
2.967259420812271183e-04
1.317536203679618321e-04
3.079738702219635138e-05
4.054476386015669043e-07
7.548255775794278453e-05
3.735243353249677138e-05
5.305391898043770871e-05
6.984549096218510156e-07
2.531840280340821972e-05
1.252877467263318999e-05
2.770335030022013146e-05
5.810630026349389418e-06
2.903569774056121984e-05
2.763363874122622623e-05
4.772389622714639411e-05
1.000983279591406113e-05
9.739170384646681704e-06
9.268890951176218633e-06
4.520305068520633247e-04
1.796112670839996499e-04
1.869914027156224724e-04
1.700554673466504307e-04
1.078328503857935551e-03
4.284665436841928409e-04
4.835331823108277504e-04
4.397392612778723564e-04
5.508435399169021732e-04
2.704699963066341598e-04
1.487326132261883598e-04
6.604094041084484308e-05
1.314049121142167337e-03
6.452119979398752937e-04
3.846013920545662064e-04
1.707724826698017479e-04
4.391685771942102135e-04
5.781654867118137300e-06
3.140994134293886267e-04
1.554316362773611041e-04
5.567737606049367712e-04
7.329927253564985778e-06
2.703157965365644388e-04
1.337653773643286052e-04
3.950478307166725754e-04
8.285917631371277590e-05
1.208238816982010134e-04
1.149896078955465833e-04
5.008378963089529096e-04
1.050480785568862441e-04
1.039817408930982483e-04
9.896073065637748406e-05
1.518576313719886058e-04
6.033960357464159398e-05
2.876002524065887915e-04
2.615521067906882366e-04
5.332210808882659843e-04
2.118717929929117105e-04
4.141837386459839383e-04
3.766708427228733741e-04
9.111650173181638519e-04
4.473916475555932398e-04
1.126350958095085611e-03
5.001275435948437844e-04
3.199394004848058956e-03
1.570936249529700061e-03
1.622099587700573430e-03
7.202521349428381552e-04
1.009008940242873617e-03
1.328360395817005746e-05
2.473020699946762262e-03
1.223770683758128785e-03
1.738195468583134855e-03
2.288334551424928229e-05
8.295020211583928283e-04
4.104778644325981682e-04
6.503127234166819221e-04
1.363996266246538241e-04
6.815884529972509372e-04
6.486763035146967142e-04
1.120278110452369415e-03
2.349723609568178878e-04
2.286187897139773295e-04
2.175793776633488886e-04
2.035332743095276658e-05
8.087257107284919012e-06
8.419558389429179280e-06
7.656993401692736379e-06
4.855330068316117073e-05
1.929232590416081331e-05
2.177178096195109215e-05
1.979989631974762837e-05
1.221225418410362392e-04
5.996345794612510080e-05
3.297416319810508785e-05
1.464133991616102548e-05
2.913259521970063492e-04
1.430441196181362728e-04
8.526649799758021875e-05
3.786042342129784750e-05
4.292495763404035637e-03
5.651071208492671529e-05
3.070052074415852584e-03
1.519210787989695634e-03
5.441985453149426714e-03
7.164374528570500891e-05
2.642104812752270587e-03
1.307441710185480851e-03
2.766541007537482756e-03
5.802672266464627528e-04
8.461360812981258287e-04
8.052783509950293571e-04
3.507394473610626461e-03
7.356572913295571789e-04
7.281896718532031342e-04
6.930272696348348900e-04
6.075470888018862705e-05
2.414047299436245008e-05
1.150621766648608177e-04
1.046409190075080339e-04
2.133293614911588689e-04
8.476498011269733147e-05
1.657052874919693448e-04
1.506972496971576282e-04
7.927333061677016525e-05
3.892404264624201536e-05
9.799497368148969430e-05
4.351217985808950798e-05
2.783542101584770179e-04
1.366748572650170975e-04
1.411261785352464727e-04
6.266349622246407229e-05
1.120367052011735076e-04
1.474963363865151237e-06
2.745952786599127810e-04
1.358830728467535587e-04
1.930029413305188294e-04
2.540883963604355098e-06
9.210490581573102769e-05
4.557797820698454496e-05
1.318446023756368591e-04
2.765370242493320535e-05
1.381854534493993458e-04
1.315128340993477476e-04
2.271255300783701458e-04
4.763836902475337542e-05
4.635024402886450695e-05
4.411211022051929651e-05
8.142893258894766959e-06
3.235523606902267604e-06
3.368469626636590318e-06
3.063385098361128384e-06
1.942504714137035092e-05
7.718411207520092812e-06
8.710383549354909350e-06
7.921478333989587274e-06
1.062492572818381701e-05
5.216950756822267261e-06
2.868823639332022782e-06
1.273828294311107073e-06
2.534598902154129214e-05
1.244514832302186756e-05
7.418370062309019663e-06
3.293938865213742602e-06
4.766232123830588057e-04
6.274745186146077233e-06
3.408874842385316013e-04
1.686876740175109323e-04
6.042583921771977132e-04
7.955062487504246601e-06
2.933697673141292032e-04
1.451736011541284984e-04
5.608893782337406224e-04
1.176435567289316170e-04
1.715458904268598477e-04
1.632623815674903690e-04
7.110902387364191396e-04
1.491473864304765937e-04
1.476333989516838776e-04
1.405045626670483792e-04
3.771209148307901363e-05
1.498464469319614391e-05
7.142220599204291667e-05
6.495344942343097877e-05
1.324193061717529834e-04
5.261591642016423835e-05
1.028577550005314894e-04
9.354185990809350685e-05
4.329837925225459190e-05
2.125996154589959166e-05
5.352397208826548288e-05
2.376596077053578536e-05
1.520345627480659215e-04
7.465057615299149833e-05
7.708184774247162888e-05
3.422623729320756528e-05
4.268399044370249450e-05
5.619347874875917141e-07
1.046159134112306177e-04
5.176903205460389702e-05
7.353068522111491125e-05
9.680315627481450485e-07
3.509032966113681957e-05
1.736439841511718362e-05
5.667876434637630732e-05
1.188806864146025124e-05
5.940463705780755745e-05
5.653614026006127837e-05
9.763914611901127751e-05
2.047929033990282738e-05
1.992553742340001890e-05
1.896338458275937411e-05
3.009611537604134327e-05
1.195848805568808247e-05
1.244985624896988037e-05
1.132226451093576241e-05
7.179493103549220258e-05
2.852723065815854111e-05
3.219355822755058471e-05
2.927776630599246123e-05
3.455424948139353288e-05
1.696650146976563502e-05
9.329952066266629037e-06
4.142728316803768164e-06
8.242990590323000070e-05
4.047395445277640678e-05
2.412592957693492811e-05
1.071250644351655892e-05
2.496050930577051706e-04
3.286051361767560750e-06
1.785209994287514468e-04
8.834085599882390437e-05
3.164469717204435430e-04
4.166024777822873869e-06
1.536362186487653437e-04
7.602665855156829234e-05
3.314429626192616344e-04
6.951839433667256261e-05
1.013705738683880989e-04
9.647565015655379806e-05
4.202002472548497548e-04
8.813476158365820504e-05
8.724011013399140244e-05
8.302751009216528724e-05
1.071406072216624317e-04
4.257159622531808219e-05
2.029115389299370636e-04
1.845337062647513433e-04
3.762051987352281511e-04
1.494825933297819968e-04
2.922203965579206605e-04
2.657538014218499729e-04
1.305613458742548407e-04
6.410699986011642677e-05
1.613954599008717212e-04
7.166355595248572992e-05
4.584429596347471946e-04
2.251003354199594632e-04
2.324315588142355105e-04
1.032053319866494870e-04
3.481561319898370069e-05
4.583475912362253339e-07
8.533099032968107889e-05
4.222591601589105177e-05
5.997602071181852096e-05
7.895843875585805745e-07
2.862176970352148264e-05
1.416344096157391779e-05
3.131788835440066642e-05
6.568760112472472273e-06
3.282407110607825623e-05
3.123908132211312998e-05
5.395057412485224340e-05
1.131584528771467197e-05
1.100986875108843624e-05
1.047823056894836078e-05
8.550350695476768641e-05
3.397424065738428308e-05
3.537022492999468930e-05
3.216672019822155890e-05
2.039704562668287491e-04
8.104628236911533637e-05
9.146237298117900903e-05
8.317856519640192358e-05
1.041944154925982929e-04
5.116055854572843149e-05
2.813341099021914195e-05
1.249192681051963464e-05
2.485580208975950297e-04
1.220446136198646901e-04
7.274900101181262693e-05
3.230234671842410277e-05
2.035928291159929012e-04
2.680299849522908770e-06
1.456123947034664858e-04
7.205608098377657214e-05
2.581130595074004994e-04
3.398058750701049142e-06
1.253148805026750438e-04
6.201188570768057819e-05
1.831390260332212562e-04
3.841243431328094759e-05
5.601237697121168421e-05
5.330768366890726971e-05
2.321819217793214430e-04
4.869892022611105792e-05
4.820457998175535199e-05
4.587690507011820204e-05
8.443404060219475459e-05
3.354929542962295145e-05
1.599080083727594096e-04
1.454250339929120256e-04
2.964751259907421818e-04
1.178023877390933094e-04
2.302894249676446826e-04
2.094319590052059706e-04
5.066149351367554236e-04
2.487532842011631949e-04
6.262600151793479156e-04
2.780748582777659776e-04
1.778888297329182062e-03
8.734529432461360767e-04
9.019001627466253883e-04
4.004658669844012855e-04
2.081705320542789786e-05
2.740565314421273455e-07
5.102135514926611380e-05
2.524784312506072502e-05
3.586103760608809867e-05
4.721106048610965836e-07
1.711361219882530859e-05
8.468646017632909865e-06
1.341672409787886897e-05
2.814086348890477593e-06
1.406197955672600735e-05
1.338296281112768800e-05
2.311266838185769136e-05
4.847758968979693350e-06
4.716677245784206421e-06
4.488921059640545553e-06
1.121019191138576302e-04
4.454293997722932115e-05
4.637318673067740703e-05
4.217313645072724064e-05
2.674215409917253213e-04
1.062581420833152177e-04
1.199144678746524097e-04
1.090537349840695649e-04
6.726257096725576359e-04
3.302663279637049797e-04
1.816148729597714181e-04
8.064147292711960110e-05
1.604563108403134816e-03
7.878574341981508383e-04
4.696302407590752888e-04
2.085273839567004903e-04
3.055166833171213230e-03
4.022127517345319676e-05
2.185097386427155459e-03
1.081292252314598658e-03
3.873311560330452985e-03
5.099215152805960634e-05
1.880507620415555964e-03
9.305664511816897407e-04
1.969074588470598984e-03
4.130028969022534629e-04
6.022339996164539347e-04
5.731536721377647903e-04
2.496374104310227111e-03
5.236011590768069063e-04
5.182861105352546327e-04
4.932594102300240108e-04
2.504778278066305697e-04
9.952567215451300409e-05
4.743751489378815835e-04
4.314106770617250086e-04
8.795083715906866972e-04
3.494667077505179053e-04
6.831651608916877857e-04
6.212904391495830542e-04
3.268258876039207444e-04
1.604749628660073258e-04
4.040109580989447477e-04
1.793908076405854066e-04
1.147591013213809059e-03
5.634793087566922817e-04
5.818310925638579389e-04
2.583473232918414024e-04
1.713929520995771585e-05
2.256388428396260765e-07
4.200738977250423627e-05
2.078729551511574784e-05
2.952545223383865695e-05
3.887026155246696143e-07
1.409014276371839088e-05
6.972486580713417493e-06
2.016949318438064604e-05
4.230443662710364569e-06
2.113951205668191606e-05
2.011873951023066627e-05
3.474550150989751433e-05
7.287683697678048350e-06
7.090627255039698536e-06
6.748239142217778033e-06
3.325559808855551290e-04
1.321388715978081294e-04
1.375683906387563089e-04
1.251087302541839140e-04
7.933194505270192405e-04
3.152201224289777706e-04
3.557322996934742356e-04
3.235133893651380497e-04
4.339222540480562433e-04
2.130604099803893692e-04
1.171628350062912303e-04
5.202318198530598854e-05
1.035130877021619598e-03
5.082601940419521729e-04
3.029664339451332441e-04
1.345245523268580117e-04
2.515409157706322094e-03
3.311536470200359295e-05
1.799055264878555429e-03
8.902598719317177068e-04
3.189011894120344012e-03
4.198334556797063606e-05
1.548277507523179546e-03
7.661628647385611670e-04
2.960129179221453362e-03
6.208713135508550380e-04
9.053442898618385085e-04
8.616275477866469981e-04
3.752823723229852491e-03
7.871347679425765975e-04
7.791446032383296831e-04
7.415217187285643797e-04
5.308819873425150532e-05
2.109423699800578623e-05
1.005427202955716558e-04
9.143649943184545877e-05
1.864097737844096041e-04
7.406866385948818383e-05
1.447952824700069374e-04
1.316810776989273178e-04
6.095214750012088381e-05
2.992814822104672586e-05
7.534695519455117483e-05
3.345590230822216874e-05
2.140226321116617519e-04
1.050873729507834748e-04
1.085099311872359359e-04
4.818107975164211717e-05
4.163530830448207925e-05
5.481288858153452898e-07
1.020456560680872704e-04
5.049714395988612060e-05
7.172414568546101586e-05
9.442484675055730543e-07
3.422821246936381734e-05
1.693778098111091155e-05
5.528625143403456167e-05
1.159599648221430290e-05
5.794515350854664197e-05
5.514713140932170989e-05
9.524029756808236025e-05
1.997614464569480515e-05
1.943599661446727560e-05
1.849748243761348824e-05
1.754491262948017314e-04
6.971352465134216133e-05
7.257801792973306515e-05
6.600457870731386790e-05
4.185376672432700434e-04
1.663031136094260626e-04
1.876764357383163160e-04
1.706784564741198773e-04
2.014383851714396021e-04
9.890837478379560066e-05
5.439014032030110678e-05
2.415056078096280127e-05
4.805356037011145770e-04
2.359480570069923458e-04
1.406451700638022665e-04
6.244991662407801600e-05
5.937165739399688936e-04
7.816279437248364325e-06
4.246342687113112998e-04
2.101296480774144401e-04
7.527082463822354049e-04
9.909405003471594047e-06
3.654427409786424868e-04
1.808388069746062028e-04
7.883780647750153817e-04
1.653580958856274525e-04
2.411224429685571526e-04
2.294792617326041936e-04
9.994982398504224323e-04
2.096394270303140669e-04
2.075113879464168928e-04
1.974911979191478644e-04
1.508243543385573069e-04
5.992903792827443480e-05
2.856433488717717789e-04
2.597724413069670089e-04
5.295929122434275610e-04
2.104301647009806399e-04
4.113655296373415417e-04
3.741078807733656873e-04
1.837942793465530871e-04
9.024493246038947267e-05
2.272001873422440060e-04
1.008824743150547897e-04
6.453609437261798726e-04
3.168790399037770054e-04
3.271993756161346812e-04
1.452845747735845218e-04
3.396024538195788997e-05
4.470866728570478014e-07
8.323453485420832299e-05
4.118848808383088563e-05
5.850249911629306487e-05
7.701854739136138458e-07
2.791857540587138373e-05
1.381546628976118289e-05
3.054845443283055108e-05
6.407375449624259087e-06
3.201763251522424708e-05
3.047158357207585254e-05
5.262508878720459024e-05
1.103783180490642031e-05
1.073937265654789305e-05
1.022079603356249081e-05
4.984535513276829900e-04
1.980571500803251931e-04
2.061952176644811659e-04
1.875199800383557311e-04
1.189071675690601872e-03
4.724695946116292951e-04
5.331915175063320833e-04
4.849000081180402256e-04
6.074145760860140929e-04
2.982469725892830941e-04
1.640072918465721678e-04
7.282327361055464070e-05
1.449000545590818385e-03
7.114745727496078580e-04
4.240995393213778603e-04
1.883106320602071968e-04
4.842707153958110281e-04
6.375424572857817123e-06
3.463570836936007060e-04
1.713942973244477559e-04
6.139538240290186126e-04
8.082702859939417159e-06
2.980769366694942832e-04
1.475029370390665230e-04
4.356188159430282873e-04
9.136872416262283524e-05
1.332323637558694481e-04
1.267989163396690078e-04
5.522734069282294374e-04
1.158364026832503583e-04
1.146605532939445589e-04
1.091238907328816101e-04
1.239294770007946019e-04
4.924254017318987667e-05
2.347076570602927453e-04
2.134500288867602910e-04
4.351563308557604513e-04
1.729064272872328728e-04
3.380111598533646895e-04
3.073972649141745251e-04
7.435925546675492548e-04
3.651117984335673573e-04
9.192036244404114351e-04
4.081490297947180284e-04
2.610993087130655376e-03
1.282025184028497741e-03
1.323779066818880261e-03
5.877904823467204349e-04
8.234419905254169569e-04
1.084061483343642265e-05
2.018207179893324356e-03
9.987068772035704450e-04
1.418523740956977508e-03
1.867486682090117788e-05
6.769482094807909196e-04
3.349868333908334020e-04
5.307136360014225738e-04
1.113143556762671507e-04
5.562374425741961571e-04
5.293781702709586274e-04
9.142476349029230722e-04
1.917585671522056140e-04
1.865734819240307831e-04
1.775643294074914736e-04
1.661014465295535680e-05
6.599928726806495992e-06
6.871116442107763222e-06
6.248794868568938282e-06
3.962385759584820082e-05
1.574427203842552540e-05
1.776773023267472074e-05
1.615849512077206931e-05
9.966297118973087234e-05
4.893557153027725188e-05
2.690988106926178516e-05
1.194864941595152424e-05
2.377481629757141699e-04
1.167368592026168792e-04
6.958512658902560365e-05
3.089750861539881341e-05
3.503062376125762843e-03
4.611782055570289940e-05
2.505438445932074709e-03
1.239812558042156397e-03
4.441149285429611508e-03
5.846773588800573850e-05
2.156195014155009703e-03
1.066989955581507544e-03
2.257746134111072219e-03
4.735502145614426599e-04
6.905230977158585866e-04
6.571795172704424396e-04
2.862349154421359957e-03
6.003624746586833528e-04
5.942682259351634915e-04
5.655725451343777141e-04
3.676430261891781219e-04
1.460804719316101483e-04
6.962720685964371827e-04
6.332102455301486660e-04
1.290913140383584835e-03
5.129356123646822445e-04
1.002727104976068335e-03
9.119094460037058909e-04
4.797041694581835017e-04
2.355398140118059275e-04
5.929938491951158028e-04
2.633038619387120783e-04
1.684395926856809608e-03
8.270561912818248564e-04
8.539923292782168130e-04
3.791936099677891683e-04
6.779641299187536821e-04
8.925398616902573088e-06
1.661649624934842875e-03
8.222648915622609352e-04
1.167912524345948938e-03
1.537556984129785065e-05
5.573514699534093961e-04
2.758045613986026177e-04
7.978270243986649224e-04
1.673399647899998356e-04
8.361972136455613153e-04
7.958194056422484338e-04
1.374397453989972427e-03
2.882725384383861699e-04
2.804777488603073742e-04
2.669342013479818285e-04
4.927482947106562756e-05
1.957902049195666609e-05
2.038351248798153060e-05
1.853736424225660466e-05
1.175461663227488703e-04
4.670617481356196502e-05
5.270886531064439051e-05
4.793498841946716976e-05
6.429427314758335969e-05
3.156916721468300664e-05
1.736002070962111091e-05
7.708276405199695875e-06
1.533753725001504365e-04
7.530892790337950381e-05
4.489054543042725586e-05
1.993250687576280972e-05
2.884174797019800184e-03
3.797016480401510437e-05
2.062801527740287626e-03
1.020774325145918987e-03
3.656529477218398855e-03
4.813821513321014115e-05
1.775259087496867342e-03
8.784843682871888455e-04
3.394091950598755649e-03
7.118926911949412283e-04
1.038070158664088690e-03
9.879444265084281161e-04
4.302997612550334486e-03
9.025308080010825120e-04
8.933692640059735270e-04
8.502307650616515054e-04
1.943763278020113215e-05
7.723412026055996325e-06
3.681255952213936068e-05
3.347842158970435681e-05
6.825179259894516997e-05
2.711938854485952739e-05
5.301512569763722833e-05
4.821351060007797999e-05
2.231692708586128051e-05
1.095784691856220592e-05
2.758742020066020536e-05
1.224949346375058712e-05
7.836192277803825750e-05
3.847653177080750513e-05
3.972966206633765142e-05
1.764094765870771533e-05
2.200025772133506625e-05
2.896334203714225164e-07
5.392131881004853854e-05
2.668288590982423545e-05
3.789931560931559601e-05
4.989445373186292176e-07
1.808631967270803585e-05
8.949988891324075978e-06
2.921346879673167871e-05
6.127369329866260598e-06
3.061844292271314526e-05
2.913995723833278208e-05
5.032534109346060194e-05
1.055547198714133096e-05
1.027005568115955792e-05
9.774141165169597466e-06
1.551219292763272151e-05
6.163665028686666468e-06
6.416926890473567071e-06
5.835741565874684962e-06
3.700467012215215908e-05
1.470355559617211497e-05
1.659326062559870387e-05
1.509039800499454494e-05
1.781001227991149715e-05
8.744904145186953740e-06
4.808860367830307160e-06
2.135252343835211902e-06
4.248616764658693333e-05
2.086115706864589308e-05
1.243502922153939351e-05
5.521458986119659152e-06
1.286518977898778397e-04
1.693702395041569715e-06
9.201360873892469355e-05
4.553279998178374891e-05
1.631036569124931523e-04
2.147259846908087501e-06
7.918745109041006025e-05
3.918579459042161592e-05
1.708329170198846900e-04
3.583129355718062863e-05
5.224860017260189569e-05
4.972564995011358174e-05
2.165803533849147992e-04
4.542657443441950064e-05
4.496545160455204040e-05
4.279418585283375749e-05
6.487086730043788261e-05
2.577600072572727030e-05
1.228576900672090561e-04
1.117303875905074890e-04
2.277825201643390060e-04
9.050784503731084329e-05
1.769318940704811332e-04
1.609070550716284467e-04
7.905151895632444583e-05
3.881513077810868625e-05
9.772077771093427335e-05
4.339043009951566401e-05
2.775753579383553448e-04
1.362924325984202635e-04
1.407312987976384649e-04
6.248815990143027422e-05
2.107995355245664631e-05
2.775176148390245022e-07
5.166570821126057877e-05
2.556670029729369095e-05
3.631392971999177865e-05
4.780729301061304552e-07
1.732974147233907995e-05
8.575597273169827838e-06
1.896217160096034203e-05
3.977214397366744341e-06
1.987412631120516436e-05
1.891445598065133436e-05
3.266567761367054397e-05
6.851451723928670685e-06
6.666190842744167825e-06
6.344297670213390248e-06
5.177016256692759872e-05
2.057052423418325923e-05
2.141575661479364569e-05
1.947611733385103418e-05
1.234988371338997869e-04
4.907142833233535119e-05
5.537810186542972392e-05
5.036247044907204951e-05
6.308702438920295199e-05
3.097639532292297980e-05
1.703405289909713395e-05
7.563538675634431371e-06
1.504954546015234461e-04
7.389485779642579011e-05
4.404763901620429076e-05
1.955823568489115707e-05
1.232701936585064713e-04
1.622852253432341363e-06
8.816453984216080625e-05
4.362809385630479769e-05
1.562807834117742962e-04
2.057436708751921472e-06
7.587491983352907322e-05
3.754659333291063131e-05
1.108859447730521972e-04
2.325773573289788512e-05
3.391404592438146572e-05
3.227642406603998810e-05
1.405801500279503893e-04
2.948593697184052816e-05
2.918662673621232384e-05
2.777727976472305090e-05
1.007308136288734962e-04
4.002470805848800284e-05
1.907721539118439587e-04
1.734937933993868663e-04
3.536983478319284083e-04
1.405396482242312272e-04
2.747380201358418442e-04
2.498548154277827342e-04
6.043976368879100391e-04
2.967656235770179253e-04
7.471356389238894983e-04
3.317466098303123922e-04
2.122234874309594527e-03
1.042039739093459424e-03
1.075977609948937158e-03
4.777605373878365748e-04
2.483499180878706911e-05
3.269526981722448306e-07
6.086908289569289667e-05
3.012097682667835534e-05
4.278264394163066111e-05
5.632335609109972142e-07
2.041674268602844904e-05
1.010319531799013064e-05
1.600631125757498040e-05
3.357238449373410501e-06
1.677610868648607043e-05
1.596603364135113122e-05
2.757368798927701398e-05
5.783434047917641531e-06
5.627051994717488588e-06
5.355336158596958622e-06
1.337389214250576182e-04
5.314025662312976542e-05
5.532376274579704306e-05
5.031305285954577178e-05
3.190370757322661495e-04
1.267672259956556351e-04
1.430593849203181810e-04
1.301024015416755292e-04
8.024504633413694120e-04
3.940116532707973671e-04
2.166687012710219852e-04
9.620623533168193699e-05
1.914262852702098726e-03
9.399232798089437622e-04
5.602744570672099633e-04
2.487756466473422428e-04
3.644850331482131067e-03
4.798445916500930492e-05
2.606847143916159616e-03
1.289994504223874712e-03
4.620906711647605573e-03
6.083424262861505548e-05
2.243467934126463538e-03
1.110176832646197478e-03
2.349129379311345935e-03
4.927173630366847449e-04
7.184723168958377518e-04
6.837791407001896993e-04
2.978203966738542530e-03
6.246624038676767184e-04
6.183214878076486766e-04
5.884643369925030443e-04
6.947866853929003650e-06
2.760687940855101755e-06
1.315843163642244929e-05
1.196666375557287130e-05
2.439619952088328621e-05
9.693665010565229279e-06
1.894994306954295393e-05
1.723363415688370214e-05
9.065643739302248062e-06
4.451326830584662982e-06
1.120663800456932705e-05
4.976023056491003903e-06
3.183239663324786164e-05
1.563004297213812385e-05
1.613909302076243455e-05
7.166154465721336210e-06
4.754174935631451596e-07
6.258871896376425832e-09
1.165219906193758023e-06
5.766073698299474040e-07
8.189902983393778050e-07
1.078200830024872778e-08
3.908387290500733780e-07
1.934059746038772272e-07
5.594704903960191343e-07
1.173459525697039663e-07
5.863773109699764674e-07
5.580626621126551476e-07
9.637863773320644600e-07
2.021490542632201237e-07
1.966830138629611463e-07
1.871856981081662487e-07
9.224587648749291098e-06
3.665327562640610710e-06
3.815934008359642439e-06
3.470322334243665079e-06
2.200545239137505289e-05
8.743717795279290581e-06
9.867462823177683266e-06
8.973760170531024961e-06
1.203633100974553596e-05
5.909965657838897615e-06
3.249915511408051395e-06
1.443042463745190971e-06
2.871292670059872001e-05
1.409835028624486945e-05
8.403819462557398913e-06
3.731502649699490346e-06
6.977355266905819358e-05
9.185689080090728430e-07
4.990300559810785351e-05
2.469442948200832152e-05
8.845824889957607895e-05
1.164552957213998389e-06
4.294681916320639519e-05
2.125217077791755329e-05
8.210939701831910891e-05
1.722200826216664879e-05
2.511284786364809796e-05
2.390021317304197781e-05
1.040975154710955120e-04
2.183389887900711183e-05
2.161226409004316111e-05
2.056866356650141923e-05
4.089776006293611897e-06
1.625044857471399340e-06
7.745548255096891278e-06
7.044028812274854287e-06
1.436052151587183004e-05
5.706056176197226270e-06
1.115464992577110962e-05
1.014436588349526930e-05
4.695594055204444657e-06
2.305586277657334077e-06
5.804532397953467471e-06
2.577355227552518310e-06
1.648774391453121626e-05
8.095656411511550947e-06
8.359321348151321264e-06
3.711744391855813035e-06
3.207475276580576594e-06
4.222641602111341190e-08
7.861330496875401031e-06
3.890167922014136066e-06
5.525440626921314618e-06
7.274243275261604665e-08
2.636851982796844333e-06
1.304842354949045882e-06
4.259108238436981797e-06
8.933252457749609014e-07
4.463943101300917892e-06
4.248390795528178001e-06
7.337063473862068181e-06
1.538909946430396787e-06
1.497298354577011343e-06
1.424997676581194570e-06
1.351614189506696399e-05
5.370547640172016821e-06
5.591220711767380715e-06
5.084820143436658100e-06
3.224304741982613880e-05
1.281155699435958236e-05
1.445810184051430783e-05
1.314862196725322341e-05
1.551828643771934778e-05
7.619642550638644467e-06
4.190074181541101757e-06
1.860496049506995149e-06
3.701920632162399640e-05
1.817682131407881324e-05
1.083493611842796102e-05
4.810978271888655967e-06
4.573837230367215948e-05
6.021457284878664039e-07
3.271271365447732507e-05
1.618783860457997627e-05
5.798667498973319827e-05
7.633946486433826500e-07
2.815275314218467574e-05
1.393134880077098370e-05
6.073458452310980367e-05
1.273875530011373362e-05
1.857544247767947023e-05
1.767848224186333036e-05
7.699873073741401639e-05
1.615007325702604165e-05
1.598613469076681933e-05
1.521420545358990523e-05
1.364915777517032175e-05
5.423400601212269409e-06
2.584987784815684990e-05
2.350863726610719285e-05
4.792659148135039069e-05
1.904330723811029942e-05
3.722736319283676166e-05
3.385565621682155727e-05
1.663283842968531464e-05
8.166899350992626978e-06
2.056094466429132022e-05
9.129565412127467564e-06
5.840325577047453899e-05
2.867661545947988342e-05
2.961057530335559266e-05
1.314782411686572056e-05
3.073301717979535641e-06
4.046002095459840180e-08
7.532479111548702457e-06
3.727436293975305847e-06
5.294303059886610190e-06
6.969950639400027729e-08
2.526548462573536711e-06
1.250258818965092426e-06
2.764544732645422182e-06
5.798485186308997505e-07
2.897501001772889960e-06
2.757588147209632568e-06
4.762414816486146818e-06
9.988911171651948721e-07
9.718814473857096869e-07
9.249517974847765312e-07
4.510857146050607487e-05
1.792358602695413744e-05
1.866005706260536064e-05
1.697000331786594233e-05
1.076074681616464006e-04
4.275710026478324229e-05
4.825225460929380401e-05
4.388201590525573422e-05
5.496922178314764842e-05
2.699046850020125064e-05
1.484217461105347687e-05
6.590290776141274749e-06
1.311302617525671036e-04
6.438634356546174141e-05
3.837975338903682469e-05
1.704155498628737330e-05
4.382506677598453030e-05
5.769570588268600318e-07
3.134429119630103015e-05
1.551067674849505130e-05
5.556100437221596019e-05
7.314606919350181027e-07
2.697508075260027016e-05
1.334857933771076767e-05
3.942221383751189610e-05
8.268599174721219424e-06
1.205713468251098656e-05
1.147492672805244531e-05
4.997910913825927222e-05
1.048285168045738942e-05
1.037644079008854568e-05
9.875389211414507714e-06
6.278499846892466034e-05
2.494719484178783891e-05
1.189073031356445751e-04
1.081377898234916552e-04
2.204583625116614861e-04
8.759764049053916761e-05
1.712427960438893599e-04
1.557332224266897184e-04
3.767179410109712306e-04
1.849724880666677731e-04
4.656858041348080281e-04
2.067759570274806179e-04
1.322778090775126713e-03
6.494980142281725488e-04
6.706513147222030241e-04
2.977856876935799880e-04
4.171711635162883808e-04
5.492058888581800093e-06
1.022461627097503599e-03
5.059636437885447254e-04
7.186507444354507147e-04
9.461037947817165121e-06
3.429546652207709069e-04
1.697106155093234408e-04
2.688694863415998356e-04
5.639394129500729225e-05
2.818003256816418848e-04
2.681929143437857942e-04
4.631750068406241734e-04
9.714848828884529639e-05
9.452162681899406037e-05
8.995742110582380152e-05
8.415010954962172290e-06
3.343647734468376390e-06
3.481036519622953577e-06
3.165756733187936601e-06
2.007418976255557477e-05
7.976343641154411135e-06
9.001465530654956606e-06
8.186196827178541098e-06
5.049113128683351801e-05
2.479167876730981829e-05
1.363305068835006243e-05
6.053409999312946370e-06
1.204476804846369217e-04
5.914108332964544533e-05
3.525313082959180539e-05
1.565325762731140176e-05
1.774717131423005816e-03
2.336415325113801194e-05
1.269302128910152015e-03
6.281123058231840575e-04
2.249969561996748284e-03
2.962085209305284235e-05
1.092368853146675296e-03
5.405571325626864088e-04
1.143816556027871939e-03
2.399094244221533295e-04
3.498319583206934086e-04
3.329394748060529596e-04
1.450119790925290253e-03
3.041548949004566917e-04
3.010674341442639646e-04
2.865296638030680621e-04
4.330569704255681015e-06
1.720722606077342733e-06
8.201582816456320249e-06
7.458760020939793941e-06
1.520602578680240270e-05
6.042011584349520958e-06
1.181140212955082351e-05
1.074163560457732471e-05
5.650569153436841114e-06
2.774489137679635259e-06
6.985039876189338391e-06
3.101529598819495778e-06
1.984096923156183711e-05
9.742125460144496939e-06
1.005941373939177112e-05
4.466627250883481726e-06
7.985928502523677598e-06
1.051347587071450230e-07
1.957303419956034587e-05
9.685687404934722791e-06
1.375716723795757988e-05
1.811131238652386348e-07
6.565198354015867478e-06
3.248778822949075608e-06
9.397826954344164086e-06
1.971144099597005391e-06
9.849800111081435648e-06
9.374178653288786070e-06
1.618941079217542955e-05
3.395642600569213862e-06
3.303825600943859122e-06
3.144292378858900088e-06
5.804219541484206066e-07
2.306267410002199684e-07
2.401030765135413857e-07
2.183567816215305958e-07
1.384609064954105431e-06
5.501650547974817456e-07
6.208724197110551091e-07
5.646395928543302499e-07
7.573401686308387506e-07
3.718620220967819037e-07
2.044885239075679724e-07
9.079793684216303351e-08
1.806651273690425826e-06
8.870848578820407821e-07
5.287782500965715023e-07
2.347905556669779906e-07
3.397349904122669257e-05
4.472611572978705288e-07
2.429831430374450961e-05
1.202398536749145398e-05
4.307128015155581129e-05
5.670334569750598124e-07
2.091127173336497280e-05
1.034791229525210991e-05
3.997995535799367449e-05
8.385582485069331882e-06
1.222771781257554329e-05
1.163727283847384833e-05
5.068620855276682809e-05
1.063116201278276243e-05
1.052324563182845787e-05
1.001510522576179247e-05
2.931296936714907365e-04
1.164731028154074679e-04
5.551526987884875235e-04
5.048721506453685351e-04
1.029272817492330903e-03
4.089745982242261693e-04
7.994958918831457893e-04
7.270850186769392629e-04
3.365509614437637090e-04
1.652500768410951782e-04
4.160327609873974361e-04
1.847287839657901505e-04
1.181738881435832628e-03
5.802462727357624419e-04
5.991441346211548490e-04
2.660347400193185637e-04
3.317754213937806830e-04
4.367823836911824605e-06
8.131617591444570024e-04
4.023919096251790976e-04
5.715415503802346144e-04
7.524345224396197802e-06
2.727511835034627553e-04
1.349705250502177575e-04
4.405544263697629115e-04
9.240394213565333577e-05
4.617421728316061891e-04
4.394458335262592494e-04
7.589325297710838034e-04
1.591820519060512158e-04
1.548778243652107662e-04
1.473991734511214562e-04
2.339320025472254336e-04
9.295130030406443720e-05
9.677062196754826191e-05
8.800604255129524831e-05
5.580498273621972228e-04
2.217373276121263192e-04
2.502350702472024425e-04
2.275711139625281691e-04
2.685843231493502577e-04
1.318777395504781196e-04
7.252013568066202176e-05
3.220072487928087105e-05
6.407136840348703075e-04
3.145971863093169969e-04
1.875267604715063303e-04
8.326649646707687984e-05
1.940138072153279984e-03
2.554192014240059554e-05
1.387613463442038432e-03
6.866584970295657635e-04
2.459688663125587666e-03
3.238180432127428412e-05
1.194188281219183898e-03
5.909423279291618064e-04
2.576249958073743244e-03
5.403546935493105897e-04
7.879362850685827117e-04
7.498888729053221217e-04
3.266145284298675126e-03
6.850565600801915029e-04
6.781025860344599802e-04
6.453587600821110307e-04
4.428649079945203314e-05
1.759693783188997216e-05
8.387333462962128232e-05
7.627687108189502353e-05
1.555041408158559042e-04
6.178851945911999080e-05
1.207890849153036146e-04
1.098491373792453204e-04
5.396743580948452229e-05
2.649858100590917159e-05
6.671269405059081074e-05
2.962207788107521761e-05
1.894970584956029794e-04
9.304505725737588430e-05
9.607541302834532123e-05
4.265984768991517580e-05
1.439100798098079182e-05
1.894576380385678836e-07
3.527150177826773490e-05
1.745405117284136440e-05
2.479104382847534098e-05
3.263741229565664311e-07
1.183078735046365603e-05
5.854447852209892812e-06
1.294522600190197228e-05
2.715192137029460678e-06
1.356780552897577822e-05
1.291265117335808134e-05
2.230042993561027944e-05
4.677396285290743495e-06
4.550921110046392464e-06
4.331168860432265733e-06
3.534281139772735606e-05
1.404322726283193678e-05
1.462025633003924664e-05
1.329609001711034738e-05
8.431103732810057115e-05
3.350042090991545016e-05
3.780590426510169617e-05
3.438179844044491284e-05
4.306868462599364107e-05
2.114717905828826966e-05
1.162892463730251788e-05
5.163528713412512733e-06
1.027412742102298105e-04
5.044705082748504306e-05
3.007074579401450526e-05
1.335215113898438636e-05
8.415494542443500905e-05
1.107899961590558973e-06
6.018877571768523646e-05
2.978432781261474189e-05
1.066908423567504703e-04
1.404585072843349966e-06
5.179881322619627767e-05
2.563256711965510192e-05
7.570038103910434581e-05
1.587775132989652571e-05
2.315267461812053310e-05
2.203469164085376038e-05
9.597222574448894736e-05
2.012966267845509903e-05
1.992532750385445631e-05
1.896318479968756078e-05
1.158873036674454105e-05
4.604703694803977620e-06
2.194767393930532781e-05
1.995985855347907675e-05
4.069176686380231167e-05
1.616859856913633914e-05
3.160765531566082334e-05
2.874492900944196352e-05
6.953384963212364857e-05
3.414185461088216735e-05
8.595536117453269091e-05
3.816629562399463763e-05
2.441557538082492966e-04
1.198830539806687616e-04
1.237874881889991670e-04
5.496469102351804036e-05
2.857179579554650383e-06
3.761477273237953013e-08
7.002776647353636881e-06
3.465313802719849230e-06
4.921994642500130916e-06
6.479806561423412730e-08
2.348875358312078115e-06
1.162337542652218858e-06
1.841470535655977062e-06
3.862386271394508379e-07
1.930033057085932025e-06
1.836836735754855530e-06
3.172257066261594694e-06
6.653640069075751533e-07
6.473727946513982240e-07
6.161128311135598826e-07
1.538619856327630653e-05
6.113602019477189586e-06
6.364806817672861040e-06
5.788342042637006004e-06
3.670410785400540294e-05
1.458412921011815826e-05
1.645848552739847200e-05
1.496782957683003364e-05
9.231913966856688148e-05
4.532967268519792851e-05
2.492698179917077634e-05
1.106819334316243663e-05
2.202292948091610057e-04
1.081349098922576135e-04
6.445763099112868761e-05
2.862077438816777383e-05
4.193273755765477184e-04
5.520445423047413341e-06
2.999087128340543053e-04
1.484093888004463279e-04
5.316192732093107456e-04
6.998768395593078530e-06
2.581031964143357831e-04
1.277219900193030751e-04
2.702591788222567684e-04
5.668542188374435997e-05
8.265774549536134355e-05
7.866641603009350849e-05
3.426320259346044483e-04
7.186524071309582224e-05
7.113574033629391322e-05
6.770077880018684872e-05
2.183739349170741282e-04
8.676940727235239433e-05
4.135742025853518088e-04
3.761165127475372613e-04
7.667812579604392671e-04
3.046753509572537296e-04
5.956034739224318935e-04
5.416592722458123729e-04
2.849364182602683905e-04
1.399067909666442040e-04
3.522286321398234539e-04
1.563981806112961850e-04
1.000503587185522453e-03
4.912578289865482872e-04
5.072574536950955970e-04
2.252347924626941719e-04
1.494254149949454649e-05
1.967185774984593584e-07
3.662327751939315200e-05
1.812297542529114054e-05
2.574115737496340922e-05
3.388823689824162232e-07
1.228420074463401962e-05
6.078818808514828926e-06
1.758435718851964017e-05
3.688225170110672625e-06
1.843004816222044260e-05
1.754010864311870331e-05
3.029214981551595404e-05
6.353616922618649794e-06
6.181817322005225971e-06
5.883313298234006217e-06
2.899320820613710058e-04
1.152025534515255207e-04
1.199361677920106713e-04
1.090734695255198542e-04
6.916392224208290111e-04
2.748181709440532619e-04
3.101378782362127461e-04
2.820484849004848576e-04
3.783061794104713624e-04
1.857523298963671069e-04
1.021460044204617121e-04
4.535533965828163227e-05
9.024575338615628767e-04
4.431161812068325429e-04
2.641350450366736951e-04
1.172824600557166325e-04
2.193007662613687299e-03
2.887094861655085704e-05
1.568469276362869508e-03
7.761547320770614431e-04
2.780274333718796200e-03
3.660231507492478850e-05
1.349833854046567127e-03
6.679633124631745170e-04
2.580727653181627817e-03
5.412938662255663020e-04
7.893057711457853766e-04
7.511922300299448806e-04
3.271822063725807802e-03
6.862472342995471755e-04
6.792811737808137447e-04
6.464804368642081698e-04
6.167596648553692808e-05
2.450652847800602842e-05
1.168069287555913746e-04
1.062276477441465668e-04
2.165641938249850151e-04
8.605031887960706393e-05
1.682179693755983660e-04
1.529823563160101919e-04
7.081202029959890129e-05
3.476944990911046075e-05
8.753539193576313575e-05
3.886786816471935320e-05
2.486438229208335791e-04
1.220867433195466035e-04
1.260629488062483042e-04
5.597505153404332086e-05
4.837040888233177355e-05
6.367964933323439334e-07
1.185529856674033414e-04
5.866577191807940505e-05
8.332654169798008655e-05
1.096994025497415089e-06
3.976511042855001486e-05
1.967770685458141968e-05
6.422958532884867459e-05
1.347181308568346014e-05
6.731860245781236501e-05
6.406796067052097899e-05
1.106467640818974412e-04
2.320756885810888932e-05
2.258004423558437001e-05
2.148971210343594479e-05
2.038305064265332823e-04
8.099067424585230143e-05
8.431853986661781524e-05
7.668175378528730118e-05
4.862420604445221741e-04
1.932049967029271032e-04
2.180357562829377189e-04
1.982881132207132914e-04
2.340238958742202997e-04
1.149082047187358242e-04
6.318851555560952118e-05
2.805725590332717716e-05
5.582690408717077288e-04
2.741159957062534649e-04
1.633965175317039667e-04
7.255207478430028621e-05
6.897586354272754183e-04
9.080673296649165047e-06
4.933248735137851304e-04
2.441210936034032429e-04
8.744694618411706730e-04
1.151239155702243437e-05
4.245582781553247382e-04
2.100920442617000387e-04
9.159093783610522486e-04
1.921071089830404019e-04
2.801274118544303578e-04
2.666007812130641568e-04
1.161181230727943324e-03
2.435515723615389418e-04
2.410792928277133581e-04
2.294381952008347385e-04
9.318101104319121748e-06
3.702484502249109025e-06
1.764737277501498384e-05
1.604903851788156379e-05
3.271885579790287434e-05
1.300061623788429479e-05
2.541463288739313184e-05
2.311281273012297249e-05
1.135502077802586278e-05
5.575435137821015374e-06
1.403668741603264284e-05
6.232634639439289311e-06
3.987113718332706063e-05
1.957714949029372889e-05
2.021475163366110009e-05
8.975847187115639335e-06
2.098102799009781499e-06
2.762152596870496343e-08
5.142324756130005475e-06
2.544671899855525500e-06
3.614351302955316607e-06
4.758293941637198272e-08
1.724841518210707313e-06
8.535353077152026730e-07
1.887318452209881991e-06
3.958549832006006535e-07
1.978085954395000938e-06
1.882569282517562904e-06
3.251238171006604287e-06
6.819298725437598196e-07
6.634907250194082812e-07
6.314524681708652453e-07
3.079503046737656587e-05
1.223619724397508411e-05
1.273897636658765743e-05
1.158519882773738595e-05
7.346220802971926023e-05
2.918971190438807853e-05
3.294118174666184389e-05
2.995767706710463001e-05
3.752676719239692472e-05
1.842603906266864684e-05
1.013255806049387197e-05
4.499105129450365847e-06
8.952091088499443579e-05
4.395571279656579876e-05
2.620135456917721986e-05
1.163404621389233624e-05
2.991879864302213806e-05
3.938810214927119468e-07
2.139833674878215665e-05
1.058893570721327484e-05
3.793076940905716854e-05
4.993586266315008460e-07
1.841553404907912163e-05
9.112900144951400239e-06
2.691302865311338821e-05
5.644864274431801035e-06
8.231247806689527224e-06
7.833782067576127803e-06
3.412008269853033431e-05
7.156505436385044057e-06
7.083860116330111407e-06
6.741798771193001824e-06
7.223196081921426381e-06
2.870088148928144027e-06
1.367987237502821588e-05
1.244087726062925978e-05
2.536296916705683480e-05
1.007780439606119448e-05
1.970088912327844869e-05
1.791656652845547104e-05
4.334009113413871659e-05
2.128044252048058243e-05
5.357553488669514500e-05
2.378885592193967112e-05
1.521810266072950199e-04
7.472249145487692350e-05
7.715610523164259118e-05
3.425920944579080097e-05
4.799409392823175767e-05
6.318423064917413503e-07
1.176306601714916075e-04
5.820936049264985535e-05
8.267827296428651969e-05
1.088459566808895402e-06
3.945574348186769921e-05
1.952461707256635196e-05
3.093250087840821556e-05
6.487927144058436338e-06
3.242014904810876653e-05
3.085466361914369302e-05
5.328667637558402460e-05
1.117659627434559081e-05
1.087438498280321463e-05
1.034928896260067568e-05
9.681177931268604991e-07
3.846750625771112957e-07
4.004811652900017283e-07
3.642093205241919231e-07
2.309465833823442780e-06
9.176506417430548991e-07
1.035587355867483140e-06
9.417935221768018578e-07
5.808829347401315763e-06
2.852196564517237082e-06
1.568435147218583634e-06
6.964238027487229809e-07
1.385708744078041045e-05
6.803976296960803005e-06
4.055750301719045651e-06
1.800852941309929630e-06
2.041750440841102934e-04
2.687964710305141954e-06
1.460288028653250903e-04
7.226213995488469754e-05
2.588511861269101005e-04
3.407776188568535530e-06
1.256732438078724651e-04
6.218922126619194342e-05
1.315921233959519137e-04
2.760074630502420525e-05
4.024695217478774039e-05
3.830353059778052481e-05
1.668312470742929800e-04
3.499196462080969968e-05
3.463676298059216338e-05
3.296424297853507674e-05
1.361113513878293275e-04
5.408292563600002669e-05
2.577786750713296311e-04
2.344314894943184296e-04
4.779308175194442844e-04
1.899025804938708664e-04
3.712365844286915251e-04
3.376134407484234433e-04
1.775994051842335415e-04
8.720318381420335868e-05
2.195422962737916123e-04
9.748218222877709786e-05
6.236087442024877171e-04
3.061984801830953105e-04
3.161709640402251480e-04
1.403876886373657551e-04
2.510005830172653001e-04
3.304422988827612207e-06
6.151874505204980815e-04
3.044246119650744517e-04
4.323926762307167982e-04
5.692450122473194362e-06
2.063465273901739781e-04
1.021102778965112597e-04
2.953770552654358785e-04
6.195376255291283065e-05
3.095827328911945420e-04
2.946337807231716411e-04
5.088389592090505767e-04
1.067262588428875749e-04
1.038404177751172980e-04
9.882623166747890717e-05
1.824286917184832080e-05
7.248680780467008967e-06
7.546525387760854499e-06
6.863031578038518154e-06
4.351875707936074268e-05
1.729188402654174264e-05
1.951424174127872464e-05
1.774682392364030495e-05
2.380347179525364094e-05
1.168775607229332500e-05
6.427147288498701089e-06
2.853811560790414410e-06
5.678369432707519289e-05
2.788139368438078276e-05
1.661968912182797229e-05
7.379550961511307971e-06
1.067799200029104093e-03
1.405757780166269924e-05
7.637046906504715241e-04
3.779181514682578946e-04
1.353745707330595086e-03
1.782206392732645848e-05
6.572487338258018071e-04
3.252385766162331601e-04
1.256584265773157865e-03
2.635618503254349488e-04
3.843215349294896695e-04
3.657636386632877974e-04
1.593085624753431875e-03
3.341412163302253106e-04
3.307493659614067685e-04
3.147783316430983330e-04
1.316297051765095213e-04
5.230217380081294946e-05
2.492909713587959631e-04
2.267125227366332022e-04
4.621943134309211098e-04
1.836497869412949814e-04
3.590131290361465543e-04
3.264970718181821807e-04
1.511279982483125755e-04
7.420544340815257364e-05
1.868192505052464712e-04
8.295234463105160302e-05
5.306591038618668635e-04
2.605592250083441476e-04
2.690452980406735041e-04
1.194627332251671351e-04
1.489835449827134643e-04
1.961368555721829982e-06
3.651497781625351650e-04
1.806938347526627984e-04
2.566503748916937832e-04
3.378802505908927585e-06
1.224787479610996610e-04
6.060842965908900783e-05
1.978306889722587694e-04
4.149393228682740604e-05
2.073450332380860856e-04
1.973328760508741644e-04
3.407981767094045000e-04
7.148060061519183165e-05
6.954778993635155006e-05
6.618950643183961946e-05
1.050470190889316469e-04
4.173972312920671657e-05
4.345478712781358598e-05
3.951905823556968575e-05
2.505919251285740486e-04
9.957100795431969727e-05
1.123679014190091281e-04
1.021906660576939662e-04
1.206076219313423288e-04
5.921961626933686172e-05
3.256512146362065975e-05
1.445971532000366967e-05
2.877120781444317071e-04
1.412696692872856326e-04
8.420877422685695967e-05
3.739076803773219428e-05
8.712177850035928133e-04
1.146958322739560302e-05
6.231069558464014937e-04
3.083435676163213891e-04
1.104521652166940262e-03
1.454102892990984256e-05
5.362494990298961092e-04
2.653622818874493074e-04
1.156863428589675197e-03
2.426459363831981583e-04
3.538222948429292614e-04
3.367371282634158778e-04
1.466660492326967010e-03
3.076242188334792722e-04
3.045015411477769158e-04
2.897979466313889483e-04
5.379932510652065585e-04
2.137679825624827533e-04
1.018895088784687415e-03
9.266130847951061173e-04
1.889067676426942370e-03
7.506082749444001941e-04
1.467348424174072432e-03
1.334449704154476186e-03
6.555975810834998446e-04
3.219053369692637871e-04
8.104272547157855304e-04
3.598496447757290411e-04
2.302014377906061709e-03
1.130313374255051840e-03
1.167126201906960436e-03
5.182327552791331617e-04
1.748222771782357546e-04
2.301535497338738453e-06
4.284789688479283026e-04
2.120321923283114448e-04
3.011621382913116170e-04
3.964799926643345746e-06
1.437206614125275978e-04
7.111995952592134538e-05
1.572588863289041687e-04
3.298421298905984846e-05
1.648219959311944744e-04
1.568631666050141328e-04
2.709061066847788068e-04
5.682111155384258301e-05
5.528468838098662741e-05
5.261513328496039016e-05
4.293452396522472961e-04
1.705974294687620193e-04
1.776071910963377375e-04
1.615211899979517528e-04
1.024212310662150124e-03
4.069638400340637257e-04
4.592669452440265553e-04
4.176708333971785019e-04
5.231993152486829690e-04
2.568963900063025367e-04
1.412684287934611363e-04
6.272665883772648998e-05
1.248103228166078018e-03
6.128318679443936446e-04
3.653000723163512468e-04
1.622022217227718055e-04
1.022316102829872982e-03
1.345879277024354276e-05
7.311745532656360128e-04
3.618206604642226483e-04
1.296082667699285018e-03
1.706292993858081526e-05
6.292531068915842079e-04
3.113849814901341198e-04
9.196098712478384656e-04
1.928832676370382940e-04
2.812591935780939419e-04
2.676779121146560672e-04
1.165872680543936614e-03
2.445355789481972603e-04
2.420533108139214971e-04
2.303651803691894270e-04
3.825556811935880674e-05
1.520059146181702854e-05
7.245148595880516670e-05
6.588950682091727115e-05
1.343276277807260071e-04
5.337417511508812799e-05
1.043400590707807584e-04
9.488991071553857842e-05
2.295382528560987675e-04
1.127057066178644942e-04
2.837473192121694934e-04
1.259907924251300762e-04
8.059827760207629579e-04
3.957460561059355868e-04
4.086349873432146783e-04
1.814439904170785816e-04
9.431838050918329210e-06
1.241701597171577301e-07
2.311687221805197514e-05
1.143935047581436218e-05
1.624800089141927037e-05
2.139049520231761117e-07
7.753874534146524574e-06
3.836993495700018178e-06
6.078880022848348491e-06
1.275012675526735904e-06
6.371233841098202802e-06
6.063583381873980050e-06
1.047194062248069441e-05
2.196433714901649586e-06
2.137042908123446414e-06
2.033850614689632965e-06
5.079139375996602788e-05
2.018161706323828031e-05
2.101086944595497702e-05
1.910790106444193106e-05
1.211639630773151408e-04
4.814368190498641894e-05
5.433112121079973066e-05
4.941031552675844433e-05
3.047547940580463293e-04
1.496378228121608711e-04
8.228648178446447371e-05
3.653722288790551919e-05
7.269991209414020583e-04
3.569642472082186642e-04
2.127811429860989483e-04
9.448006378484138511e-05
1.384241972417805163e-03
1.822354729527794309e-05
9.900289186411872101e-04
4.899143653475800282e-04
1.754928855552958123e-03
2.310364057460071341e-05
8.520246912109836861e-04
4.216231748341290925e-04
8.921528155479197843e-04
1.871242965899939578e-04
2.728615571611326621e-04
2.596857759139026864e-04
1.131062885510667349e-03
2.372344100267699551e-04
2.348262556841746156e-04
2.234871011026676028e-04
1.530516367955537968e-05
6.081403356062900473e-06
2.898615563535138790e-05
2.636086029392945620e-05
5.374136187066669128e-05
2.135376695619616054e-05
4.174403259233421220e-05
3.796324787305381759e-05
1.997032531101166624e-05
9.805640661459759093e-06
2.468663153216091395e-05
1.096147190986663462e-05
7.012224773836525356e-05
3.443076429591905498e-05
3.555212923843732232e-05
1.578602027884550173e-05
1.047277201490000622e-06
1.378740566527114451e-08
2.566813924605738500e-06
1.270184124080430371e-06
1.804119283167275432e-06
2.375123261556354559e-08
8.609621983527281111e-07
4.260458871980737207e-07
1.232434013117270313e-06
2.584964635868097345e-07
1.291705916514205035e-06
1.229332767402204902e-06
2.123084475755513324e-06
4.453056496637235308e-07
4.332647391563902226e-07
4.123435017176853445e-07
2.032045616427920017e-05
8.074195931615579799e-06
8.405960536693232580e-06
7.644627115498075530e-06
4.847488556897149682e-05
1.926116818846541044e-05
2.173661884802222121e-05
1.976791886179913048e-05
2.651432735808525377e-05
1.301881478667434817e-05
7.159102195330356625e-06
3.178817551991431090e-06
6.325049862221063821e-05
3.105666289800334428e-05
1.851242044673592069e-05
8.219970247709768117e-06
1.537012246428011170e-04
2.023476814337491114e-06
1.099292322144740738e-04
5.439832010909133021e-05
1.948609561291825157e-04
2.565344730748725536e-06
9.460574167989894046e-05
4.681551318415861843e-05
1.808753373395908506e-04
3.793763767854279527e-05
5.532003636419056795e-05
5.264877440517096516e-05
2.293120387042531163e-04
4.809697755176341557e-05
4.760874759665731858e-05
4.530984389503504508e-05
3.676582645038346835e-05
1.460865267729587090e-05
6.963009281479914990e-05
6.332364912529770654e-05
1.290966647016992934e-04
5.129568728638701851e-05
1.002768666681450732e-04
9.119472434378649744e-05
4.221194408921988636e-05
2.072651040553090420e-05
5.218095818459952034e-05
2.316962954728175850e-05
1.482197387796258794e-04
7.277745729094570865e-05
7.514772384995322047e-05
3.336743868836661260e-05
2.883421468099617077e-05
3.796024722784027411e-07
7.067093950193172232e-05
3.497141126152730295e-05
4.967200913660569197e-05
6.539320623050692346e-07
2.370448704908812164e-05
1.173013081727248035e-05
3.828807105494341307e-05
8.030718772706898917e-06
4.012947337317660971e-05
3.819172454467716543e-05
6.595794046430578930e-05
1.383432636070068149e-05
1.346025096829496537e-05
1.281029014517197831e-05
1.215059520198851357e-04
4.827956890016175750e-05
5.026335183596630920e-05
4.571096672221633064e-05
2.898550639068195019e-04
1.151719508083017874e-04
1.299738817608381432e-04
1.182020610825173986e-04
1.395046147022578023e-04
6.849823931668537241e-05
3.766747614923363833e-05
1.672528636349173350e-05
3.327912611490964128e-04
1.634040242851078292e-04
9.740273802724126295e-05
4.324921265336543552e-05
4.111738774084612363e-04
5.413104609483902288e-06
2.940772186767184534e-04
1.455236824283127753e-04
5.212823454943676807e-04
6.862682729318917102e-06
2.530845783566711398e-04
1.252385341986213827e-04
5.459852057121418988e-04
1.145174860034279196e-04
1.669875057515350040e-04
1.589241095381083320e-04
6.921948700454901146e-04
1.451841835873323187e-04
1.437104263775643772e-04
1.367710203263895741e-04
1.502682580168145706e-04
5.970807681291844405e-05
2.845901687250077449e-04
2.588146483846338582e-04
5.276402788520158154e-04
2.096542990187629386e-04
4.098488060357302230e-04
3.727285278343433041e-04
1.831166213970116593e-04
8.991219524949786007e-05
2.263624898163081719e-04
1.005105159987673534e-04
6.429814682855160930e-04
3.157106923295363360e-04
3.259929764901140750e-04
1.447489038735374491e-04
3.383503239745541588e-05
4.454382437597289730e-07
8.292764530127518430e-05
4.103662423649659814e-05
5.828679771505716132e-05
7.673457646970130745e-07
2.781563833606200817e-05
1.376452803101252235e-05
3.043582087825958825e-05
6.383751162053547151e-06
3.189958203358479478e-05
3.035923344389913488e-05
5.243105766779891473e-05
1.099713481207895342e-05
1.069977609630852173e-05
1.018311148915006420e-05
4.966157301901847395e-04
1.973269042713009605e-04
2.054349664264962553e-04
1.868285852592437859e-04
1.184687513808789592e-03
4.707275775159748695e-04
5.312256158920334150e-04
4.831121595168641329e-04
6.051750106456999304e-04
2.971473223029937483e-04
1.634025894287508354e-04
7.255477085601147946e-05
1.443658014027265251e-03
7.088513333221649337e-04
4.225358648411940807e-04
1.876163221107764341e-04
4.824851870258049444e-04
6.351918089637234732e-06
3.450800492179934465e-04
1.707623586781475966e-04
6.116901480811937032e-04
8.052901563259821710e-06
2.969779133134508816e-04
1.469590869354582899e-04
4.340126693608650256e-04
9.103184348010980335e-05
1.327411299113974983e-04
1.263314029113059972e-04
5.502371495112093726e-04
1.154093085462419880e-04
1.142377945676408332e-04
1.087215459357370248e-04
1.252682839454582857e-04
4.977450606501982009e-05
2.372431978278540248e-04
2.157559240452658518e-04
4.398573134780006514e-04
1.747743309630278347e-04
3.416626856980401329e-04
3.107180696411652055e-04
7.516255658629627297e-04
3.690560917780666308e-04
9.291337574946562572e-04
4.125582532399472307e-04
2.639199578129539526e-03
1.295874869036045193e-03
1.338079817945637051e-03
5.941403677720253447e-04
8.323376131175792185e-04
1.095772571596952527e-05
2.040009820020611923e-03
1.009495881847517328e-03
1.433848016355568312e-03
1.887661092565788156e-05
6.842612635334977857e-04
3.386056875147127644e-04
5.364469217273185953e-04
1.125168817905280381e-04
5.622464613243965134e-04
5.350970289950019321e-04
9.241242285299785955e-04
1.938301300088815960e-04
1.885890304386781281e-04
1.794825522797930382e-04
1.678958361736817591e-05
6.671227586670780300e-06
6.945344935868190422e-06
6.316300438416256647e-06
4.005191310780154853e-05
1.591435700330908701e-05
1.795967456425827117e-05
1.633305492693396365e-05
1.007396276978009486e-04
4.946422124777263840e-05
2.720058782061336912e-05
1.207773036751016725e-05
2.403165502502838894e-04
1.179979644826600129e-04
7.033685291739613286e-05
3.123129360431502720e-05
3.540905868652702727e-03
4.661603018207235879e-05
2.532504632863693400e-03
1.253206221139576033e-03
4.489126906650292570e-03
5.909936133128201110e-05
2.179488333297972379e-03
1.078516620560572613e-03
2.282136507384544249e-03
4.786659653194142729e-04
6.979828009361565763e-04
6.642790106509135692e-04
2.893271038534264965e-03
6.068481749927802501e-04
6.006880902574333013e-04
5.716824107568411984e-04
5.011692895686088359e-05
1.991362303174492272e-05
9.491548951220492227e-05
8.631893067287843991e-05
1.759766880843576095e-04
6.992314776316955343e-05
1.366912997211197048e-04
1.243110780427020984e-04
6.539305268550044158e-05
3.210867957350466568e-05
8.083664994280231940e-05
3.589346187151469086e-05
2.296160813290396723e-04
1.127439212201307651e-04
1.164158432155794755e-04
5.169149924762180351e-05
9.241975969633758686e-05
1.216706251799800326e-06
2.265153158683943699e-04
1.120907734366804705e-04
1.592093004379609134e-04
2.095990639058284289e-06
7.597789712807893198e-05
3.759755149681339901e-05
1.087594145769997848e-04
2.281170736177258592e-05
1.139900212023475470e-04
1.084857369075748395e-04
1.873572314810128809e-04
3.929718041678935734e-05
3.823459827136540493e-05
3.638834807716255667e-05
6.717122186596568098e-06
2.669003106658682282e-06
2.778671087115340488e-06
2.527005003757567368e-06
1.602383955929358229e-05
6.366964360078791513e-06
7.185248379527325964e-06
6.534475668063416623e-06
8.764565869970779036e-06
4.303494416650251559e-06
2.366510072588791477e-06
1.050788709318408344e-06
2.090806053632788367e-05
1.026607856178648396e-05
6.119458594092280812e-06
2.717190208609350480e-06
3.931693874346224322e-04
5.176075476497477549e-06
2.812001595391806991e-04
1.391514885094032137e-04
4.984564237160999528e-04
6.562179440607033357e-06
2.420025057739586081e-04
1.197545867564122078e-04
4.626810602785161710e-04
9.704488563089622990e-05
1.415092486134498172e-04
1.346761317625858913e-04
5.865826638549061483e-04
1.230325864054155152e-04
1.217836889238085537e-04
1.159030685042994601e-04
2.088143265135458931e-04
8.297096147686433890e-05
3.954694437732767160e-04
3.596515139493407166e-04
7.332143922076647191e-04
2.913377836946365491e-04
5.695301425212204692e-04
5.179474197631597169e-04
2.397459686568794552e-04
1.177178028936106167e-04
2.963657475469316229e-04
1.315936851307617471e-04
8.418253557022507870e-04
4.133451413117539860e-04
4.268072517268341149e-04
1.895129230019154557e-04
2.363440574864838204e-04
3.111469811914386100e-06
5.792651810724231461e-04
2.866485293606867656e-04
4.071442316959783384e-04
5.360054318647551848e-06
1.942974591747660944e-04
9.614781407688551896e-05
3.138340394066695279e-04
6.582501657398533547e-05
3.289273755759075765e-04
3.130443204768180499e-04
5.406343625186396879e-04
1.133951751713620562e-04
1.103290089162677556e-04
1.050015054678945028e-04
1.666441667851233089e-04
6.621493349392228471e-05
6.893567144069869825e-05
6.269212195563552033e-05
3.975332468099637326e-04
1.579571490977302209e-04
1.782578455606711478e-04
1.621129142558936026e-04
1.913291480234055012e-04
9.394463256671494475e-05
5.166055714505464333e-05
2.293855867925323976e-05
4.564198008874953828e-04
2.241069431057290495e-04
1.335868560453966423e-04
5.931585150292217868e-05
1.382079787979454940e-03
1.819508213444730906e-05
9.884824945592298861e-04
4.891491196477776087e-04
1.752187658610879694e-03
2.306755271343553069e-05
8.506938295804779022e-04
4.209645998987933098e-04
1.835221444773203455e-03
3.849279136435259296e-04
5.612955229522813717e-04
5.341920089856673102e-04
2.326676357123194476e-03
4.880079613399618374e-04
4.830542175251866248e-04
4.597287745170854632e-04
5.932445764585099826e-04
2.357217233200935877e-04
1.123534513128057874e-03
1.021775247071937502e-03
2.083072884993371170e-03
8.276949334847184727e-04
1.618043521350238370e-03
1.471496246428480141e-03
7.229267440568041625e-04
3.549646671439728087e-04
8.936572578231596984e-04
3.968058143499802646e-04
2.538428766380118780e-03
1.246395336089549822e-03
1.286988801352089914e-03
5.714546991133788358e-04
1.927763360874288007e-04
2.537900705296130551e-06
4.724832958262506987e-04
2.338076693050051831e-04
3.320911643821232179e-04
4.371980593747600634e-06
1.584806179988266877e-04
7.842390249908141300e-05
1.734092039812973676e-04
3.637165601198299786e-05
1.817490367651405578e-04
1.729728442694782725e-04
2.987278710318923801e-04
6.265657829520889747e-05
6.096236612314672999e-05
5.801865060415261651e-05
4.734385317058627317e-04
1.881176010846272910e-04
1.958472576548400061e-04
1.781092416302365968e-04
1.129397807945206047e-03
4.487585865378727434e-04
5.064331641209818139e-04
4.605651765467039249e-04
5.769313194236850217e-04
2.832793715929672758e-04
1.557765437402826650e-04
6.916861890212495576e-05
1.376282080683836504e-03
6.757690384017194137e-04
4.028159949079186892e-04
1.788602145771011286e-04
1.127306861618074208e-03
1.484099624078417696e-05
8.062653895945225699e-04
3.989792512193058183e-04
1.429188956798429404e-03
1.881527440077074024e-05
6.938767208398571602e-04
3.433638825280840444e-04
1.014052811062802735e-03
2.126921707450923026e-04
3.101442087589961370e-04
2.951681443686186802e-04
1.285606544699954747e-03
2.696491185994022237e-04
2.669119242107008015e-04
2.540234354024342440e-04
3.121998220680085115e-05
1.240504894581946267e-05
5.912692488144104881e-05
5.377176007805679962e-05
1.096234183769409379e-04
4.355812445907687296e-05
8.515086686159827360e-05
7.743869637227829544e-05
1.873238464944190567e-04
9.197798721054837939e-05
2.315633172507659734e-04
1.028198113660435038e-04
6.577543914090467530e-04
3.229643536201130295e-04
3.334828800379420585e-04
1.480746053666783814e-04
7.697227635160601843e-06
1.013340114278313119e-07
1.886544560187198354e-05
9.335538220161951816e-06
1.325982918730984780e-05
1.745656678074731066e-07
6.327858580861617269e-06
3.131331582623820274e-06
4.960912501899697794e-06
1.040524948399522682e-06
5.199499495964803892e-06
4.948429067918176526e-06
8.546044823709757354e-06
1.792487338933193996e-06
1.744019102228985399e-06
1.659804915294657049e-06
4.145034271866755721e-05
1.647001355862567117e-05
1.714675804069916231e-05
1.559376479209340218e-05
9.888068475618956457e-05
3.928957185406317643e-05
4.433907848876923242e-05
4.032325874144330314e-05
2.487073049926761094e-04
1.221179136873417248e-04
6.715316549883409134e-05
2.981765804359059492e-05
5.932966293778531037e-04
2.913149116367490916e-04
1.736485386190652171e-04
7.710422443752734569e-05
1.129665872794130988e-03
1.487205262586248354e-05
8.079525868694432521e-04
3.998141583281744280e-04
1.432179688813442269e-03
1.885464739148268293e-05
6.953287327054794541e-04
3.440824084804368702e-04
7.280768891015015421e-04
1.527102457810173848e-04
2.226795569448026819e-04
2.119269351351931070e-04
9.230489807455437941e-04
1.936046025187299210e-04
1.916393321169811734e-04
1.823855627527334335e-04
9.261564733309551336e-05
3.680020157300188140e-05
1.754029962745168357e-04
1.595166305631104430e-04
3.252033838006315042e-04
1.292173668348266138e-04
2.526043289558066278e-04
2.297257873384455935e-04
1.208457906662242375e-04
5.933655963378765082e-05
1.493854236187502470e-04
6.633080429005469244e-05
4.243285143964599642e-04
2.083497824789295582e-04
2.151354622810148522e-04
9.552543948887201651e-05
6.337355025007275480e-06
8.343128681719338566e-08
1.553247898475724909e-05
7.686224554466667842e-06
1.091720930105802601e-05
1.437250740799168194e-07
5.209913007090382802e-06
2.578117847191744521e-06
7.457788515692412945e-06
1.564231380314374268e-06
7.816458688498515841e-06
7.439022046711525445e-06
1.284735316667026962e-05
2.694663831644073256e-06
2.621801055102442018e-06
2.495201040299376824e-06
1.229645262972569252e-04
4.885912353225791024e-05
5.086672007319003675e-05
4.625968749800114734e-05
2.933345242406742753e-04
1.165544908578314140e-04
1.315341062396809164e-04
1.196209749954677676e-04
1.604453008987361028e-04
7.878033742220965404e-05
4.332164608144641364e-05
1.923587695600816516e-05
3.827457188100637534e-04
1.879321906335776381e-04
1.120236176021535224e-04
4.974124298764387810e-05
9.300873034894648018e-04
1.224460051176799238e-05
6.652112460563676345e-04
3.291788141714797043e-04
1.179155869855711639e-03
1.552358849897258642e-05
5.724846980118015191e-04
2.832932172149024773e-04
1.094525142300528187e-03
2.295708131877194315e-04
3.347563662585236366e-04
3.185918442246070100e-04
1.387628603687250488e-03
2.910477015461319038e-04
2.880932912381937798e-04
2.741820088148239640e-04
5.832445859128767163e-05
2.317482946565342501e-05
1.104595723032335790e-04
1.004551755756638299e-04
2.047959695623564468e-04
8.137429449828992799e-05
1.590769070713845764e-04
1.446692060876437699e-04
6.696405392687092154e-05
3.288005777649728777e-05
8.277866782074324399e-05
3.675576560014512579e-05
2.351323729531884716e-04
1.154524786726424492e-04
1.192126148403337393e-04
5.293333467434323426e-05
4.574193272776329246e-05
6.021926014754716545e-07
1.121107474668184165e-04
5.547783974758349943e-05
7.879852895306818173e-05
1.037382732056865186e-06
3.760425119745500238e-05
1.860840881805502327e-05
6.073931230127524943e-05
1.273974692637801169e-05
6.366047044264416083e-05
6.058647042089424054e-05
1.046341545611277054e-04
2.194645606707504526e-05
2.135303149755447344e-05
2.032194864768695913e-05
1.927542381440160407e-04
7.658959389700691219e-05
7.973662136420068994e-05
7.251482268066433213e-05
4.598193840446640544e-04
1.827061247993938911e-04
2.061875664603715120e-04
1.875130218088770159e-04
2.213069012463478671e-04
1.086640260349828194e-04
5.975481486507913751e-05
2.653260829730995287e-05
5.279323764590755554e-04
2.592203730528988494e-04
1.545174557252098593e-04
6.860955283872582737e-05
6.522767499621613023e-04
8.587224227700161275e-06
4.665173129318414156e-04
2.308554113776300652e-04
8.269502826268837177e-04
1.088680150333276594e-05
4.014875343650329219e-04
1.986755203710339601e-04
8.661383299784728438e-04
1.816678969368206538e-04
2.649051253508877225e-04
2.521135396866888288e-04
1.098081967219014183e-03
2.303168382513254980e-04
2.279789038254334869e-04
2.169703902149457283e-04
1.657006456973909164e-04
6.584003176600961558e-05
3.138172714532067357e-04
2.853946330333997461e-04
5.818283651890554823e-04
2.311855689227168694e-04
4.519398354296890212e-04
4.110073447785474177e-04
2.019225004925142631e-04
9.914608051984323686e-05
2.496096728560882579e-04
1.108328373548463216e-04
7.090149701106185712e-04
3.481338391952395399e-04
3.594721028254810433e-04
1.596144598492043492e-04
3.730985365401090790e-05
4.911842699410266674e-07
9.144422484120302960e-05
4.525104119106651931e-05
6.427278884099035599e-05
8.461513453441749489e-07
3.067227432858663497e-05
1.517813018237955462e-05
3.356154678583831298e-05
7.039355506506096317e-06
3.517563462970620960e-05
3.347709390474872118e-05
5.781567062006717647e-05
1.212652867100406257e-05
1.179863153652477931e-05
1.122890603264913390e-05
5.476176289126005172e-04
2.175921640587800835e-04
2.265329154336985908e-04
2.060156790313140180e-04
1.306353641005057959e-03
5.190707909400116759e-04
5.857819124678643498e-04
5.327272561264915270e-04
6.673258301343792855e-04
3.276640311312270710e-04
1.801838587490643912e-04
8.000606740195307070e-05
1.591920131687181482e-03
7.816495990909542915e-04
4.659298414616408349e-04
2.068843156060720450e-04
5.320358942382651807e-04
7.004253211959467893e-06
3.805193972922124275e-04
1.882994683455526687e-04
6.745100651425989073e-04
8.879925849811667155e-06
3.274772240215642204e-04
1.620516263227035777e-04
4.785853014007546277e-04
1.003807154135649617e-04
1.463735004797793264e-04
1.393055014447448802e-04
6.067459100410750551e-04
1.272617197935565591e-04
1.259698925955863105e-04
1.198871311914344648e-04
1.022301795035852564e-04
4.062047095611830870e-05
1.936117741543105081e-04
1.760762273530699906e-04
3.589631045987606004e-04
1.426315637464046712e-04
2.788274620557219634e-04
2.535738738805920684e-04
6.133940219945065468e-04
3.011829436874095649e-04
7.582566617810138987e-04
3.366846176544476248e-04
2.153824081564353725e-03
1.057550373512105560e-03
1.091993405435859234e-03
4.848719447143226124e-04
6.792623073981275987e-04
8.942489125039468958e-06
1.664831380468072925e-03
8.238393786438027652e-04
1.170148863512102946e-03
1.540501124921260986e-05
5.584186962187225175e-04
2.763326767582738883e-04
4.377889069367892224e-04
9.182388917882516562e-05
4.588436502528827460e-04
4.366872731314167368e-04
7.541684358617509274e-04
1.581828086081134483e-04
1.539056002598985606e-04
1.464738955417782041e-04
1.370180937212585253e-05
5.444321357444048534e-06
5.668025753567964726e-06
5.154668901659200549e-06
3.268596118276275244e-05
1.298754578485956037e-05
1.465670875901436558e-05
1.332924092541553691e-05
8.221259123462213781e-05
4.036725065513432502e-05
2.219812460043808078e-05
9.856513592890425341e-06
1.961199059808754687e-04
9.629694532553996185e-05
5.740119424477342506e-05
2.548754282199981115e-05
2.889697464964662791e-03
3.804287073440495412e-05
2.066751415897425791e-03
1.022728921535238835e-03
3.663531063306089356e-03
4.823039102279691627e-05
1.778658384400257737e-03
8.801665053982322051e-04
1.862428521038789978e-03
3.906344528369727815e-04
5.696167041067345081e-04
5.421113817514623245e-04
2.361169230598422070e-03
4.952426576542426004e-04
4.902154748078167701e-04
4.665442331449224734e-04
3.032709688617502833e-04
1.205026699777100353e-04
5.743590651600186375e-04
5.223389836757024287e-04
1.064882102779346734e-03
4.231237070861412872e-04
8.271556889904133243e-04
7.522396496144022338e-04
3.957108876689114838e-04
1.942982254860449042e-04
4.891642336822737752e-04
2.172009575236824618e-04
1.389468447095725716e-03
6.822436835890979996e-04
7.044634676884597990e-04
3.127991156887641221e-04
5.592567351683556086e-04
7.362615616792696982e-06
1.370704884263047050e-03
6.782913113025323916e-04
9.634181463350016900e-04
1.268340109944716928e-05
4.597626182151872743e-04
2.275128605562175125e-04
6.581323660113878307e-04
1.380397549688330936e-04
6.897841685464021306e-04
6.564762690858604944e-04
1.133748820950519764e-03
2.377977706653393384e-04
2.313678013227384793e-04
2.201956465875780367e-04
4.064710659436813068e-05
1.615085311288992498e-05
1.681448345454215871e-05
1.529158453559103224e-05
9.696454769236101596e-05
3.852820774096915601e-05
4.347986364941188245e-05
3.954186355997443055e-05
5.303673705399276791e-05
2.604159808658798643e-05
1.432038669314439884e-05
6.358604099989571792e-06
1.265202778352651043e-04
6.212279276975956027e-05
3.703048401743036614e-05
1.644244618132790342e-05
2.379173335954288745e-03
3.132181993853077522e-05
1.701617529296983950e-03
8.420429506988826680e-04
3.016293410273900976e-03
3.970950651247179204e-05
1.464422021074228246e-03
7.246670996644099909e-04
2.799807098025273739e-03
5.872446117696648784e-04
8.563103889873158745e-04
8.149613675919541687e-04
3.549568907901540313e-03
7.445031540710439922e-04
7.369457406951774193e-04
7.013605304827193231e-04
