1.829406194151315685e-03
9.252381166938814395e-04
1.522678599707298110e-03
2.441972298812424610e-03
2.886851116575868056e-03
1.460050096482485692e-03
1.300284468984854282e-03
2.085311144746772143e-03
1.807174038857691737e-04
9.965208540704273974e-05
1.307091137712235738e-04
2.680794254366116795e-05
2.851768190466578024e-04
1.572536131921723520e-04
1.116184535752766632e-04
2.289252068142392108e-05
7.530745451590893733e-04
5.291557115084862548e-04
1.674547697159695030e-05
4.643733210796582568e-05
1.510343953990671761e-03
1.061258987883648619e-03
4.293731390442940741e-04
1.190706188295464216e-03
7.785917382536966730e-05
1.117679387278311067e-04
1.383164639037186333e-05
2.283262330661997072e-06
1.561520479025269481e-04
2.241584602649374276e-04
3.546591977557910251e-04
5.854545175636395517e-05
5.952938001830053807e-05
3.010750244105220519e-05
2.015840921262240619e-04
3.232873759098721421e-04
4.914119220713846067e-04
2.485358597515718881e-04
2.902002343701183713e-04
4.654041460731944387e-04
5.880593957881192163e-06
3.242706229364235109e-06
1.730429391813901910e-05
3.549044926798555078e-06
4.854399590379381197e-05
2.676837051544725044e-05
2.491124223983388027e-05
5.109201121396604834e-06
6.616487555153202594e-04
4.649144234711195269e-04
2.985344669088372480e-05
8.278739512188486901e-05
1.320252358547570381e-03
9.276891386767175578e-04
1.694269258040874188e-04
4.698423601155730955e-04
6.840680753075253494e-05
9.819893401145246038e-05
2.465873733322162587e-05
4.070546953385492101e-06
1.364987816123754963e-04
1.959459201801149885e-04
1.399454509838557990e-04
2.310152873784913547e-05
5.464498440685310651e-04
2.763717681781356042e-04
4.548292697579657128e-04
7.294254202111595054e-04
8.623122341803256914e-04
4.361219231168218411e-04
3.883993875133535923e-04
6.228895220341592329e-04
8.538375420724150355e-04
4.708273239699856550e-04
6.175628137034877216e-04
1.266597863699205908e-04
1.347378110769787210e-03
7.429779074011141253e-04
5.273649576710361152e-04
1.081605488468847506e-04
7.919529867105806287e-05
5.564740554012204344e-05
1.760998374835241597e-06
4.883471907818314900e-06
1.588317402323691186e-04
1.116047847494768241e-04
4.515400793524245099e-05
1.252177926046027230e-04
1.280684393144926423e-04
1.838440452807259024e-04
2.275129929246266268e-05
3.755676163342138553e-06
2.568502603879713663e-04
3.687121601066378979e-04
5.833692770358460096e-04
9.629982270575239444e-05
1.778162801268290814e-05
8.993213244168715313e-06
6.021385303124222855e-05
9.656703728240579915e-05
1.467864102832014970e-04
7.423850550024499158e-05
8.668379571862634865e-05
1.390177992529030245e-04
2.778410813214744551e-05
1.532085043836387786e-05
8.175779127339460905e-05
1.676821231295298788e-05
2.293563611121166945e-04
1.264728199650338373e-04
1.176984252024507605e-04
2.413949975844263067e-05
6.958072231388475154e-05
4.889162282798967279e-05
3.139466925609058991e-06
8.706140082707899193e-06
1.388412083882818173e-04
9.755822831042411792e-05
1.781738086651081732e-05
4.940985759890085079e-05
1.125204988509106259e-04
1.615247581409056526e-04
4.056048697376110477e-05
6.695532072375770047e-06
2.245231367164933966e-04
3.223061195562375368e-04
2.301924695073675759e-04
3.799907687013262785e-05
5.223857942392898896e-04
2.642011653807815929e-04
4.347999215386250138e-04
6.973036621958435440e-04
8.243385302861450537e-04
4.169163916239965011e-04
3.712954166435294121e-04
5.954592927843136178e-04
6.228416597827337187e-04
3.434504311215420304e-04
4.504883293999659903e-04
9.239344451743156583e-05
9.828605296856394308e-04
5.419738184671728980e-04
3.846924612260979592e-04
7.889896197734961464e-05
4.876615661441305099e-04
3.426605037537504674e-04
1.084371471362681576e-05
3.007099662164488269e-05
9.780395616264174561e-04
6.872297350145381957e-04
2.780452198159585517e-04
7.710546695998166415e-04
1.521162842180467131e-04
2.183650647529494088e-04
2.702338787000784241e-05
4.460892205385421513e-06
3.050799043057796024e-04
4.379464920603923076e-04
6.929105033578644279e-04
1.143823667975161920e-04
5.581383615137031301e-05
2.822833376822126713e-05
1.890021613730390811e-04
3.031092986907137922e-04
4.607403015601779350e-04
2.330234205303285044e-04
2.720873008797287506e-04
4.363558085958923159e-04
6.654695194761945580e-05
3.669564965228427943e-05
1.958217187082900059e-04
4.016229039025543388e-05
5.493416117305184110e-04
3.029206707972356086e-04
2.819047280195204584e-04
5.781758848706627316e-05
1.167865873985973085e-05
8.206131802861252130e-06
5.269385201818806950e-07
1.461267368117999832e-06
2.330356796932717931e-05
1.637449594965487178e-05
2.990528178759124414e-06
8.293114042127158454e-06
3.642924305486527531e-06
5.229469060113181885e-06
1.313172136171063722e-06
2.167722039425074031e-07
7.269082524885809397e-06
1.043487016791662657e-05
7.452630859906369131e-06
1.230244818765632066e-06
4.756859864089212834e-04
2.405823308184654305e-04
3.959300422187215325e-04
6.349666932677766737e-04
7.506450045891246330e-04
3.796452491371992213e-04
3.381026598787717518e-04
5.422269215167737320e-04
5.139283233696017965e-04
2.833929000324620110e-04
3.717135939603946723e-04
7.623704562047062619e-05
8.109924186890461783e-04
4.472014539493342211e-04
3.174231339628427718e-04
6.510227857713591553e-05
3.212305795450432887e-04
2.257160290041828091e-04
7.142930679203745145e-06
1.980825298299815427e-05
6.442505151336410047e-04
4.526893677613715288e-04
1.831528939371272952e-04
5.079062111350727757e-04
1.765660934547740469e-04
2.534631096770693969e-04
3.136688522631123028e-05
5.177896068633467712e-06
3.541157159585492896e-04
5.083380891324179151e-04
8.042827322570407240e-04
1.327671640769178759e-04
5.082423756104052770e-05
2.570480082210217394e-05
1.721059044055264146e-04
2.760121874052371208e-04
4.195514258674550652e-04
2.121917878964657371e-04
2.477634681792809535e-04
3.973468373876155478e-04
5.491020535095171183e-05
3.027885724171909128e-05
1.615793131278517379e-04
3.313930312584918513e-05
4.532808765108979577e-04
2.499503846790275953e-04
2.326093991072689300e-04
4.770730384797437827e-05
7.692921845321601480e-06
5.405512055623084594e-06
3.471029459241923220e-07
9.625605053158336947e-07
1.535043801676553172e-05
1.078614594390853713e-05
1.969909393525288393e-06
5.462808666775857103e-06
4.228455333876029331e-06
6.070007083944069759e-06
1.524239665130326975e-06
2.516142266849382026e-07
8.437449751137059720e-06
1.211207774846643797e-05
8.650500001748316254e-06
1.427983353386788059e-06
1.328110358029317966e-03
6.717033813230018774e-04
1.105432586096060082e-03
1.772820445476850975e-03
2.095793095196979514e-03
1.059965612109272292e-03
9.439791322257857229e-04
1.513891961176494581e-03
1.311970281636674136e-04
7.234531469907592050e-05
9.489206303301495006e-05
1.946200154100184118e-05
2.070323629911091819e-04
1.141628104167145125e-04
8.103264590142628988e-05
1.661948775269353820e-05
8.405581211226745373e-04
5.906269618407333820e-04
1.869077470620792222e-05
5.183188952213952576e-05
1.685798417137041125e-03
1.184543902876948910e-03
4.792527928817095053e-04
1.329028796520193663e-03
8.690396094717414656e-05
1.247518578110659799e-04
1.543844865911395714e-05
2.548505598852749587e-06
1.742920044743749629e-04
2.501986229719709172e-04
3.958594415663135488e-04
6.534659184133160658e-05
2.804812609713288165e-04
1.418558407086995454e-04
9.497925282262660888e-04
1.523215105271334691e-03
2.315358156200417617e-03
1.171012554108308203e-03
1.367320265141065781e-03
2.192818768006055043e-03
2.770726669855852584e-05
1.527847815468696879e-05
8.153167691123363843e-05
1.672183711650175955e-05
2.287220390922494807e-04
1.261230389769264076e-04
1.173729112186763606e-04
2.407273807731413645e-05
3.233221509296516811e-06
2.271856935298366047e-06
1.458822451686259933e-07
4.045499736461152110e-07
6.451562536425903236e-06
4.533257944049548234e-06
8.279238435763618043e-07
2.295937855306880995e-06
3.342776052204254953e-07
4.798602022436146183e-07
1.204977101117197596e-07
1.989118826957824396e-08
6.670167411683154886e-07
9.575119102155962978e-07
6.838592810422464263e-07
1.128882341124814225e-07
3.967110750860905065e-04
2.006400815509097461e-04
3.301964682483748015e-04
5.295474887367742538e-04
6.260205162372849347e-04
3.166153286825528716e-04
2.819697731744213206e-04
4.522046709835683990e-04
6.198680682978338413e-04
3.418107185855751126e-04
4.483375929498419369e-04
9.195233664424682458e-05
9.781681240701623099e-04
5.393863089351437316e-04
3.828558496105451993e-04
7.852227991407028014e-05
8.839530147527540434e-05
6.211188380597187746e-05
1.965570997940041408e-06
5.450777745414252926e-06
1.772829927695419091e-04
1.245697504720505986e-04
5.039948344448118723e-05
1.397641616748825056e-04
1.429459638720918498e-04
2.052009409614469985e-04
2.539428468178018842e-05
4.191967607585495190e-06
2.866881820258230205e-04
4.115449161395381083e-04
6.511384385225163669e-04
1.074868332203339364e-04
8.378070535233479547e-05
4.237282145611208974e-05
2.837062543059092816e-04
4.549895257922716911e-04
6.916053457474348898e-04
3.497854274466554629e-04
4.084232075231931177e-04
6.550024142688263976e-04
1.309088332764890702e-04
7.218639684781507000e-05
3.852136270114488105e-04
7.900585109951029246e-05
1.080645579657398122e-03
5.958949347614126129e-04
5.545531081454971702e-04
1.137367351950185218e-04
3.400140726365066004e-07
2.389144470297558419e-07
1.534136036226427582e-08
4.254353861277376852e-08
6.784632746540677443e-07
4.767293213397725826e-07
8.706664763854017929e-08
2.414468598760103376e-07
5.498441493148317385e-07
7.893090071609777277e-07
1.982034090111261147e-07
3.271847507025013143e-08
1.097157712328955380e-06
1.574985322107196117e-06
1.124861548495832420e-06
1.856867887165244258e-07
6.310818431140825075e-05
3.191751388343014561e-05
5.252714352043841333e-05
8.423959556357606701e-05
9.958637558291527810e-05
5.036667684152642107e-05
4.485531545061032508e-05
7.193601972598761825e-05
7.524401830189710711e-05
4.149142903208891472e-05
5.442242272937595371e-05
1.116183209817728800e-05
1.187370409835400193e-04
6.547456689091484287e-05
4.647378051621586857e-05
9.531595784866532802e-06
6.576185242115280315e-04
4.620825392615007408e-04
1.462290277113716957e-05
4.055116456327682910e-05
1.318900191833368004e-03
9.267390245819959356e-04
3.749479143193316043e-04
1.039778135311928428e-03
2.051309622920900700e-04
2.944683805156534783e-04
3.644142102643771149e-05
6.015576277555655174e-06
4.114045689974776951e-04
5.905770431521984018e-04
9.343996210974522603e-04
1.542462405720377953e-04
3.067423012300737878e-05
1.551375905514102997e-05
1.038720179702258095e-04
1.665831453556890066e-04
2.532141671586880739e-04
1.280652705184488023e-04
1.495340413100746594e-04
2.398129104059574905e-04
3.657294783483316426e-05
2.016723593222838646e-05
1.076199178721642615e-04
2.207243620303451313e-05
3.019077737044594629e-04
1.664794790282845172e-04
1.549295138320692261e-04
3.177545455932740716e-05
3.585529567018322762e-04
2.519409879628162967e-04
1.617783074407829979e-05
4.486317710289618491e-05
7.154557199780572484e-04
5.027224502427276925e-04
9.181385846429042765e-05
2.546114777651162253e-04
1.118434325266405680e-04
1.605528199128501829e-04
4.031642353548649959e-05
6.655243242024225338e-06
2.231721201777946335e-04
3.203667163196164042e-04
2.288073390573994864e-04
3.777042613035760271e-05
5.746649169195647966e-05
2.906417870238856826e-05
4.783136592592172171e-05
7.670881473471430302e-05
9.068363616401998041e-05
4.586403883817343386e-05
4.084537751812029335e-05
6.550514366784890232e-05
6.208645738786147379e-05
3.423602166256605741e-05
4.490583445682874047e-05
9.210016006235490993e-06
9.797406361004313018e-05
5.402534313028545482e-05
3.834713321789877958e-05
7.864851305004206937e-06
4.331839831511147352e-04
3.043812598525480061e-04
9.632343120546225940e-06
2.671170950970097320e-05
8.687809382531569034e-04
6.104580197027402282e-04
2.469842697843573488e-04
6.849187145205487028e-04
2.381018761056217278e-04
3.417985908666736593e-04
4.229868868842258140e-05
6.982466135477706397e-06
4.775300550544989272e-04
6.855011081126849643e-04
1.084586648108677416e-03
1.790383999181260563e-04
2.793204098255619168e-05
1.412687301307944369e-05
9.458615428163528365e-05
1.516910848102494757e-04
2.305775390638190394e-04
1.166165986959984130e-04
1.361661222925829719e-04
2.183743166411554275e-04
3.017761170310331379e-05
1.664068802537194217e-05
8.880093854433093379e-05
1.821273505446799801e-05
2.491146080471016424e-04
1.373680102938144290e-04
1.278377321644761039e-04
2.621903308728354797e-05
2.361846454081169657e-04
1.659576132159792125e-04
1.065659938467644311e-05
2.955210207551173363e-05
4.712822816539973848e-04
3.311514280665017480e-04
6.047927704852936278e-05
1.677167081424971607e-04
1.298201442489528166e-04
1.863586423431492589e-04
4.679652439790817797e-05
7.724947439230784468e-06
2.590428081409686589e-04
3.718595932333299643e-04
2.655837816366673999e-04
4.384130617074438610e-05
2.111728953239666237e-03
1.068025311114586358e-03
1.757665681771694707e-03
2.818829204196347891e-03
3.332363859953827844e-03
1.685372046831175091e-03
1.500950619595455482e-03
2.407126386121154465e-03
2.086065824855952541e-04
1.150308743227958187e-04
1.508807726165159230e-04
3.094507312111584763e-05
3.291866768019728932e-04
1.815217468056710948e-04
1.288439499572685684e-04
2.642540453298704262e-05
8.692926295124941321e-04
6.108175649219323025e-04
1.932971948481578139e-05
5.360376445488646571e-05
1.743427494226999254e-03
1.225037577091727054e-03
4.956360661519873534e-04
1.374461691812330078e-03
8.987477585240626044e-05
1.290165043772425807e-04
1.596621255951932527e-05
2.635626350733569805e-06
1.802501826645498174e-04
2.587516715360692007e-04
4.093919102428211104e-04
6.758046733943870010e-05
6.871624014117351823e-05
3.475383696511364745e-05
2.326935183757606815e-04
3.731786380238336326e-04
5.672489724386840619e-04
2.868911085103149385e-04
3.349853297291434493e-04
5.372275514112841849e-04
6.788115489498997307e-06
3.743136244586633817e-06
1.997477574916352032e-05
4.096750602588677370e-06
5.603553873586048927e-05
3.089939414725814280e-05
2.875566490766619278e-05
5.897677601875096678e-06
7.637575724645908129e-04
5.366622524628255264e-04
3.446057411015939501e-05
9.556354395273045337e-05
1.524000049874793495e-03
1.070854586593553018e-03
1.955737035452973437e-04
5.423506919822134289e-04
7.896367494721344459e-05
1.133534656175453037e-04
2.846419222990173245e-05
4.698733329135468197e-06
1.575639298338079003e-04
2.261852366283789229e-04
1.615425057931923016e-04
2.666666771752448925e-05
5.804416826245439214e-04
2.935634365944100334e-04
4.831218628952474816e-04
7.747992297045704210e-04
9.159522499426075602e-04
4.632508282894358571e-04
4.125597188208184659e-04
6.616362804073976653e-04
9.069503907596746265e-04
5.001150739032443962e-04
6.559782249063014683e-04
1.345386412301765059e-04
1.431191583702992902e-03
7.891947475250463183e-04
5.601696234529598408e-04
1.148886611419849244e-04
8.412163150112877703e-05
5.910894486658141011e-05
1.870541040286700040e-06
5.187247616577720521e-06
1.687118471262640115e-04
1.185471452725169589e-04
4.796280688459158485e-05
1.330069484379460933e-04
1.360349192404212417e-04
1.952800392232606399e-04
2.416654078421781994e-05
3.989297490530186795e-06
2.728275960555479724e-04
3.916478500990973029e-04
6.196576839203644807e-04
1.022901401372934235e-04
1.888773177541797538e-05
9.552634856259506379e-06
6.395944760554827700e-05
1.025739767605042882e-04
1.559172390586554852e-04
7.885650168232008147e-05
9.207594949353055467e-05
1.476653826311577456e-04
2.951241481628718661e-05
1.627388186530005795e-05
8.684352360880889408e-05
1.781127668931204575e-05
2.436234424981623202e-04
1.343400446053907155e-04
1.250198398047338687e-04
2.564109407220912620e-05
7.390898172355842835e-05
5.193291960563516151e-05
3.334757040604245611e-06
9.247704347662334220e-06
1.474778069557147308e-04
1.036268246922042295e-04
1.892570863067699456e-05
5.248339110029717302e-05
1.195198212456344229e-04
1.715723838491419687e-04
4.308354657370573636e-05
7.112026738302075723e-06
2.384895680334716997e-04
3.423551280800586280e-04
2.445115609029231110e-04
4.036280430141923247e-05
3.562840448468265623e-04
1.801937588907551288e-04
2.965476405621843281e-04
4.755837007693168323e-04
5.622255986519057898e-04
2.843504934644123443e-04
2.532355097203269111e-04
4.061225395375989231e-04
4.247982014320502873e-04
2.342443269969878255e-04
3.072476432645643578e-04
6.301532410148664803e-05
6.703427407451432703e-04
3.696437123175521765e-04
2.623727283918674664e-04
5.381164958446307313e-05
3.326009956974079404e-04
2.337055709265976238e-04
7.395764934538549103e-06
2.050939444962625823e-05
6.670546842567041815e-04
4.687129558845434286e-04
1.896358527716333203e-04
5.258842784633941704e-04
1.037482366977408041e-04
1.489320524818522819e-04
1.843082649253810623e-05
3.042473084236218295e-06
2.080743839250648764e-04
2.986937036543547215e-04
4.725874240372339354e-04
7.801248186910845572e-05
3.806684546501898326e-05
1.925263865353347113e-05
1.289056005759858206e-04
2.067303670182576579e-04
3.142398205962936724e-04
1.589295262737528845e-04
1.855723589307248277e-04
2.976088059694391246e-04
4.538717835283355071e-05
2.502762255515897757e-05
1.335567597351016052e-04
2.739198390988101128e-05
3.746687861507380798e-04
2.066017166805178247e-04
1.922681624727173237e-04
3.943346950974944515e-05
7.965223825204117910e-06
5.596847891943858672e-06
3.593891515166345987e-07
9.966317121504143781e-07
1.589378874202619217e-05
1.116793701820811988e-05
2.039637156114260958e-06
5.656172598659171275e-06
2.484592462012890438e-06
3.566667412638310089e-06
8.956259634442893218e-07
1.478456697764253954e-07
4.957749909840311398e-06
7.116919701636858443e-06
5.082935824057706242e-06
8.390668448784238246e-07
1.964679636294415152e-03
9.936538382801108488e-04
1.635271405022247285e-03
2.622541272250114314e-03
3.100316168100432108e-03
1.568011905556918962e-03
1.396432583300380838e-03
2.239507198849522741e-03
2.122628246969629744e-03
1.170470175014924489e-03
1.535252560414930361e-03
3.148744662261883875e-04
3.349563232282852521e-03
1.847032737979841703e-03
1.311021945577027373e-03
2.688856191927253164e-04
1.326747468328118122e-03
9.322529955476542476e-04
2.950175294176175244e-05
8.181210373687542185e-05
2.660885340160428891e-03
1.869698935472108780e-03
7.564586120418794173e-04
2.097755701608397874e-03
7.292537896469453986e-04
1.046854068360793212e-03
1.295516000447013386e-04
2.138576131218629614e-05
1.462569753815499540e-03
2.099539445361609663e-03
3.321850865983396427e-03
5.483553249059681684e-04
2.099144129096281299e-04
1.061660426691118551e-04
7.108323039411478580e-04
1.139986334384008280e-03
1.732832512058664906e-03
8.763951358254085111e-04
1.023313392568723059e-03
1.641123056524827978e-03
2.267902888882248539e-04
1.250578237172040165e-04
6.673553462132756145e-04
1.368720455775080899e-04
1.872141986619479817e-03
1.032345801418444462e-03
9.607240126764447861e-04
1.970408442767352178e-04
3.177332804610942378e-05
2.232586151969824975e-05
1.433605590745383992e-06
3.975570181858554115e-06
6.340042347561000268e-05
4.454897116073477849e-05
8.136125472229448503e-06
2.256250814872835504e-05
1.746437844461783787e-05
2.507036080675279042e-05
6.295419071562561318e-06
1.039217806481494125e-06
3.484837935517006867e-05
5.002533853324469360e-05
3.572832011618196248e-05
5.897860974518330793e-06
1.533070733615343045e-03
7.753638764663778240e-04
1.276028257352979870e-03
2.046410619783358559e-03
2.419225961558743327e-03
1.223544601349706813e-03
1.089658530264254891e-03
1.747523046939435803e-03
1.514439843037398807e-04
8.350999147685047956e-05
1.095362624113245520e-04
2.246547118596298781e-05
2.389825925940796520e-04
1.317809641789408320e-04
9.353799339629093610e-05
1.918428700393484044e-05
9.702770915121697705e-04
6.817753541397994325e-04
2.157522491820874501e-05
5.983083590454290539e-05
1.945958933655734342e-03
1.367348412881708424e-03
5.532133879752072899e-04
1.534130909949692504e-03
1.003153980073261028e-04
1.440041642759825593e-04
1.782098427937128034e-05
2.941803235277339684e-06
2.011895845457446817e-04
2.888104773449260863e-04
4.569503737559371908e-04
7.543119206005105320e-05
3.237664776296996427e-04
1.637477160449240946e-04
1.096369077484500403e-03
1.758284983453722253e-03
2.672675358375666606e-03
1.351728841316641961e-03
1.578331702101419412e-03
2.531225102664492153e-03
3.198318530326332940e-05
1.763632635761348206e-05
9.411403727071516046e-05
1.930243141362934418e-05
2.640195237882569566e-04
1.455869527115643007e-04
1.354864631698117321e-04
2.778775875152334198e-05
3.732187796918527838e-06
2.622460819923886098e-06
1.683954945987867401e-07
4.669820705276259365e-07
7.447198684121237863e-06
5.232852104447036267e-06
9.556930315132956531e-07
2.650258023281568725e-06
3.858649323591413205e-07
5.539145356700736839e-07
1.390934960510752789e-07
2.296089207388747304e-08
7.699539714711352243e-07
1.105279751614773500e-06
7.893957330720209823e-07
1.303096891316783560e-07
4.213884337935395259e-04
2.131208706552954648e-04
3.507362948441652886e-04
5.624879185681075063e-04
6.649620376809638796e-04
3.363103423306610892e-04
2.995096647334689476e-04
4.803340013094833504e-04
6.584268775505364027e-04
3.630730080509162144e-04
4.762263722103063628e-04
9.767221929402100775e-05
1.039014939775102135e-03
5.729387612446511322e-04
4.066713458934112404e-04
8.340674770349542581e-05
9.389391923401855166e-05
6.597554512760941178e-05
2.087839075710743777e-06
5.789842636982952197e-06
1.883108573290444992e-04
1.323185949322893350e-04
5.353457648759750616e-05
1.484581724265321933e-04
1.518378981985740196e-04
2.179654377078834248e-04
2.697393272179363069e-05
4.452728384984878451e-06
3.045215815685566930e-04
4.371450119210800660e-04
6.916424169207532544e-04
1.141730371261117342e-04
8.899227278410864680e-05
4.500861707712483116e-05
3.013541634386058448e-04
4.832920876344674118e-04
7.346265626300112076e-04
3.715437825968521263e-04
4.338291178429630316e-04
6.957467507551451337e-04
1.390519995242085521e-04
7.667674188903990243e-05
4.091757885182735282e-04
8.392039936904580511e-05
1.147866991610764194e-03
6.329624984886620667e-04
5.890490091461621442e-04
1.208117134068380997e-04
3.611646019838681026e-07
2.537760878560565812e-07
1.629566760623944559e-08
4.518995367139998858e-08
7.206669907838369248e-07
5.063842042202349344e-07
9.248261666528101642e-08
2.564660291005007382e-07
5.840471301690710689e-07
8.384078670718206049e-07
2.105326252301221356e-07
3.475372338161646929e-08
1.165406259259262637e-06
1.672957070801562557e-06
1.194833408803549492e-06
1.972374102649588008e-07
4.304182735702054410e-05
2.176877907716262786e-05
3.582521455232943135e-05
5.745413480731728916e-05
6.792113624755932548e-05
3.435170624561817036e-05
3.059277912581073077e-05
4.906269726472646520e-05
5.131885952252459161e-05
2.829849954774257042e-05
3.711785640844591990e-05
7.612731302601417342e-06
8.098251082107481616e-05
4.465577698271706251e-05
3.169662476322307210e-05
6.500857292688209574e-06
4.485171502672185922e-04
3.151552702173339286e-04
9.973293692431674530e-06
2.765720870126777781e-05
8.995326830813450475e-04
6.320660550815613036e-04
2.557266315312166013e-04
7.091623927708291504e-04
1.399059656190987963e-04
2.008369807268403412e-04
2.485423039149118658e-05
4.102818016659889538e-06
2.805912517669728948e-04
4.027926870299995839e-04
6.372908302239268163e-04
1.052009359738614674e-04
2.092081925141574001e-05
1.058088655529715549e-05
7.084408327513216626e-05
1.136151049380274404e-04
1.727002699588963525e-04
8.734466573915923061e-05
1.019870633309017185e-04
1.635601784507674950e-04
2.494393593826848475e-05
1.375470862828101436e-05
7.340027249671727031e-05
1.505411697018385775e-05
2.059108880301074689e-04
1.135444011423856212e-04
1.056669504855581266e-04
2.167189001326065752e-05
2.445447389922720204e-04
1.718319204771104152e-04
1.103380497308715912e-05
3.059814102750574137e-05
4.879639925771333902e-04
3.428730068523656751e-04
6.262002762591798539e-05
1.736532810864109956e-04
7.628084639662194668e-05
1.095022275125490932e-04
2.749710771116633211e-05
4.539091621281224547e-06
1.522106201026674106e-04
2.185004852416867554e-04
1.560540220446106374e-04
2.576065495216704905e-05
2.373482701241745932e-04
1.200409549023741284e-04
1.975532458297420580e-04
3.168229683857420073e-04
3.745418162548595927e-04
1.894277858042983545e-04
1.686996963110529168e-04
2.705495337550881162e-04
2.564296657979174164e-04
1.414017156485157457e-04
1.854702072982591498e-04
3.803923473549930079e-05
4.046527607693582913e-04
2.231356283862549880e-04
1.583814404797481896e-04
3.248343159754585671e-05
1.789137739563935155e-03
1.257156359422078847e-03
3.978353140399103704e-05
1.103247798416479594e-04
3.588241542855594504e-03
2.521315477836189554e-03
1.020095145105313992e-03
2.828853254841717270e-03
9.834090570540246750e-04
1.411697528151706132e-03
1.747021663082194156e-04
2.883900181935469110e-05
1.972296013945660717e-03
2.831258658539683414e-03
4.479562909604292362e-03
7.394649169494242743e-04
1.153649964188644127e-04
5.834685176000758419e-05
3.906600078665791636e-04
6.265149570286287616e-04
9.523320184507947815e-04
4.816502130777275794e-04
5.623937119548399251e-04
9.019302339206777559e-04
1.246396591009080309e-04
6.872941779132349491e-05
3.667658931030615198e-04
7.522229097575041756e-05
1.028893874356998387e-03
5.673577532522351046e-04
5.279957709700051384e-04
1.082899262574311538e-04
9.754905052843953518e-04
6.854386138951103300e-04
4.401391758726979785e-05
1.220561774286544764e-04
1.946491442184331965e-03
1.367722585573038011e-03
2.497916849139817253e-04
6.927040328462326108e-04
5.361835350925479339e-04
7.696990033763852082e-04
1.932791403589699476e-04
3.190560024666048853e-05
1.069899355087533836e-03
1.535855567034097877e-03
1.096914902729699852e-03
1.810734894934772922e-04
3.474624817300952010e-04
1.757321765092615838e-04
2.892051458134740948e-04
4.638082881615788154e-04
5.483049399076104016e-04
2.773099990565068996e-04
2.469654197044916788e-04
3.960669794655828440e-04
3.432398876024334180e-05
1.892710378690590215e-05
2.482582228096149495e-05
5.091681812425227882e-06
5.416415752534077885e-05
2.986746785676249756e-05
2.119989809268852635e-05
4.348018539816512802e-06
1.430328328532470025e-04
1.005035171140265495e-04
3.180499226966089598e-06
8.819927860058313863e-06
2.868624038758648591e-04
2.015668706421365388e-04
8.155162968046211530e-05
2.261530153987788652e-04
1.478793602498329062e-05
2.122829008253442011e-05
2.627070027737210067e-06
4.336642121301567364e-07
2.965824553612556678e-05
4.257482846262291513e-05
6.736107345356399912e-05
1.111964528507177849e-05
1.130652458876598451e-05
5.718373289818225514e-06
3.828723722015149594e-05
6.140256565478930415e-05
9.333476979610381204e-05
4.720487276379102429e-05
5.511826403303210839e-05
8.839506508672744021e-05
1.116912021608360172e-06
6.158931557019436691e-07
3.286636356980792755e-06
6.740766276945445224e-07
9.220050387799572585e-06
5.084165824355297363e-06
4.731438036727405257e-06
9.703999620063670691e-07
1.256681645443070842e-04
8.830205117258400189e-05
5.670120014119500366e-06
1.572396215612726424e-05
2.507579576791389513e-04
1.761977036205471963e-04
3.217956750119084746e-05
8.923802323923857890e-05
1.299263071692772973e-05
1.865110407079277686e-05
4.683479315596463407e-06
7.731264663604910088e-07
2.592546453805619482e-05
3.721636885692018406e-05
2.658009678831662224e-05
4.387715824224570620e-06
8.209678896587033984e-04
4.152116607686203950e-04
6.833202164870186973e-04
1.095864248831349185e-03
1.295508934271232329e-03
6.552149273011961079e-04
5.835181928820932108e-04
9.358082941108320386e-04
1.282776841525926212e-03
7.073551557365217752e-04
9.278056264469532015e-04
1.902894083499732816e-04
2.024255613168916227e-03
1.116225050337165629e-03
7.922953974250657736e-04
1.624967753124987831e-04
1.189803564345338547e-04
8.360279280366424712e-05
2.645664803775814676e-06
7.336764151160355913e-06
2.386234711287324982e-04
1.676712796355033256e-04
6.783786473105726182e-05
1.881230053556930766e-04
1.924057212151331455e-04
2.762011180325422977e-04
3.418078780672902664e-05
5.642401709009934558e-06
3.858832032214037401e-04
5.539407637497401537e-04
8.764344055696703410e-04
1.446776187776419563e-04
2.671452061470000011e-05
1.351110148251769318e-05
9.046327012050299618e-05
1.450790729814676553e-04
2.205269720338022673e-04
1.115334368808213865e-04
1.302308228489529611e-04
2.088556717811781353e-04
4.174191074787404082e-05
2.301753104825262020e-05
1.228301592423143909e-04
2.519199890957910003e-05
3.445772925106732262e-04
1.900085163037533865e-04
1.768261603575289496e-04
3.626637355508159009e-05
1.045357398835569565e-04
7.345313179383057198e-05
4.716629649632275533e-06
1.307981240795702474e-05
2.085903675981232261e-04
1.465682050863691349e-04
2.676823450129906732e-05
7.423171030536427825e-05
1.690470177412873578e-04
2.426693707720070539e-04
6.093671314178640807e-05
1.005914247257272374e-05
3.373160185339453142e-04
4.842218872753231576e-04
3.458334336775630794e-04
5.708853664370210464e-05
3.976974210790326148e-04
2.011389346278458039e-04
3.310174384299351710e-04
5.308641069922003962e-04
6.275769961705869072e-04
3.174025319656533254e-04
2.826708369292988700e-04
4.533289911581880969e-04
4.741754553201193013e-04
2.614721767547752108e-04
3.429611769773760303e-04
7.034003415559872635e-05
7.482613467802292717e-04
4.126099757567624777e-04
2.928701381724098537e-04
6.006655244118541204e-05
3.712615261624891295e-04
2.608707973136133672e-04
8.255426208145900547e-06
2.289334422487439313e-05
7.445910965831522427e-04
5.231947275712356188e-04
2.116785488494867212e-04
5.870114712007783956e-04
1.158076169083777730e-04
1.662434623293441885e-04
2.057316983585043185e-05
3.396120923190118834e-06
2.322603189126330931e-04
3.334129533837297630e-04
5.275195521449553560e-04
8.708041603338604524e-05
4.249162006836625137e-05
2.149050694865815785e-05
1.438891964240313277e-04
2.307600775589860277e-04
3.507661037844450906e-04
1.774030121375693467e-04
2.071427268151472144e-04
3.322019504840320971e-04
5.066284623757485035e-05
2.793675745487093532e-05
1.490809922099013197e-04
3.057594499883220198e-05
4.182191489237756569e-04
2.306164732963756996e-04
2.146168302425041879e-04
4.401709634504758346e-05
8.891077272244457118e-06
6.247408507317889923e-06
4.011634559257202564e-07
1.112477158100645812e-06
1.774123451583767960e-05
1.246606412819833219e-05
2.276718389880036581e-06
6.313628937921491628e-06
2.773393950323375014e-06
3.981246009662608914e-06
9.997308076659732840e-07
1.650308017948572364e-07
5.534023715111811342e-06
7.944168851525115407e-06
5.673760860122284136e-06
9.365974287861579035e-07
1.921976933956934730e-03
9.720565746353364983e-04
1.599728456055073177e-03
2.565539816517679352e-03
3.032930180058038445e-03
1.533930855177166900e-03
1.366080843587993933e-03
2.190831064823168823e-03
2.076492500189848836e-03
1.145029773152342811e-03
1.501883540912135042e-03
3.080306071274650456e-04
3.276759809767351879e-03
1.806887114357306470e-03
1.282526623049293560e-03
2.630413368236808624e-04
1.297910348438241577e-03
9.119902914219163307e-04
2.886052647866161551e-05
8.003390140355855014e-05
2.603050468491809565e-03
1.829060657542604757e-03
7.400168337774215869e-04
2.052160564544987069e-03
7.134033136036814753e-04
1.024100487142683407e-03
1.267357702718191459e-04
2.092093754005358003e-05
1.430780509558465287e-03
2.053905538273238449e-03
3.249649777256718910e-03
5.364367129439704058e-04
2.053518814285497699e-04
1.038585026332217403e-04
6.953822225506185901e-04
1.115208504855621629e-03
1.695169053041644487e-03
8.573465133814184725e-04
1.001071472617214323e-03
1.605452920749341188e-03
2.218609568889931387e-04
1.223396670658523529e-04
6.528502451391781205e-04
1.338971044661713453e-04
1.831450608487777618e-03
1.009907560265568306e-03
9.398424853353407960e-04
1.927581223682691498e-04
3.108272844668405428e-05
2.184060448272827438e-05
1.402445888328753314e-06
3.889160373887079079e-06
6.202240267174216539e-05
4.358069041929750449e-05
7.959285168190720220e-06
2.207210755024740270e-05
1.708478670841180873e-05
2.452545153236177625e-05
6.158586886947629828e-06
1.016630200932892445e-06
3.409094290443442942e-05
4.893802785864231837e-05
3.495175797813428301e-05
5.769669794149748981e-06
2.009426441904536267e-04
1.016284924959022382e-04
1.672515732457906137e-04
2.682271287437338323e-04
3.170927804899174255e-04
1.603724355890372134e-04
1.428237207422426735e-04
2.290513373819806425e-04
1.985006561371519692e-05
1.094582143911108735e-05
1.435713677200332135e-05
2.944594195237247949e-06
3.132392590790481597e-05
1.727279427847190559e-05
1.226021168703352778e-05
2.514522828564054520e-06
1.271761570362071208e-04
8.936165788101714676e-05
2.827907838175719435e-06
7.842147206366620619e-06
2.550607255365750880e-04
1.792210884921956377e-04
7.251078410397027879e-05
2.010816036208707704e-04
1.314853965092229693e-05
1.887491353762465269e-05
2.335832016523162521e-06
3.855880278861151965e-07
2.637032083109629879e-05
3.785496632026747680e-05
5.989339849297031510e-05
9.886917057792898739e-06
4.243671912105315640e-05
2.146274031637108477e-05
1.437032855743369537e-04
2.304619259036796563e-04
3.503128993325529028e-04
1.771738000386453914e-04
2.068750897631149645e-04
3.317727316933272185e-04
4.192100001358130997e-06
2.311628533764593857e-06
1.233571490861257739e-05
2.530008252399880224e-06
3.460556650429673847e-05
1.908237278034976571e-05
1.775848143493776170e-05
3.642197060594671729e-06
4.891853115997982037e-07
3.437311794470595527e-07
2.207193393786981189e-08
6.120827303255941601e-08
9.761192113230045579e-07
6.858803807737393452e-07
1.252645951526305100e-07
3.473746144310543006e-07
5.057608765759064079e-08
7.260268493325703360e-08
1.823126244167823023e-08
3.009530000887887861e-09
1.009194054389733082e-07
1.448712254364684507e-07
1.034676759774040459e-07
1.707995131836193137e-08
4.747777593772591650e-04
2.401229870866074679e-04
3.951740931740485357e-04
6.337543516569074144e-04
7.492117984324819747e-04
3.789203926403502841e-04
3.374571206281898285e-04
5.411916479087907489e-04
7.418486426477742188e-04
4.090738507009737809e-04
5.365635879440133456e-04
1.100471529613458315e-04
1.170656680405270057e-03
6.455293014933442255e-04
4.581960370103739478e-04
9.397426605926231401e-05
1.057901475647007086e-04
7.433455448074016854e-05
2.352365368414229041e-06
6.523407606580187861e-06
2.121695797490709152e-04
1.490831759674715736e-04
6.031733250287831780e-05
1.672676153718208249e-04
1.710755476753111058e-04
2.455813540134689087e-04
3.039149229596737261e-05
5.016882847749045972e-06
3.431040403210878316e-04
4.925306739304661499e-04
7.792725444305771340e-04
1.286386013494398726e-04
1.002674693606569832e-04
5.071114595189913569e-05
3.395353147411972645e-04
5.445245196366096810e-04
8.277027213219202012e-04
4.186178605422117421e-04
4.887946607073028566e-04
7.838968916251268845e-04
1.566696935098544838e-04
8.639157791469721044e-05
4.610177890153271756e-04
9.455299667290296658e-05
1.293300135065142929e-03
7.131579623505225835e-04
6.636806952865566701e-04
1.361183886360042784e-04
4.069236522526248300e-07
2.859291634825888173e-07
1.836030591536744764e-08
5.091545763921338030e-08
8.119744912342388318e-07
5.705423751177613610e-07
1.042000349330928025e-07
2.889599165229519753e-07
6.580450852342336783e-07
9.446329719805632309e-07
2.372068145836757146e-07
3.915697155851528628e-08
1.313061603409934431e-06
1.884918393366890482e-06
1.346217131670924331e-06
2.222271144652524722e-07
2.147600014485336661e-05
1.086167412774054944e-05
1.787522417515890899e-05
2.866711483250053544e-05
3.388969338573552716e-05
1.714000760672917601e-05
1.526446643372387756e-05
2.448015240673322919e-05
2.560587926245841452e-05
1.411972069274433845e-05
1.852019624985576119e-05
3.798421874640292815e-06
4.040675131420307716e-05
2.228129082426014688e-05
1.581523740523321173e-05
3.243645094372855912e-06
2.237905538770503140e-04
1.572487750740163032e-04
4.976239856331097182e-06
1.379974444736916848e-05
4.488276920009597395e-04
3.153734756169550312e-04
1.275964686687837977e-04
3.538411955315538143e-04
6.980699292757914902e-05
1.002089198352312989e-04
1.240118016041483775e-05
2.047127776179857090e-06
1.400028329096766866e-04
2.009760350844209183e-04
3.179804112097108556e-04
5.249069230897432256e-05
1.043857904886491859e-05
5.279402273267435300e-06
3.534811684594006979e-05
5.668899672561463122e-05
8.616992470809942053e-05
4.358118995522594147e-05
5.088710961781133120e-05
8.160941650931050496e-05
1.244593932734340131e-05
6.863001471641676712e-06
3.662354410969634316e-05
7.511349728500184340e-06
1.027405789368786841e-04
5.665371860619719958e-05
5.272321328531871744e-05
1.081333069814743250e-05
1.220171905448744150e-04
8.573665607751986060e-05
5.505388868245920462e-06
1.526714178950335418e-05
2.434728128140319580e-04
1.710787203282309189e-04
3.124467070623993762e-05
8.664543581832212646e-05
3.806082522182189110e-05
5.463684974187534417e-05
1.371986101542075712e-05
2.264809333199420545e-06
7.594648043770663430e-05
1.090222404773342135e-04
7.786417087350636936e-05
1.285344659963696686e-05
1.037883947048811413e-04
5.249188461175758696e-05
8.638670188192503993e-05
1.385413395985071662e-04
1.637808181142631639e-04
8.283357528092527100e-05
7.376953140701148490e-05
1.183067472196193247e-04
1.121323671495521375e-04
6.183258495205162699e-05
8.110299296050027876e-05
1.663391566719284767e-05
1.769478262098880469e-04
9.757344622549037809e-05
6.925753219031138266e-05
1.420445667563224633e-05
7.823597526036797298e-04
5.497332690446289725e-04
1.739666717583925111e-05
4.824316515955014487e-05
1.569077496758281096e-03
1.102528726467155067e-03
4.460703990019928124e-04
1.237009808506692437e-03
4.300281915536166067e-04
6.173115151800346451e-04
7.639431028129691306e-05
1.261080901139927714e-05
8.624517762997026618e-04
1.238061650967134516e-03
1.958837294765697259e-03
3.233555341718162600e-04
5.044716684551375714e-05
2.551409402346457156e-05
1.708290314088064372e-04
2.739644220477341851e-04
4.164387268100001372e-04
2.106175132367636552e-04
2.459252832362102299e-04
3.943988766610802233e-04
5.450282038238158305e-05
3.005421500578282475e-05
1.603805380917822110e-04
3.289343892126146983e-05
4.499179348782705369e-04
2.480959747573063270e-04
2.308836439013144885e-04
4.735335801305252506e-05
4.265655424425557232e-04
2.997307432141528235e-04
1.924654369153706851e-05
5.337310742777529238e-05
8.511678723649739910e-04
5.980820146022909449e-04
1.092296900848954439e-04
3.029077883613573614e-04
2.344640150329698879e-04
3.365763901484838841e-04
8.451770765930565659e-05
1.395178077330875749e-05
4.678489398815833525e-04
6.716037311652950847e-04
4.796623831410884117e-04
7.918038243256200195e-05
6.459759545758489430e-04
3.267079654327740093e-04
5.376683237997068173e-04
8.622772743507287107e-04
1.019367055665607730e-03
5.155537670196729027e-04
4.591394211728392900e-04
7.363377590072994966e-04
6.381256270848896777e-05
3.518783920273749395e-05
4.615429028833031904e-05
9.466069553180747381e-06
1.006979032297579429e-04
5.552733625647311076e-05
3.941324640043587259e-05
8.083507067543590271e-06
2.659158199699846836e-04
1.868485342149682254e-04
5.912943503820080049e-06
1.639734249960551570e-05
5.333128752576463951e-04
3.747378739298372840e-04
1.516146191316683533e-04
4.204465739006417371e-04
2.749261169833453638e-05
3.946603063961958964e-05
4.884049812961892325e-06
8.062356891060495613e-07
5.513836594917817307e-05
7.915189956655330195e-05
1.252326107519740022e-04
2.067280312338518324e-05
2.102023498421011477e-05
1.063116692806209032e-05
7.118073435787913232e-05
1.141550039151269919e-04
1.735209416393606750e-04
8.775972758954785351e-05
1.024717058544444623e-04
1.643374164165111589e-04
2.076478317150089109e-06
1.145021952270351588e-06
6.110265624861184745e-06
1.253192260828019817e-06
1.714122002709562431e-05
9.452096396873682031e-06
8.796331583982751201e-06
1.804094182071617992e-06
2.336327425830171602e-04
1.641644919854230592e-04
1.054145808906545416e-05
2.923280065503275585e-05
4.661902208051891898e-04
3.275734382130187717e-04
5.982581696566305855e-05
1.659045804295134559e-04
2.415491591503227364e-05
3.467472141462093972e-05
8.707170358550469437e-06
1.437338226067859994e-06
4.819866196604852667e-05
6.918985692639641010e-05
4.941570471164947526e-05
8.157309254939133089e-06
8.146572392227647424e-04
4.120199943453141628e-04
6.780676419632426268e-04
1.087440513522417362e-03
1.285550561813790906e-03
6.501783936941073249e-04
5.790327807427458938e-04
9.286148836333032704e-04
1.272916338653453175e-03
7.019178284328096923e-04
9.206737312111505471e-04
1.888266837381038794e-04
2.008695480149576794e-03
1.107644804764535036e-03
7.862051479060117639e-04
1.612476882789111833e-04
1.180657732362629982e-04
8.296015134655261884e-05
2.625327996505269553e-06
7.280367604508393840e-06
2.367892102141798025e-04
1.663824170048758819e-04
6.731640578481737282e-05
1.866769335412990461e-04
1.909267288406954867e-04
2.740780036843752068e-04
3.391804549221178681e-05
5.599029458702426651e-06
3.829169800166899425e-04
5.496827086342169662e-04
8.696973927909132981e-04
1.435655047844999375e-04
2.650917031624540717e-05
1.340724378048734055e-05
8.976789325837050638e-05
1.439638730732998716e-04
2.188318160481279493e-04
1.106760969763748018e-04
1.292297590931877139e-04
2.072502312362110020e-04
4.142104727614009024e-05
2.284059892438566026e-05
1.218859832182177694e-04
2.499835199487821514e-05
3.419285813143058518e-04
1.885479508646558484e-04
1.754669256054736863e-04
3.598759967248742729e-05
1.037321901701307843e-04
7.288850917702092416e-05
4.680373662851857300e-06
1.297926995688919512e-05
2.069869664044870746e-04
1.454415584550281849e-04
2.656247131268622323e-05
7.366110287856982432e-05
1.677475800292391216e-04
2.408040096662420165e-04
6.046830225727209250e-05
9.981819433962649938e-06
3.347231236031882723e-04
4.804997501460678299e-04
3.431750667225451660e-04
5.664970608382788667e-05
1.442245446810230510e-03
7.294281965827044975e-04
1.200431202432883024e-03
1.925173009940963275e-03
2.275901268844286122e-03
1.151056889661175586e-03
1.025102768836667682e-03
1.643992741092085205e-03
1.719592220560832007e-03
9.482260542926515762e-04
1.243745042616209917e-03
2.550873820457290699e-04
2.713561776412467055e-03
1.496325666958276974e-03
1.062090425781014738e-03
2.178307104150717334e-04
1.346375956451725678e-03
9.460451581770377245e-04
2.993821490688061823e-05
8.302246813922109232e-05
2.700251653301719446e-03
1.897360087443916753e-03
7.676499949063028726e-04
2.128790826120176369e-03
4.199750849248267770e-04
6.028801392675300994e-04
7.460838051628293998e-05
1.231599622898872270e-05
8.422895640549524568e-04
1.209118511808695163e-03
1.913044017535233277e-03
3.157961979983104251e-04
1.540954060122328210e-04
7.793509375105159124e-05
5.218126328923362737e-04
8.368489548210697113e-04
1.272049526260184875e-03
6.433501273697820374e-04
7.512008847792656313e-04
1.204726822736575630e-03
1.837282703778675831e-04
1.013123523119914516e-04
5.406406248180155782e-04
1.108833377315825706e-04
1.516667273495593115e-03
8.363281754976072298e-04
7.783056409726737783e-04
1.596275294247792662e-04
3.224339669676714692e-05
2.265616017724226316e-05
1.454814985135517932e-06
4.034386523296547290e-06
6.433839734699854510e-05
4.520804831914030622e-05
8.256494906516052712e-06
2.289630786103847657e-05
1.005768351781703326e-05
1.443794610105411579e-05
3.625513088518696609e-06
5.984824388005645072e-07
2.006907785321980915e-05
2.880944342992575844e-05
2.057583311603949276e-05
3.396560564803275546e-06
5.092913184398374735e-04
2.575785201932269874e-04
4.239009324907274333e-04
6.798245767571030026e-04
8.036751028835929268e-04
4.064656832381273758e-04
3.619882744867134600e-04
5.805331072239317122e-04
5.502353251320646560e-04
3.034134866650232119e-04
3.979736880189695754e-04
8.162289112429346846e-05
8.682858229163736060e-04
4.787944665123673618e-04
3.398478219206364239e-04
6.970149686411975572e-05
3.439242484621993375e-04
2.416619730010800729e-04
7.647550457811456309e-06
2.120762764919613457e-05
6.897642638896182106e-04
4.846700797124040287e-04
1.960919209192871345e-04
5.437877745055061732e-04
1.890397890554023198e-04
2.713692750921763435e-04
3.358283150794014367e-05
5.543693930205157065e-06
3.791325895940126246e-04
5.442501629738601306e-04
8.611021236969132638e-04
1.421466386863979626e-04
5.441476876703802269e-05
2.752074325281471989e-05
1.842645053046013397e-04
2.955113559057757542e-04
4.491910733936697658e-04
2.271822977921357663e-04
2.652669764834724819e-04
4.254178186302003941e-04
5.878939400781124994e-05
3.241793865298011549e-05
1.729942520205880914e-04
3.548046371631483737e-05
4.853033762137141244e-04
2.676083899774499265e-04
2.490423324159073463e-04
5.107763602490923200e-05
8.236396322784310614e-06
5.787390085702736002e-06
3.716243951153911361e-07
1.030561594911057147e-06
1.643488570097784637e-05
1.154814446002073997e-05
2.109075694681216064e-06
5.848734475636151624e-06
4.527178965710430536e-06
6.498829057502484708e-06
1.631921164070604965e-06
2.693897758350887073e-07
9.033522178079198190e-06
1.296774809813191198e-05
9.261623585578874896e-06
1.528864724913953027e-06
3.735773593442349690e-04
1.889400033213967502e-04
3.109414695474565973e-04
4.986675818080566489e-04
5.895149040154426577e-04
2.981522973399899652e-04
2.655270545560994323e-04
4.258349148243713560e-04
3.690373999335388793e-05
2.034964298171059363e-05
2.669170232449754899e-05
5.474366719064772319e-06
5.823507285929048054e-05
3.211227214135713837e-05
2.279325787463140485e-05
4.674810576372336144e-06
2.364362881186327634e-04
1.661344326004410841e-04
5.257432273326972844e-06
1.457952669402761198e-05
4.741896012280364552e-04
3.331942865958100537e-04
1.348065631298588345e-04
3.738357022026180345e-04
2.444477000794776918e-05
3.509081104035536311e-05
4.342602139630343250e-06
7.168560851419785121e-07
4.902570512511073811e-05
7.037708900947327480e-05
1.113492745220818185e-04
1.838100808012168427e-05
7.889513712903156880e-05
3.990190277421400969e-05
2.671622749378636959e-04
4.284573742688591578e-04
6.512752352996819616e-04
3.293881228152223590e-04
3.846065132623433902e-04
6.168067585043991718e-04
7.793635118735713261e-06
4.297604855891455251e-06
2.293362775108605313e-05
4.703599904631752563e-06
6.433605074407924222e-05
3.547650356660353335e-05
3.301522495215002156e-05
6.771297180794904222e-06
9.094563161228738510e-07
6.390389997078201760e-07
4.103446945942764243e-08
1.137937897734243898e-07
1.814726977642455741e-06
1.275136905397828311e-06
2.328824569069124792e-07
6.458125983421302508e-07
9.402723523025524365e-08
1.349774181978052343e-07
3.389418362594359141e-08
5.595090455430380854e-09
1.876217223196716453e-07
2.693336203549888541e-07
1.923592740846388906e-07
3.175375310177623474e-08
4.711282177667660653e-04
2.382771996298447550e-04
3.921364523664436891e-04
6.288827821035301467e-04
7.434527257306813028e-04
3.760076914602883120e-04
3.348631410679317726e-04
5.370315932320824780e-04
7.361461693609419599e-04
4.059293646537419039e-04
5.324391084329141259e-04
1.092012378865211101e-04
1.161658027493759531e-03
6.405672197612881412e-04
4.546739564794204623e-04
9.325190072616694362e-05
1.049769554176549496e-04
7.376315650702136421e-05
2.334283107555230159e-06
6.473263203157315150e-06
2.105386657172285175e-04
1.479371971523910415e-04
5.985368269945885223e-05
1.659818556446000359e-04
1.697605169742145504e-04
2.436936089526873064e-04
3.015787769724523850e-05
4.978318862081638167e-06
3.404666537814939921e-04
4.887446684711727789e-04
7.732823995245805470e-04
1.276497767487336352e-04
9.949672916825511081e-05
5.032133738649793885e-05
3.369253604311951071e-04
5.403388457016004539e-04
8.213403012992451496e-04
4.154000111995039576e-04
4.850373733912795499e-04
7.778712000929994272e-04
1.554653983332704513e-04
8.572749950712945332e-05
4.574740181226135218e-04
9.382618272903332649e-05
1.283358741298157258e-03
7.076760297893459764e-04
6.585790866587513124e-04
1.350720680924052193e-04
4.037956944410845192e-07
2.837312711863028504e-07
1.821917314514796101e-08
5.052407856215775576e-08
8.057329716308245383e-07
5.661567060390896681e-07
1.033990657305717098e-07
2.867387273069736603e-07
6.529867966503439531e-07
9.373717275987523968e-07
2.353834432841204763e-07
3.885597810584990264e-08
1.302968306358550181e-06
1.870429323537673731e-06
1.335868973313136424e-06
2.205188897533692998e-07
7.788248498210744960e-05
3.938974513077673345e-05
6.482430941439739822e-05
1.039609855356432209e-04
1.229006108381544777e-04
6.215805438724572108e-05
5.535642436979971401e-05
8.877701105035637030e-05
9.285944746047077546e-05
5.120501617559106730e-05
6.716329374959233904e-05
1.377493632948571071e-05
1.465346517590861576e-04
8.080286302374010813e-05
5.735378941114034943e-05
1.176304426549934268e-05
8.115740516813023777e-04
5.702610020745317023e-04
1.804628065114577916e-05
5.004462574175905112e-05
1.627668827809898621e-03
1.143698538499904240e-03
4.627272298304571456e-04
1.283201313613389471e-03
2.531543137296521297e-04
3.634065767135381277e-04
4.497274730347660331e-05
7.423886999879295731e-06
5.077187771463781678e-04
7.288374431296029731e-04
1.153152562563169612e-03
1.903569346191223883e-04
3.785539534942642358e-05
1.914569591585660530e-05
1.281895679284325150e-04
2.055820407130829407e-04
3.124943109388167613e-04
1.580467195612151481e-04
1.845415591292875817e-04
2.959556767002584723e-04
4.513506594394099588e-05
2.488860148268376153e-05
1.328148912682199318e-04
2.723982950640210237e-05
3.725876113863805573e-04
2.054541049900808264e-04
1.912001694545676321e-04
3.921442820006922796e-05
4.424940373474285172e-04
3.109230668809507604e-04
1.996523388712018431e-05
5.536612651893882409e-05
8.829515533452130579e-04
6.204151507195186004e-04
1.133084643619161814e-04
3.142187468976058895e-04
1.380271758591664608e-04
1.981399516106364630e-04
4.975492932962095335e-05
8.213306839752071791e-06
2.754190995640817515e-04
3.953679898221877393e-04
2.823735834325453195e-04
4.661288671132951138e-05
2.750216583982560825e-05
1.390945991546059613e-05
2.289101212392625077e-05
3.671110732701745981e-05
4.339914143550138140e-05
2.194949378453530363e-05
1.954767575364029135e-05
3.134928323398836750e-05
2.971317714401609835e-05
1.638458722183563519e-05
2.149091879538423281e-05
4.407705780069226691e-06
4.688817545794561961e-05
2.585530980883875873e-05
1.835207241976375862e-05
3.763940315954069005e-06
2.073120768819388272e-04
1.456700007349070417e-04
4.609822004576013835e-06
1.278362125774015880e-05
4.157789476760756909e-04
2.921514294993270968e-04
1.182010968034851790e-04
3.277866373767316299e-04
1.139501836745495874e-04
1.635770908066361187e-04
2.024319767686427350e-05
3.341650690253513338e-06
2.285351059537206843e-04
3.280653578046437125e-04
5.190586894331062837e-04
8.568373710091165181e-05
1.336764435638218645e-05
6.760802564501226783e-06
4.526679852232860595e-05
7.259592935022442706e-05
1.103492057991703723e-04
5.581007196690674081e-05
6.516603270529487202e-05
1.045090189882648841e-04
1.444232381815604421e-05
7.963857689726286956e-06
4.249812484934043904e-05
8.716203914965861598e-06
1.192206286118819897e-04
6.574122917470784952e-05
6.118025317120124131e-05
1.254783744223724507e-05
1.130326403367968088e-04
7.942356783346738195e-05
5.100007933962273644e-06
1.414296902885299334e-05
2.255450626235778284e-04
1.584815990090232400e-04
2.894401690949623639e-05
8.026543096052971861e-05
6.212899084954092398e-05
8.918703989934738776e-05
2.239576032616685556e-05
3.696985483583958376e-06
1.239720410860616344e-04
1.779636080283736386e-04
1.271024033639069496e-04
2.098145958527596844e-05
1.423240292813611506e-04
7.198161744153331362e-05
1.184612549709768842e-04
1.899804089827550183e-04
2.245910635702645902e-04
1.135888865733443719e-04
1.011594502246407297e-04
1.622329067073990233e-04
1.405944134469371031e-05
7.752726740930421142e-06
1.016889950148363458e-05
2.085602646233029409e-06
2.218616842673969852e-05
1.223400681604523775e-05
8.683685507229646321e-06
1.780990899781359194e-06
5.858764661392893173e-05
4.116722312404285641e-05
1.302763575664811754e-06
3.612728674371021381e-06
1.175016449708791527e-04
8.256376071620915690e-05
3.340434475915820704e-05
9.263448596066384808e-05
6.057283161482472315e-06
8.695315143828288929e-06
1.076073565382216724e-06
1.776331007542703775e-07
1.214830730817210868e-05
1.743906594632038212e-05
2.759175420290731833e-05
4.554715413505404755e-06
4.631263003215292662e-06
2.342301601857667645e-06
1.568282665826387526e-05
2.515109115864581769e-05
3.823083414153608125e-05
1.933557735501206272e-05
2.257697977955700508e-05
3.620748280242754778e-05
4.574980828910713990e-07
2.522758574964758544e-07
1.346238381706709148e-06
2.761083764214937463e-07
3.776622773298844552e-06
2.082524024043902434e-06
1.938043273993605298e-06
3.974853109882210327e-07
5.147490871901444010e-05
3.616938339389800134e-05
2.322536588411404698e-06
6.440688615313707873e-06
1.027129108545963394e-04
7.217230189727073179e-05
1.318106543329951695e-05
3.655276670238585634e-05
5.321908556545517108e-06
7.639674559059905166e-06
1.918398912977848712e-06
3.166801586421618211e-07
1.061932372000210804e-05
1.524418850796306927e-05
1.088746748933994954e-05
1.797251295552295090e-06
4.251267097304471237e-05
2.150115362705121806e-05
3.538477923274077738e-05
5.674779346249190853e-05
6.708611354849573457e-05
3.392938624257661154e-05
3.021667138661770816e-05
4.845952028394085365e-05
6.642679997911300001e-05
3.662939485905475942e-05
4.804511336061704775e-05
9.853870180234274533e-06
1.048232384384300745e-04
5.780214901776713351e-05
4.102790616840348940e-05
8.414667650293767385e-06
6.161230919104189724e-06
4.329253394267791499e-06
1.370020420100041126e-07
3.799240436733483435e-07
1.235678184533985175e-05
8.682622100770438097e-06
3.512888700219795681e-06
9.741686038989551968e-06
9.963460474380814963e-06
1.430268759742359026e-05
1.770004166948631656e-06
2.921838605071459285e-07
1.998242057846624526e-05
2.868504569361403394e-05
4.538492672219998696e-05
7.491927615846773878e-06
1.383373989898072555e-06
6.996534444830486434e-07
4.684513592093617434e-06
7.512716358857273072e-06
1.141968001531992280e-05
5.775602632373845231e-06
6.743820546535689379e-06
1.081529809768645901e-05
2.161546315956761357e-06
1.191930569261370445e-06
6.360587559162690473e-06
1.304532338337215416e-06
1.784345191305684340e-05
9.839324579498471562e-06
9.156694761632661492e-06
1.878003300438058509e-06
5.413236705811920636e-06
3.803667431120828632e-06
2.442440525656658108e-07
6.773197445271476764e-07
1.080155969258674984e-05
7.589828976790956640e-06
1.386155488195916031e-06
3.843985027587695982e-06
8.753862769465276994e-06
1.256629308504984416e-05
3.155522242231111360e-06
5.208985876234994920e-07
1.746743702221123951e-05
2.507475143789177996e-05
1.790849942197450469e-05
2.956249818339754491e-06
1.844851904122507655e-04
9.330499190428810272e-05
1.535534602986181622e-04
2.462589915613836865e-04
2.911224853375927557e-04
1.472377326162682557e-04
1.311262794548741359e-04
2.102917464898319811e-04
2.199620729905707331e-04
1.212925751070543492e-04
1.590939610999067620e-04
3.262956686918282200e-05
3.471059396471296412e-04
1.914028754246143587e-04
1.358575649301533813e-04
2.786387031239355441e-05
1.722220203515437793e-04
1.210136052298755227e-04
3.829554317480531029e-06
1.061983997039759673e-05
3.454033718893825019e-04
2.427012945590203562e-04
9.819414288564355892e-05
2.723048159196639318e-04
5.372121900756639137e-05
7.711756520675577473e-05
9.543549828039216032e-06
1.575403766707478010e-06
1.077416822154652557e-04
1.546646996704681236e-04
2.447075084359359720e-04
4.039515038722038575e-05
1.971115276022807972e-05
9.969087191267239525e-06
6.674779466391842560e-05
1.070457453118741503e-04
1.627145362704700889e-04
8.229429395118550419e-05
9.609005081129509576e-05
1.541029356541605234e-04
2.350164808614181084e-05
1.295939512149493104e-05
6.915618200407019434e-05
1.418367013756192401e-05
1.940048771599137221e-04
1.069791296932468038e-04
9.955716254215745005e-05
2.041879572308501152e-05
4.124422228058877695e-06
2.898068448441394948e-06
1.860930260802110150e-07
5.160595705766260486e-07
8.229862338363724564e-06
5.782798913159078407e-06
1.056131630254204439e-06
2.928787000037581667e-06
1.286531126164668209e-06
1.846833520262279184e-06
4.637584219501344407e-07
7.655503224135895117e-08
2.567141159875477868e-06
3.685167229056367836e-06
2.631962887245437651e-06
4.344719020818123874e-07
1.679927378325495339e-04
8.496379036397902300e-05
1.398262166279206384e-04
2.242441364308686807e-04
2.650969611554836918e-04
1.340750970806448938e-04
1.194039621185631318e-04
1.914922610182014128e-04
1.814983593364314491e-04
1.000827237273989008e-04
1.312739624944566415e-04
2.692379087038761134e-05
2.864091872992351510e-04
1.579331717942668485e-04
1.121008035749989013e-04
2.299144883345103765e-05
1.134454368536267006e-04
7.971362362671584724e-05
2.522589513318159728e-06
6.995460756401246843e-06
2.275228007122576958e-04
1.598712773778117877e-04
6.468207383347781268e-05
1.793715968277210886e-04
6.235588664654636638e-05
8.951275200610805277e-05
1.107749455944146392e-05
1.828620059524665523e-06
1.250591153262833367e-04
1.795241183844971085e-04
2.840396018459828632e-04
4.688790509874571436e-05
1.794903163027248476e-05
9.077879081838614893e-06
6.078073120568427582e-05
9.747615940381404150e-05
1.481683184007748569e-04
7.493741756703215765e-05
8.749987290679740563e-05
1.403265704457138296e-04
1.939202750430422357e-05
1.069324779751786071e-05
5.706317185076012949e-05
1.170343970820360733e-05
1.600801739548058267e-04
8.827220192362868082e-05
8.214807860247159120e-05
1.684825876106622942e-05
2.716823786388438371e-06
1.909004670216082401e-06
1.225824932026100630e-07
3.399368054506483841e-07
5.421143744075891544e-06
3.809223394319149987e-06
6.956910267604300958e-07
1.929239478158914758e-06
1.493316617761012719e-06
2.143677000856904599e-06
5.382987974720160711e-07
8.885980252965835690e-08
2.979760439693908025e-06
4.277488006670902639e-06
3.055001031005607365e-06
5.043050246776251892e-07
9.224256531048266681e-04
4.665248083216234562e-04
7.677670526612265451e-04
1.231294558746657197e-03
1.455611954926854272e-03
7.361884244840512410e-04
6.556311847855311129e-04
1.051458391673463751e-03
9.112157258441600817e-05
5.024670860890626624e-05
6.590632524512013164e-05
1.351713686566208324e-05
1.437922394711823400e-04
7.929062846492441043e-05
5.628040687021377295e-05
1.154289758517762543e-05
5.838011646860696889e-04
4.102139989523605939e-04
1.298148904658149363e-05
3.599931606215312602e-05
1.170854286716127438e-03
8.227130197703717363e-04
3.328601932840767131e-04
9.230635452947796079e-04
6.035826951386811910e-05
8.664514452561232472e-05
1.072261879535326710e-05
1.770038858029266814e-06
1.210527537009659159e-04
1.737729299418308050e-04
2.749401822799863999e-04
4.538581624109600101e-05
1.948054307166482903e-04
9.852454332681883254e-05
6.596688203404989541e-04
1.057933687366085325e-03
1.608108653390692916e-03
8.133149579678698379e-04
9.496584985962215272e-04
1.523000157321155066e-03
1.924380261448368953e-05
1.061151289505554910e-05
5.662700382456938274e-05
1.161398330345765041e-05
1.588565852330160993e-04
8.759748457385996897e-05
8.152017159805354830e-05
1.671947742048837676e-05
2.245601387200065575e-06
1.577895319190835068e-06
1.013210419318917132e-07
2.809761036784418559e-07
4.480867685603823677e-06
3.148528580062651137e-06
5.750261546526733028e-07
1.594620479289110991e-06
2.321691389948195934e-07
3.332820633297169944e-07
8.369046915074622624e-08
1.381522417897725631e-08
4.632697496742618714e-07
6.650302392391809153e-07
4.749675658604163644e-07
7.840538434890931825e-08
2.755316757510951919e-04
1.393525448730202686e-04
2.293346264755135656e-04
3.677918669897587561e-04
4.347962351592854794e-04
2.199019829770471654e-04
1.958392618533389318e-04
3.140741930422195406e-04
4.305231144999732890e-04
2.374011868993864153e-04
3.113883529994083033e-04
6.386456793352702696e-05
6.793768042217353037e-04
3.746253203186887949e-04
2.659086686486143171e-04
5.453685749465209484e-05
6.139406503516555520e-05
4.313918240221266599e-05
1.365167510770008173e-06
3.785782703482239012e-06
1.231301144525920657e-04
8.651866371013573406e-05
3.500445286896495661e-05
9.707178875172669912e-05
9.928167737436056884e-05
1.425202437732281228e-04
1.763734428476153155e-05
2.911488819316902750e-06
1.991163851285673793e-04
2.858343704323435463e-04
4.522416347290699585e-04
7.465389584082090916e-05
5.818904384337652186e-05
2.942961574634868661e-05
1.970453173080933152e-04
3.160083858600000396e-04
4.803475169702608170e-04
2.429399405014726944e-04
2.836662192001615122e-04
4.549253201094474253e-04
9.092140973242124227e-05
5.013633381824744733e-05
2.675462391605493455e-04
5.487271698392981358e-05
7.505514873548742479e-04
4.138728164086949587e-04
3.851592677294136610e-04
7.899470221732862014e-05
2.361533445774375679e-07
1.659356193596798409e-07
1.065518709806322463e-08
2.954818562555925613e-08
4.712198240506475447e-07
3.311075415777707871e-07
6.047126191440735719e-08
1.676944811587125243e-07
3.818887078707695717e-07
5.482066095112216972e-07
1.376601785381566527e-07
2.272428684318960213e-08
7.620198225512921148e-07
1.093890169286049208e-06
7.812612425245988987e-07
1.289668861621790983e-07
2.308787846309896306e-05
1.167689562654231028e-05
1.921684673463830697e-05
3.081872130174512757e-05
3.643327978972188983e-05
1.842644858500753165e-05
1.641013892013441265e-05
2.631750697115928624e-05
2.752772510546387823e-05
1.517947444068666476e-05
1.991022710213017269e-05
4.083511920365112697e-06
4.343947462928994692e-05
2.395361012673306739e-05
1.700224793323934245e-05
3.487096443061557218e-06
2.405871239641033923e-04
1.690510608536253934e-04
5.349730873126973069e-06
1.483548242101483256e-05
4.825143943889709393e-04
3.390437896450795483e-04
1.371732045574359138e-04
3.803986991324324472e-04
7.504634744438631714e-05
1.077300869095353548e-04
1.333194907857488183e-05
2.200774677597550091e-06
1.505107268069557323e-04
2.160602645151595469e-04
3.418463884400463294e-04
5.643037419907771639e-05
1.122204520311479589e-05
5.675647104715511713e-06
3.800116502765360190e-05
6.094378179214443185e-05
9.263739688099035326e-05
4.685217033790236408e-05
5.470643482352444386e-05
8.773460034935418397e-05
1.338006763879029078e-05
7.378103129101753591e-06
3.937231931409015853e-05
8.075113077655816837e-06
1.104517593464225905e-04
6.090585587819291022e-05
5.668034700619965977e-05
1.162492378730748595e-05
1.311751744602198744e-04
9.217160933129659654e-05
5.918595093352175395e-06
1.641301507438406641e-05
2.617466322129042991e-04
1.839190107990037798e-04
3.358973528681456864e-05
9.314859741398653610e-05
4.091747536783578107e-05
5.873761119103544187e-05
1.474960334876672582e-05
2.434794294762165559e-06
8.164663336836950811e-05
1.172048901535629323e-04
8.370825580331824403e-05
1.381816031489774051e-05
2.102388763615136737e-05
1.063301428859572911e-05
1.749891516086704771e-05
2.806361505988221511e-05
3.317624794932178217e-05
1.677917636320235207e-05
1.494311906145715948e-05
2.396479651907424524e-05
2.271408372806236553e-05
1.252511248469651913e-05
1.642862109781665359e-05
3.369447758881594121e-06
3.584342186114348669e-05
1.976495710864185565e-05
1.402914631126638342e-05
2.877324598094278621e-06
1.584786389321944341e-04
1.113566744250347356e-04
3.523954455489484366e-06
9.772372782243003982e-06
3.178400540644294261e-04
2.233336407869540813e-04
9.035821368176582191e-05
2.505747901083850665e-04
8.710862524955714629e-05
1.250456562947208593e-04
1.547480717822234789e-05
2.554507490076388101e-06
1.747024731241107666e-04
2.507878564898639319e-04
3.967917154876269528e-04
6.550048718150423778e-05
1.021882620246733631e-05
5.168260357169713436e-06
3.460396869557143029e-05
5.549558061681659842e-05
8.435587644158470033e-05
4.266371924420075891e-05
4.981583476985431850e-05
7.989137600908389287e-05
1.104035932756016634e-05
6.087929590499739865e-06
3.248747050626217509e-05
6.663056749394791378e-06
9.113758947006019842e-05
5.025554071927223999e-05
4.676892633524983652e-05
9.592129070804903884e-06
8.640721401719956641e-05
6.071493334445154585e-05
3.898674539727930490e-06
1.081151911583628213e-05
1.724167500517439643e-04
1.211504340919365811e-04
2.212610318722347993e-05
6.135849123336324954e-05
4.749418391902574373e-05
6.817856878492002518e-05
1.712032249989858400e-05
2.826141324724289732e-06
9.476978202361925553e-05
1.360433545599017548e-04
9.716277118575149100e-05
1.603916765437154621e-05
1.642881577290215313e-04
8.309016670998239950e-05
1.367427653623801349e-04
2.192990990627495420e-04
2.592510362632943982e-04
1.311184696488173140e-04
1.167708629259792705e-04
1.872694688350373877e-04
1.622916192635827772e-05
8.949164804251239741e-06
1.173821296140819070e-05
2.407462873518217436e-06
2.561004460244150515e-05
1.412201756513636694e-05
1.002379360312134281e-05
2.055841977877101336e-06
6.762917391028264473e-05
4.752034691554576847e-05
1.503812313937025741e-06
4.170262332257862092e-06
1.356350637335656509e-04
9.530539721040730305e-05
3.855946383992588799e-05
1.069302851914510428e-04
6.992072220465887565e-06
1.003721798115150637e-05
1.242138411413681611e-06
2.050462948664886882e-07
1.402309249719210351e-05
2.013034644467515526e-05
3.184984636393564796e-05
5.257620993750053274e-06
5.345981775520593858e-06
2.703776846102315997e-06
1.810307586624221909e-05
2.903252846474700872e-05
4.413080026802816799e-05
2.231953661178372937e-05
2.606116784212307352e-05
4.179519562263452135e-05
5.281013865490423318e-07
2.912082806879398634e-07
1.553996361060438660e-06
3.187187485126868042e-07
4.359449356483267055e-06
2.403909143551822270e-06
2.237131429535970385e-06
4.588271551636996945e-07
5.941876410762865062e-05
4.175121653021078138e-05
2.680961600757086810e-06
7.434646647224630866e-06
1.185640610688974689e-04
8.331027850767982286e-05
1.521523082136390348e-05
4.219376539405028453e-05
6.143211071046326704e-06
8.818665866155298838e-06
2.214455456284381491e-06
3.655517632219573379e-07
1.225814881082574979e-05
1.759674496775336442e-05
1.256767381579832046e-05
2.074611756098253159e-06
4.515716591432134572e-05
2.283862997697053000e-05
3.758588463349305284e-05
6.027778227065977451e-05
7.125919615771106287e-05
3.603995911944915038e-05
3.209629533861062213e-05
5.147393818134438640e-05
7.055887007702192995e-05
3.890792140630964786e-05
5.103375313146968183e-05
1.046682884049226495e-05
1.113437537914744511e-04
6.139772387048159032e-05
4.358004151605805368e-05
8.938100912057896341e-06
6.544489454140462466e-06
4.598554015438005879e-06
1.455242354819161450e-07
4.035571673648841536e-07
1.312543378680876918e-05
9.222723432843002867e-06
3.731407466139944824e-06
1.034766629993216387e-05
1.058323618404667038e-05
1.519238434270757042e-05
1.880107036479037485e-06
3.103591179856454496e-07
2.122542434474857670e-05
3.046939507676967889e-05
4.820808994342331801e-05
7.957961958715505823e-06
1.469426581618284323e-06
7.431752922576882639e-07
4.975913125764131443e-06
7.980043862669989417e-06
1.213003966434454823e-05
6.134873212051629345e-06
7.163318990458413542e-06
1.148806225136349205e-05
2.296005011847856884e-06
1.266074448924053543e-06
6.756247046999102026e-06
1.385680595797959397e-06
1.895340142314315562e-05
1.045137843263229412e-05
9.726285719380419357e-06
1.994824241443111413e-06
5.749966362095554378e-06
4.040274048622596295e-06
2.594372207826508461e-07
7.194523275202164259e-07
1.147346925063486006e-05
8.061953260560487125e-06
1.472381102641104978e-06
4.083099595718317226e-06
9.298395617687369219e-06
1.334797764481519864e-05
3.351811076022737098e-06
5.533010137322213701e-07
1.855399657692833118e-05
2.663452295573684673e-05
1.902249520354501832e-05
3.140142937986514729e-06
1.258248799627676578e-04
6.363702896720134614e-05
1.047284373708635432e-04
1.679566147489837630e-04
1.985549717579538460e-04
1.004209063667031439e-04
8.943237305664101925e-05
1.434257877291748070e-04
1.500212638670546633e-04
8.272546793114643167e-05
1.085072385131012336e-04
2.225442229469815980e-05
2.367375023050281044e-04
1.305429653784904564e-04
9.265926311576342484e-05
1.900406276254806430e-05
1.174610004697663622e-04
8.253520143208049669e-05
2.611880179818969608e-06
7.243075102739228362e-06
2.355762959053799065e-04
1.655301500703504835e-04
6.697158841869023046e-05
1.857207112387273412e-04
3.663961274059930704e-05
5.259667924280496230e-05
6.509010337623207430e-06
1.074476435728562905e-06
7.348331972584909574e-05
1.054863386433747889e-04
1.668984529659837458e-04
2.755080197598578859e-05
1.344364512100576407e-05
6.799240613171022618e-06
4.552415959568152561e-05
7.300866819875179885e-05
1.109765881406475960e-04
5.612737605056579513e-05
6.553652941967844309e-05
1.051031973746292814e-04
1.602888580247596213e-05
8.838727552647474277e-06
4.716675782972557673e-05
9.673722798573811593e-06
1.323176149060506523e-04
7.296323418749755911e-05
6.790121200681951562e-05
1.392628055997516814e-05
2.812989652999365205e-06
1.976576622948311363e-06
1.269214760064331705e-07
3.519693552438641048e-07
5.613032886383674959e-06
3.944056308645285338e-06
7.203160064212555820e-07
1.997527670881118968e-06
8.774559310495428316e-07
1.259600326069239961e-06
3.162982765348481943e-07
5.221301352585506703e-08
1.750873485112886936e-06
2.513403505195132518e-06
1.795084004380469806e-06
2.963239206598623577e-07
6.938440914701002587e-04
3.509176925952144847e-04
5.775106441601389039e-04
9.261737805860485685e-04
1.094904235370896010e-03
5.537573535792509379e-04
4.931625895439898039e-04
7.909018900695940872e-04
7.496250484507558515e-04
4.133619548822866328e-04
5.421880994131777565e-04
1.112007188906920713e-04
1.182928053404364889e-03
6.522960427361546932e-04
4.629990630136208681e-04
9.495934844116963160e-05
4.685526712684009000e-04
3.292334387585162917e-04
1.041880650081954711e-05
2.889267224026109414e-05
9.397153292797983445e-04
6.603008120204571178e-04
2.671500883456388712e-04
7.408410877887199823e-04
2.575424633010692027e-04
3.697058271207762331e-04
4.575230005491002789e-05
7.552571856466641344e-06
5.165195196718027747e-04
7.414710327634626815e-04
1.173141184714770763e-03
1.936565611937546109e-04
7.413314233076036719e-05
3.749348242834189176e-05
2.510367517453796502e-04
4.025963153773287639e-04
6.119652170197502740e-04
3.095067386825971602e-04
3.613922280454848787e-04
5.795772069449325013e-04
8.009300806144831241e-05
4.416528296793953423e-05
2.356824773500507066e-04
4.833758051796130601e-05
6.611635972666867226e-04
3.645821035836371783e-04
3.392882317374948972e-04
6.958672704398379471e-05
1.122103345699390426e-05
7.884576607939635908e-06
5.062905678165880500e-07
1.404007976643937687e-06
2.239042356453790265e-05
1.573286547584275795e-05
2.873345089998085243e-06
7.968150470204808658e-06
6.167700611917983007e-06
8.853820946399986114e-06
2.223283249563491706e-06
3.670090133054392025e-07
1.230701518263713256e-05
1.766689333155075167e-05
1.261777409039644059e-05
2.082882070890665697e-06
1.064778814623032173e-03
5.385211596456807113e-04
8.862525554092945358e-04
1.421313854727610957e-03
1.680248989933496358e-03
8.498005615117517567e-04
7.568113412892022232e-04
1.213724505756216430e-03
1.051838917493711493e-04
5.800102225173053746e-05
7.607730621373355216e-05
1.560316641289391504e-05
1.659829491740266055e-04
9.152713945391868831e-05
6.496586983683771586e-05
1.332425303512646165e-05
6.738961671519523274e-04
4.735201954499750586e-04
1.498485484714734952e-05
4.155490359020104382e-05
1.351546149339600275e-03
9.496780483255708909e-04
3.842287785983064009e-04
1.065515149402522857e-03
6.967304784873586002e-05
1.000166397912812731e-04
1.237738487881518436e-05
2.043199764387870120e-06
1.397341966354881122e-04
2.005904039357919353e-04
3.173702730349537825e-04
5.238997360408526087e-05
2.248687413477970369e-04
1.137293245278857197e-04
7.614720841746885037e-04
1.221199100211298747e-03
1.856279712060214136e-03
9.388296324427954738e-04
1.096214363757575362e-03
1.758036863702469067e-03
2.221359875207306076e-05
1.224913258182146154e-05
6.536595529951812872e-05
1.340630904320913472e-05
1.833720971984409247e-04
1.011159495343245235e-04
9.410075640229120862e-05
1.929970755798250681e-05
2.592153389414676989e-06
1.821403710870470934e-06
1.169573922423750754e-07
3.243376868424217278e-07
5.172376729442158389e-06
3.634424647668450058e-06
6.637669553827266353e-07
1.840709978084397512e-06
2.679985967203588061e-07
3.847157536576079180e-07
9.660598470742025847e-08
1.594725599350949689e-08
5.347637646985649073e-07
7.676609030138229687e-07
5.482668441179706313e-07
9.050528020994615412e-08
2.926710863317015976e-04
1.480209510572467731e-04
2.436003558614323480e-04
3.906703102734987595e-04
4.618426760920111662e-04
2.335809560514094229e-04
2.080214166185118173e-04
3.336111356919136935e-04
4.573037465407057685e-04
2.521686955841867007e-04
3.307582233329264322e-04
6.783725473398975563e-05
7.216373463345609812e-04
3.979288376414433248e-04
2.824494813754534336e-04
5.792931533032130313e-05
6.521307453736422354e-05
4.582264940210535576e-05
1.450087570921381380e-06
4.021276803923003084e-06
1.307894065491801690e-04
9.190054547081217965e-05
3.718190011975821120e-05
1.031101262266263672e-04
1.054574806717921946e-04
1.513856962386068625e-04
1.873447289773858075e-05
3.092597587080491503e-06
2.115023929033236409e-04
3.036146587405186325e-04
4.803732643797684878e-04
7.929773132278393033e-05
6.180868543632892669e-05
3.126028100881314493e-05
2.093024945895183438e-04
3.356656447120169736e-04
5.102274692199810450e-04
2.580519866040932630e-04
3.013116379545261359e-04
4.832238880458371343e-04
9.657716371324216167e-05
5.325505767449674737e-05
2.841889167393414997e-04
5.828606691365110381e-05
7.972394409942987377e-04
4.396177189112609822e-04
4.091180478244602482e-04
8.390855697215769563e-05
2.508432313995702260e-07
1.762576220927593666e-07
1.131799156868917710e-08
3.138622651130456955e-08
5.005319893982757502e-07
3.517040413666487996e-07
6.423286857343520513e-08
1.781258936518349973e-07
4.056440432326726182e-07
5.823077274237151999e-07
1.462233113036846993e-07
2.413784802919546082e-08
8.094211624286931529e-07
1.161935459143827709e-06
8.298594923259765049e-07
1.369892538526101840e-07
1.574668150718663978e-05
7.964021324770181819e-06
1.310651238858576674e-05
2.101936691900754012e-05
2.484867780415218403e-05
1.256743522972086648e-05
1.119224667944479203e-05
1.794939283833985429e-05
1.877480083524933174e-05
1.035289361237783400e-05
1.357942027519307006e-05
2.785087497041451767e-06
2.962712979108129041e-05
1.633713856454345164e-05
1.159608421964147950e-05
2.378312808666935149e-06
1.640882171936149049e-04
1.152983033052904085e-04
3.648689867409619294e-06
1.011827990443391223e-05
3.290904577144214134e-04
2.312388546684185679e-04
9.355657198812966820e-05
2.594442434613595844e-04
5.118404159018618649e-05
7.347541135134217315e-05
9.092821427741124512e-06
1.500999668401686496e-06
1.026531944991099953e-04
1.473601040094029227e-04
2.331503178930410217e-04
3.848734439868358213e-05
7.653798591981219023e-06
3.870975301952674002e-06
2.591802635954198873e-05
4.156563467960876755e-05
6.318170752116833834e-05
3.195469888714838906e-05
3.731156186292902178e-05
5.983784136206645295e-05
9.125639845574857480e-06
5.032105495826842001e-06
2.685319802896319745e-05
5.507488874371714775e-06
7.533168017652027814e-05
4.153976797692242209e-05
3.865783395602848761e-05
7.928574845740874212e-06
8.946572103522218162e-05
6.286402531373800338e-05
4.036673705380585079e-06
1.119420830987381600e-05
1.785196877063817259e-04
1.254387271137775680e-04
2.290928827945599820e-05
6.353036285527625851e-05
2.790704454396984014e-05
4.006095481646300199e-05
1.005970759338398325e-05
1.660608633071814110e-06
5.568565053911775256e-05
7.993753429024365710e-05
5.709174386740231954e-05
9.424433251487874407e-06
8.683292149577997564e-05
4.391650635525173212e-05
7.227406998751627701e-05
1.159084240534226005e-04
1.370246351942236570e-04
6.930140272460628709e-05
6.171811354881905033e-05
9.897947186631991855e-05
9.381377428101910626e-05
5.173125579492305422e-05
6.785353835404020961e-05
1.391650287494862070e-05
1.480406045957421220e-04
8.163328299143883136e-05
5.794322065364726081e-05
1.188393437351599290e-05
6.545489326861917562e-04
4.599256586471300260e-04
1.455464687996391827e-05
4.036188231756273638e-05
1.312743910185934114e-03
9.224132488452708523e-04
3.731977553778434171e-04
1.034924722527958904e-03
3.597762958404376161e-04
5.164639311407326523e-04
6.391409334581543700e-05
1.055063422070260312e-05
7.215566595694349180e-04
1.035804729912727026e-03
1.638830290448614569e-03
2.705303015217251769e-04
4.220582552448898434e-05
2.134596386884144768e-05
1.429214115479849364e-04
2.292080075036446562e-04
3.484068847554366638e-04
1.762098165650132311e-04
2.057495047861357949e-04
3.299675921620624612e-04
4.559892401283436561e-05
2.514438439514374193e-05
1.341798446076141306e-04
2.751977624952900263e-05
3.764167355118651402e-04
2.075655795696301580e-04
1.931651547607913112e-04
3.961743921948890785e-05
3.568793251407448362e-04
2.507649932286918379e-04
1.610231685521714264e-05
4.465376750878565312e-05
7.121161595278234025e-04
5.003758731375411700e-04
9.138529535136973795e-05
2.534230178820279602e-04
1.961606157300529009e-04
2.815913219026002054e-04
7.071040548465696532e-05
1.167253706987026044e-05
3.914184276973969065e-04
5.618866563103932328e-04
4.013019584530683886e-04
6.624501661599684088e-05
5.097065860453022000e-04
2.577885454016429624e-04
4.242465742066101335e-04
6.803788943233062035e-04
8.043304060930968856e-04
4.067971085439797685e-04
3.622834336588998875e-04
5.810064641899768349e-04
5.035122941426233305e-05
2.776492416364770196e-05
3.641798981458283641e-05
7.469191323672725813e-06
7.945556504632016236e-05
4.381378098517629854e-05
3.109897686659115069e-05
6.378281980133565077e-06
2.098205727507824775e-04
1.474326216133137679e-04
4.665601289741194248e-06
1.293830429211140280e-05
4.208099125300508335e-04
2.956864896125552798e-04
1.196313413289557751e-04
3.317528868981714854e-04
2.169301372746660250e-05
3.114062620997730846e-05
3.853753903076123299e-06
6.361593457638123372e-07
4.350686441034114379e-05
6.245471556841267864e-05
9.881464787623744667e-05
1.631185159349469996e-05
1.658599230478590865e-05
8.388510070995206671e-06
5.616507680316769574e-05
9.007387490726710732e-05
1.369164999778326559e-04
6.924671239706627242e-05
8.085518197283691588e-05
1.296702499339389119e-04
1.638442834496236591e-06
9.034782581371147503e-07
4.821298083026818586e-06
9.888299160368239706e-07
1.352526000197488238e-05
7.458165820715379580e-06
6.940735347244052950e-06
1.423518445128043749e-06
1.843476475662036377e-04
1.295338041099273877e-04
8.317725414477942651e-06
2.306610782781091866e-05
3.678468590217746806e-04
2.584714457062267266e-04
4.720549225854931807e-05
1.309068189009138185e-04
1.905940869787715820e-05
2.736004916146323609e-05
6.870382784581650454e-06
1.134130078700068837e-06
3.803109894206058801e-05
5.459417724932594062e-05
3.899140512456978242e-05
6.436515511449382486e-06
1.204310572488811234e-03
6.090905614982919380e-04
1.002389705464329763e-03
1.607567016328447125e-03
1.900433775729242327e-03
9.611609347222574602e-04
8.559861326849402784e-04
1.372774546503782766e-03
1.881756560583282322e-03
1.037647517385982630e-03
1.361035113820574950e-03
2.791431299508974622e-04
2.969461372444925657e-03
1.637435088912862768e-03
1.162249748951695548e-03
2.383730069948741110e-04
1.745370348554864707e-04
1.226402744020854230e-04
3.881031322398411790e-06
1.076259223582124755e-05
3.500462962610885942e-04
2.459636939658031468e-04
9.951407203592570975e-05
2.759651469102115126e-04
2.822476337814500743e-04
4.051704467005451502e-04
5.014116221860203570e-05
8.277064326126733386e-06
5.660674762548654733e-04
8.125978210836915698e-04
1.285676619044501126e-03
2.122333748873595307e-04
3.918859680203623476e-05
1.981997416260677380e-05
1.327041824660455641e-04
2.128222840860351489e-04
3.234998192799743615e-04
1.636128512619746658e-04
1.910407931863365315e-04
3.063787229910927210e-04
6.123287532043138431e-05
3.376533521368794982e-05
1.801844642882437101e-04
3.695514892981428281e-05
5.054741867951621347e-04
2.787310781943650438e-04
2.593933539833136507e-04
5.320059121480447448e-05
1.533476501706357482e-04
1.077513314662030964e-04
6.919012333025330422e-06
1.918729900096524386e-05
3.059895376933446020e-04
2.150067514206965879e-04
3.926739184668484877e-05
1.088934593676274217e-04
2.479818191161793270e-04
3.559813879705218172e-04
8.939049725791337639e-05
1.475615767984153376e-05
4.948223341099775453e-04
7.103244178266076474e-04
5.073168704212571581e-04
8.374545352377593958e-05
2.474928121066703583e-04
1.251716453682827520e-04
2.059969020445087879e-04
3.303643516961263064e-04
3.905501704645186734e-04
1.975241503774951798e-04
1.759101181555702766e-04
2.821131364815255313e-04
2.950861902768429608e-04
1.627178877275938754e-04
2.134296619355656921e-04
4.377361263649941502e-05
4.656537736727278339e-04
2.567731088782010678e-04
1.822572896794182431e-04
3.738027754086818808e-05
2.310413753442690926e-04
1.623436406715469970e-04
5.137470194927686181e-06
1.424685663127344747e-05
4.633697243068931508e-04
3.255915868266493602e-04
1.317305985421706751e-04
3.653056621593815385e-04
7.206874184464631553e-05
1.034556922059153673e-04
1.280297881441604022e-05
2.113454784932065372e-06
1.445389294014465004e-04
2.074876653759622684e-04
3.282829872202296085e-04
5.419139250399766387e-05
2.644314492448850766e-05
1.337385086352967694e-05
8.954431174869411541e-05
1.436053076785662912e-04
2.182867798885241933e-04
1.104004401914277693e-04
1.289078914010273100e-04
2.067340408935546589e-04
3.152821622691258922e-05
1.738544505742212976e-05
9.277524076865668553e-05
1.902784933844477551e-05
2.602637778318262363e-04
1.435159406852186414e-04
1.335591332174661380e-04
2.739247070209481911e-05
5.533044973726881945e-06
3.887851964591878142e-06
2.496497753294617166e-07
6.923104995645686288e-07
1.104062482642053562e-05
7.757810595349002214e-06
1.416834524995335090e-06
3.929061888821543210e-06
1.725922853567499222e-06
2.477586522805358743e-06
6.221468277757692862e-07
1.027010361535913056e-07
3.443902371310184728e-06
4.943770275350739253e-06
3.530862801882167023e-06
5.828580201330958059e-07
1.196073826424509743e-03
6.049247554347809844e-04
9.955339743514515696e-04
1.596572243387542637e-03
1.887435973683583438e-03
9.545871831277055047e-04
8.501317122633717189e-04
1.363385610126913563e-03
1.292231080593977477e-03
7.125684590421822078e-04
9.346436795807142690e-04
1.916918670633053687e-04
2.039174651213739552e-03
1.124451780145509661e-03
7.981347218167213426e-04
1.636943985559650679e-04
8.077082348831562996e-04
5.675446454382144981e-04
1.796031977703856273e-05
4.980624533217273270e-05
1.619915660389956462e-03
1.138250694260689892e-03
4.605230949220869095e-04
1.277088967878218335e-03
4.439611194132046801e-04
6.373124290197126722e-04
7.886948850202429309e-05
1.301939964721800374e-05
8.903952428388240163e-04
1.278174890069731437e-03
2.022303688952642366e-03
3.338322643469651056e-04
1.277934226182660267e-04
6.463263656109047425e-05
4.327463358477197180e-04
6.940102558450930541e-04
1.054928027431448288e-03
5.335390382238595994e-04
6.229811428135063455e-04
9.990963908769240256e-04
1.380672571829975458e-04
7.613373039274637681e-05
4.062780759695072035e-04
8.332608953651693504e-05
1.139737995029734214e-03
6.284799669551834967e-04
5.848774653903052092e-04
1.199561456342563512e-04
1.934322795039972723e-05
1.359172158289098080e-05
8.727622014449620026e-07
2.420280310230781621e-06
3.859743120584952701e-05
2.712088903206322915e-05
4.953177376131315893e-06
1.373578926388367005e-05
1.063210793581489896e-05
1.526254042950865684e-05
3.832576995642713390e-06
6.326635627125421734e-07
2.121528297541993750e-05
3.045483699851057362e-05
2.175098054850390069e-05
3.590548307823360680e-06
5.910503658531751620e-05
2.989288705381899707e-05
4.919518400621305691e-05
7.889601692783056825e-05
9.326930312528958970e-05
4.717176242481654447e-05
4.201000376863992008e-05
6.737289503887715174e-05
5.838675304817791557e-06
3.219591238193475279e-06
4.222991578459471961e-06
8.661195254973132134e-07
9.213583280150973128e-06
5.080599699843338162e-06
3.606204463095644924e-06
7.396188319092260199e-07
3.740744750666625461e-05
2.628473453039726162e-05
8.317975356035587020e-07
2.306680094745986022e-06
7.502326634075965803e-05
5.271588335501208912e-05
2.132823803808007120e-05
5.914590995120641603e-05
3.867496221333096109e-06
5.551845202796479698e-06
6.870589234553152784e-07
1.134164158478411602e-07
7.756535621235515521e-06
1.113461594132673808e-05
1.761697485074793188e-05
2.908126330133220240e-06
1.248228740253558629e-05
6.313025573695266526e-06
4.226871794944275817e-05
6.778780391258955340e-05
1.030406303986660781e-04
5.211369630091373104e-05
6.084999925377040600e-05
9.758724696664681218e-05
1.233059438168541906e-06
6.799397390746148067e-07
3.628412893226132739e-06
7.441736965376027982e-07
1.017884124364114514e-05
5.612867024125796990e-06
5.223459157414350745e-06
1.071311624193363689e-06
1.438884008697623811e-07
1.011046909359719806e-07
6.492213079818145924e-09
1.800373052463991586e-08
2.871145740582344716e-07
2.017440606602174906e-07
3.684518290863096509e-08
1.021763666815202001e-07
1.487639183502959131e-08
2.135526964154631910e-08
5.362522415055935929e-09
8.852196681481705462e-10
2.968431700831766977e-08
4.261225442752008693e-08
3.043386235251291320e-08
5.023877094950579898e-09
1.396505801490848387e-04
7.062949725732691234e-05
1.162360499869018957e-04
1.864117708398567224e-04
2.203722904857003642e-04
1.114552053406032408e-04
9.925924654301247925e-05
1.591854843862804364e-04
2.182065003728457281e-04
1.203245085640534273e-04
1.578241921894983776e-04
3.236914209074285957e-05
3.443355998571407685e-04
1.898752409443569622e-04
1.347732515407610448e-04
2.764148175658841331e-05
3.111699145479260525e-05
2.186467974400306484e-05
6.919220244279150640e-07
1.918787556524938419e-06
6.240731440497309919e-05
4.385115267748306006e-05
1.774167030932676718e-05
4.919990261858000460e-05
5.031996341512692887e-05
7.223501498208847506e-05
8.939318337689540757e-06
1.475660109157389672e-06
1.009202249599519145e-04
1.448724018703557233e-04
2.292143234904784005e-04
3.783760918282934744e-05
2.949255728546036777e-05
1.491611772526267003e-05
9.987052415198170989e-05
1.601658114154211365e-04
2.434595196185993296e-04
1.231317725627412488e-04
1.437734952687833489e-04
2.305745236173266540e-04
4.608264215899252921e-05
2.541111864971702260e-05
1.356032384067115909e-04
2.781170890886901066e-05
3.804098035376250655e-04
2.097674569061963893e-04
1.952142708876749807e-04
4.003770515053129190e-05
1.196920516832984184e-07
8.410287291944835585e-08
5.400479112919773765e-09
1.497621372828963802e-08
2.388332362405742061e-07
1.678186732869283945e-07
3.064927756735672118e-08
8.499433510784251185e-08
1.935566190753129402e-07
2.778532480924767737e-07
6.977173765547995006e-08
1.151758625383031005e-08
3.862224189443948946e-07
5.544277126894737886e-07
3.959747476189094839e-07
6.536562601549708752e-08
9.712971307370962530e-06
4.912419838013455899e-06
8.084444885224587531e-06
1.296530368574773772e-05
1.532732432720404392e-05
7.751927778421853772e-06
6.903674962426272810e-06
1.107166214951110734e-05
1.158079572074625114e-05
6.385939701606116495e-06
8.376147027771245270e-06
1.717915926281685953e-06
1.827480040471978924e-05
1.007718089995870419e-05
7.152772681141134161e-06
1.467006496574655474e-06
1.012139697339942986e-04
7.111905522961984932e-05
2.250608801319216806e-06
6.241223736370191705e-06
2.029917333281252699e-04
1.426342661162361065e-04
5.770817800067661399e-05
1.600320989189156766e-04
3.157167604703671769e-05
4.532158486390642577e-05
5.608693716856453487e-06
9.258564545745787728e-07
6.331921632661292182e-05
9.089562530627787022e-05
1.438133073921633322e-04
2.374001605803147759e-05
4.721066218452519365e-06
2.387720360143709494e-06
1.598692691276084606e-05
2.563878724742395531e-05
3.897215499175070164e-05
1.971050683186161156e-05
2.301476216702721766e-05
3.690956954832109142e-05
5.628936988470659294e-06
3.103936297582635319e-06
1.656376563197980290e-05
3.397165389293170360e-06
4.646658076856693742e-05
2.562283197831571828e-05
2.384517854435862875e-05
4.890555508465552380e-06
5.518483250021753787e-05
3.877620017014433128e-05
2.489927535505575452e-06
6.904884948166067356e-06
1.101156839745281502e-04
7.737393791404232257e-05
1.413105736780738264e-05
3.918721486038439025e-05
1.721380614737098752e-05
2.471066075100351183e-05
6.205094779524603831e-06
1.024307502405361788e-06
3.434838798713796580e-05
4.930759389454617236e-05
3.521570369088675737e-05
5.813240695708291082e-06
4.694047741698254212e-05
2.374055530196170398e-05
3.907019701332173697e-05
6.265822533659814466e-05
7.407330863809893137e-05
3.746322101713103281e-05
3.336381714852125789e-05
5.350670671735544573e-05
5.071421388550295971e-05
2.796508285756279844e-05
3.668052888126049037e-05
7.523037088607523876e-06
8.002836409414829067e-05
4.412963667150145944e-05
3.132317090922651402e-05
6.424263326347260430e-06
3.538386001968091190e-04
2.486283960198856454e-04
7.868007449390090132e-06
2.181898285578859781e-05
7.096481934373119645e-04
4.986417309321006242e-04
2.017446897630134010e-04
5.594636196648241798e-04
1.944892651214601327e-04
2.791920746047429490e-04
3.455092842260258412e-05
5.703502759558798707e-06
3.900618970333559932e-04
5.599393374693146120e-04
8.859252333552860214e-04
1.462443194406072306e-04
2.281578882490626793e-05
1.153928392214435783e-05
7.726101086553327686e-05
1.239061535035336037e-04
1.883431447896017990e-04
9.525618593315003158e-05
1.112248651387172209e-04
1.783751604968415781e-04
2.465004316326242973e-05
1.359264881950947618e-05
7.253546071145422546e-05
1.487674735928594622e-05
2.034848185262050455e-04
1.122066058874298029e-04
1.044219684032803583e-04
2.141654891908105677e-05
1.929232094669443959e-04
1.355595124389918416e-04
8.704652886061784537e-06
2.413910679524019994e-05
3.849585149131330426e-04
2.704951298242011309e-04
4.940141732872279138e-05
1.369963977131993837e-04
1.060412663096384954e-04
1.522237287297727290e-04
3.822490519289423801e-05
6.309985352200372373e-06
2.115944914604008117e-04
3.037468675141104897e-04
2.169373688419845971e-04
3.581098796269288821e-05
9.476079167879056242e-04
4.792609575151216233e-04
7.887271292833565074e-04
1.264908958070366015e-03
1.495350229709033153e-03
7.562864030727725357e-04
6.735299469443526517e-04
1.080163255183908813e-03
9.360919579861644692e-05
5.161844611548721589e-05
6.770557102185999427e-05
1.388615533739000384e-05
1.477177743668735570e-04
8.145526634861720533e-05
5.781686462290773146e-05
1.185801923176054305e-05
3.900825323570423294e-04
2.740955743137183515e-04
8.673932885657609955e-06
2.405391633673340535e-05
7.823379479363065181e-04
5.497179477668721675e-04
2.224095376495664874e-04
6.167698645628426259e-04
4.033000967601589717e-05
5.789429593064884002e-05
7.164607654456818425e-06
1.182699319350808106e-06
8.088467027615172745e-05
1.161110814214682819e-04
1.837087163198032342e-04
3.032576021313400889e-05
3.083542188015105833e-05
1.559528319028554138e-05
1.044178609474590767e-04
1.674585326042923698e-04
2.545447966928053086e-04
1.287382479950201491e-04
1.503198362517865630e-04
2.410731169134741148e-04
3.046068941779489092e-06
1.679678414005001340e-06
8.963392582619099773e-06
1.838357758065014568e-06
2.514513997931168472e-05
1.386565755655885186e-05
1.290368997271216694e-05
2.646497779758042903e-06
3.427251973146665004e-04
2.408194471619231843e-04
1.546368571295392820e-05
4.288276232941283251e-05
6.838730464110920814e-04
4.805305540883606516e-04
8.776087930732713246e-05
2.433720523693630510e-04
3.543381048209456191e-05
5.086573314711794760e-05
1.277289581158024666e-05
2.108488826055616745e-06
7.070454145247728826e-05
1.014973633622724480e-04
7.248987004347415904e-05
1.196628260682409689e-05
1.195053227426945940e-03
6.044085786024160512e-04
9.946844941991256524e-04
1.595209902706608241e-03
1.885825441607594287e-03
9.537726425026507755e-04
8.494063025485491802e-04
1.362222245494858772e-03
1.867291795263030648e-03
1.029671284892084765e-03
1.350573051975585605e-03
2.769974008220197985e-04
2.946635592118349110e-03
1.624848384136911867e-03
1.153315718793779514e-03
2.365406713585392997e-04
1.731953962494307397e-04
1.216975579927494558e-04
3.851198447915626152e-06
1.067986189004237584e-05
3.473555456971205583e-04
2.440730099182264565e-04
9.874912308970490481e-05
2.738438464347729803e-04
2.800780408222101523e-04
4.020559655030366908e-04
4.975573502808811169e-05
8.213439840618927499e-06
5.617162050166157449e-04
8.063515100422251076e-04
1.275793826040474629e-03
2.106019704723702019e-04
3.888736025112143028e-05
1.966762115323201623e-05
1.316841063857516298e-04
2.111863528190968892e-04
3.210131272896043510e-04
1.623551851289292084e-04
1.895722927979661505e-04
3.040236381623671338e-04
6.076218788405026930e-05
3.350578641760232221e-05
1.787994147845625118e-04
3.667108053975694009e-05
5.015886865978513506e-04
2.765885164422260899e-04
2.573994382613785294e-04
5.279164667705712154e-05
1.521688910162408213e-04
1.069230640084187835e-04
6.865826978584948043e-06
1.903980926558074808e-05
3.036374444705025512e-04
2.133540284985530359e-04
3.896554961071325431e-05
1.080564125531474027e-04
2.460756220594820004e-04
3.532450152944647745e-04
8.870336663125276302e-05
1.464272942756995378e-05
4.910187130210193641e-04
7.048642662744209484e-04
5.034172058060991948e-04
8.310171545625248636e-05
8.975300378127698498e-04
4.539336340485726571e-04
7.470455634955322456e-04
1.198062790373151431e-03
1.416326018849077550e-03
7.163192201349204754e-04
6.379361633006494503e-04
1.023080274123720464e-03
1.070126915051780462e-03
5.900946806568902175e-04
7.740003877964425844e-04
1.587445383581706753e-04
1.688688433149361252e-03
9.311849348635806937e-04
6.609541129910350950e-04
1.355591769681259114e-04
8.378690782327867688e-04
5.887374777082232235e-04
1.863098075077853578e-05
5.166607329779231112e-05
1.680405352536901631e-03
1.180754409587018170e-03
4.777196076292299022e-04
1.324777079302869465e-03
2.613565220030113689e-04
3.751809620131546529e-04
4.642986582764364314e-05
7.664421188192284141e-06
5.241688825903530018e-04
7.524518007832343286e-04
1.190514744347682605e-03
1.965245056986800111e-04
9.589578243482681143e-05
4.850012721206873933e-05
3.247314894748727209e-04
5.207831133912120330e-04
7.916146741382253322e-04
4.003660163546545370e-04
4.674830903519813048e-04
7.497187896527922855e-04
1.143367391619991703e-04
6.304813067886007728e-05
3.364484190324372090e-04
6.900429224938183176e-05
9.438438085143790188e-04
5.204590249450233947e-04
4.843507690851534550e-04
9.933850222058119271e-05
2.006552845804850205e-05
1.409925359483421380e-05
9.053522418858250646e-07
2.510656627007625259e-06
4.003870792685036538e-05
2.813361720576707211e-05
5.138135261259281753e-06
1.424870094458662080e-05
6.259040781179160322e-06
8.984941043618979554e-06
2.256208821200069833e-06
3.724442099054363853e-07
1.248927513989085984e-05
1.792853006276705393e-05
1.280463621189583850e-05
2.113728380216802545e-06
3.169392958098679429e-04
1.602948093752612100e-04
2.637996332792944551e-04
4.230645896177597409e-04
5.001385492848111182e-04
2.529494274730838743e-04
2.252704977550112702e-04
3.612740832918843732e-04
3.424193387220894960e-04
1.888185667437191956e-04
2.476647369878314723e-04
5.079509643743329269e-05
5.403467275268619219e-04
2.979606672247195396e-04
2.114921764070239174e-04
4.337624171698394564e-05
2.140289951406741610e-04
1.503897136546878755e-04
4.759180392460430298e-06
1.319781101614855203e-05
4.292501995551142933e-04
3.016171456343171692e-04
1.220308163126578867e-04
3.384069354446491763e-04
1.176421734554715804e-04
1.688769940465984398e-04
2.089907796196870620e-05
3.449920284930632653e-06
2.359396510676879677e-04
3.386946864237933550e-04
5.358762084163056069e-04
8.845989306281226087e-05
3.386309145719144053e-05
1.712655344966703471e-05
1.146704458518919031e-04
1.839009573764406548e-04
2.795380508774293507e-04
1.413788039884149880e-04
1.650794460542451855e-04
2.647436132912472776e-04
3.658548352051997166e-05
2.017414842208181173e-05
1.076568055047985643e-04
2.208000171631588338e-05
3.020112551349050435e-04
1.665365412708968702e-04
1.549826172269002744e-04
3.178634586381589612e-05
5.125627624187777824e-06
3.601575899543467232e-06
2.312671939008396705e-07
6.413332691010498520e-07
1.022766521279099149e-05
7.186576013669007014e-06
1.312508070095713431e-06
3.639751393692753984e-06
2.817328435507207170e-06
4.044314580863724075e-06
1.015567958515783228e-06
1.676451232530426883e-07
5.621690482716250945e-06
8.070015729017762719e-06
5.763641261864916176e-06
9.514344575657954151e-07
1.098836117163840405e-04
5.557459370424521080e-05
9.145996365050286590e-05
1.466775048443263421e-04
1.733992309586519136e-04
8.769817135268776224e-05
7.810182023411159173e-05
1.252545885488838811e-04
1.085482333145216552e-05
5.985620413117343030e-06
7.851066401408394056e-06
1.610223885105717745e-06
1.712919686990222796e-05
9.445466528019127856e-06
6.704382466977948934e-06
1.375043367519510977e-06
6.954509589364886912e-05
4.886658955091293999e-05
1.546415038538556306e-06
4.288405092501783735e-06
1.394775799924092088e-04
9.800538147889924505e-05
3.965184631580434668e-05
1.099596003854781586e-04
7.190156332719667766e-06
1.032157050935831702e-05
1.277327962774580537e-06
2.108552184600795651e-07
1.442036411292691184e-05
2.070063543470919618e-05
3.275214661820835879e-05
5.406568423678692298e-06
2.320612424108127090e-05
1.173669945866943316e-05
7.858280206292455434e-05
1.260259557319645305e-04
1.915653432579232109e-04
9.688584087363018434e-05
1.131277142734154280e-04
1.814268254224833958e-04
2.292410805487818113e-06
1.264092513861576234e-06
6.745670699830430433e-06
1.383511427183474980e-06
1.892373143741233159e-05
1.043501766223332025e-05
9.711060021783174924e-06
1.991701508723122924e-06
2.675064272879926319e-07
1.879661910956868852e-07
1.206983131146528813e-08
3.347117350245213040e-08
5.337816909797373298e-07
3.750672922040095859e-07
6.849977609787826291e-08
1.899585695512809502e-07
2.765706204718350447e-08
3.970210142756741815e-08
9.969595907885639669e-09
1.645733425070974907e-09
5.518683605752666326e-08
7.922147908857822788e-08
5.658033404557855339e-08
9.340012153034001864e-09
1.385771082074924436e-04
7.008657947299995884e-05
1.153425618386302474e-04
1.849788530147713703e-04
2.186783235126430619e-04
1.105984667896439124e-04
9.849625640008737341e-05
1.579618507227823138e-04
2.165291814861411380e-04
1.193995930807699739e-04
1.566110225640013624e-04
3.212032561056258500e-05
3.416887465140081470e-04
1.884156999718865149e-04
1.337372708534504101e-04
2.742900605431737438e-05
3.087780005868218276e-05
2.169660940593476952e-05
6.866033291657815263e-07
1.904038139790635238e-06
6.192759924093761085e-05
4.351407579634508855e-05
1.760529289325221526e-05
4.882171074187072483e-05
4.993316180807003975e-05
7.167975583672013269e-05
8.870603210246267027e-06
1.464316943086640301e-06
1.001444671384087067e-04
1.437587906103602621e-04
2.274523892069586035e-04
3.754675746025616868e-05
2.926585265811153098e-05
1.480145988539931646e-05
9.910283521467242146e-05
1.589346421329642940e-04
2.415880847635123085e-04
1.221852780847123990e-04
1.426683311301816073e-04
2.288021336903747521e-04
4.572841217083701833e-05
2.521578739619967580e-05
1.345608777415194810e-04
2.759792469737820507e-05
3.774856534913570514e-04
2.081550076130563324e-04
1.937136896357201734e-04
3.972994163792031218e-05
1.187719977961145696e-07
8.345638742551088279e-08
5.358966483379058226e-09
1.486109393994757266e-08
2.369973628947545494e-07
1.665286776645940029e-07
3.041368141398944189e-08
8.434099708493443184e-08
1.920687799308925077e-07
2.757174340816136817e-07
6.923541333366658045e-08
1.142905238834147438e-08
3.832535882420223398e-07
5.501659144744000294e-07
3.929309523071089187e-07
6.486317077759298553e-08
3.522398663045475610e-05
1.781483803684812689e-05
2.931815296681626595e-05
4.701853523854149951e-05
5.558437784865780687e-05
2.811228323305842391e-05
2.503610346228121828e-05
4.015126444730026208e-05
4.199763190158203576e-05
2.315854207265735475e-05
3.037600766894444731e-05
6.230003744958074404e-06
6.627336834008565336e-05
3.654478882517127423e-05
2.593945367675477379e-05
5.320083379935633499e-06
3.670513794290678833e-04
2.579124936442096089e-04
8.161808762668898274e-06
2.263373117150548419e-05
7.361473512658900029e-04
5.172616415442626804e-04
2.092780907137196825e-04
5.803546962488940900e-04
1.144943457351651795e-04
1.643582430955790408e-04
2.033986781644695472e-05
3.357608536628375088e-06
2.296264612299347247e-04
3.296320136481255486e-04
5.215374221293963023e-04
8.609291449263259551e-05
1.712089618076660883e-05
8.659042365248336364e-06
5.797641957511019879e-05
9.297878791621594482e-05
1.413321035291933644e-04
7.147994235276950499e-05
8.346278900867974292e-05
1.338521594642499426e-04
2.041327982458851462e-05
1.125639180719740776e-05
6.006831902489832424e-05
1.231978397414781050e-05
1.685105585057029192e-04
9.292092630333057348e-05
8.647428512528358485e-05
1.773554727943646247e-05
2.001272052267278679e-04
1.406214754630733530e-04
9.029695594271136970e-06
2.504049146263382115e-05
3.993333509776446594e-04
2.805957588448349167e-04
5.124612850653673465e-05
1.421120158441563201e-04
6.242568400609793645e-05
8.961294709709657165e-05
2.250270989566423109e-05
3.714640209306547615e-06
1.245640619074478048e-04
1.788134622412978613e-04
1.277093730369110059e-04
2.108165524898156589e-05
1.243843108078950530e-05
6.290844856986647755e-06
1.035294014046928244e-05
1.660336793276600775e-05
1.962817157219000068e-05
9.927118732656553001e-06
8.840846174346847407e-06
1.417837057667116482e-05
1.343840729670611477e-05
7.410273072052685192e-06
9.719718579841330760e-06
1.993477346078582888e-06
2.120616035603546030e-05
1.169360591462933892e-05
8.300109500915467810e-06
1.702320918463948170e-06
9.376123304358933497e-05
6.588231178709186232e-05
2.084888645955065155e-06
5.781660720955236194e-06
1.880447458440911903e-04
1.321316089120258487e-04
5.345892410171000501e-05
1.482483787625967745e-04
5.153635951924643438e-05
7.398116869210513398e-05
9.155410545661629368e-06
1.511331581987673595e-06
1.033597928796544128e-04
1.483744359194615514e-04
2.347551743015580887e-04
3.875226645353303627e-05
6.045797411292859760e-06
3.057714699240089822e-06
2.047285864492259550e-05
3.283303101390782735e-05
4.990774178102118489e-05
2.524127509874231695e-05
2.947270448931394639e-05
4.726639485694764635e-05
6.531843728410800914e-06
3.601821601534785136e-06
1.922066793139011402e-05
3.942085954751045901e-06
5.392002873642401248e-05
2.973284915153347771e-05
2.767005213361282018e-05
5.675022547213600142e-06
5.112138130855769347e-05
3.592097365860616855e-05
2.306585509211359203e-06
6.396454249009934883e-06
1.020074830976844564e-04
7.167662570023806414e-05
1.309053845528908442e-05
3.630172390738326682e-05
2.809913863881771778e-05
4.033670859046388735e-05
1.012895213203589337e-05
1.672039191824243115e-06
5.606895464068513223e-05
8.048777271730682458e-05
5.748472660852404776e-05
9.489304971316407745e-06
